2025-10-19 11:23:57 | INFO | EM | ================================================================================
2025-10-19 11:23:57 | INFO | EM | RUN START | run_id=20251019_112357 | run_name=LMI_B_013
2025-10-19 11:23:57 | INFO | EM | COMMAND: /root/miniconda3/bin/python /root/hyperparameter-tuning/main.py --task_type=LMI --epochs=50 --seed=0 --run_name=LMI_B_013 --dimensions=96 --hidden1=96 --hidden2=24 --lr=0.0003 --weight_decay=0.0001 --dropout=0.2 --batch=64 --moco_queue=1024 --moco_momentum=0.99 --moco_t=0.2 --loss_ratio1=0.4 --loss_ratio2=0.5 --loss_ratio3=0.6 --feature_type=one_hot --augment=random_permute_features,attribute_mask,noise_then_mask --augment_mode=online --proj_dim=32 --similarity_threshold=0.5 --noise_std=0.02 --mask_rate=0.05
2025-10-19 11:23:57 | INFO | EM | ================================================================================
2025-10-19 11:23:57 | INFO | EM.result | Result directory: /root/OUTPUT/result/LMI_B_013_data_20251019_112357
2025-10-19 11:23:57 | INFO | EM | Initialized logging and result directory.
2025-10-19 11:23:57 | INFO | EM | Using CUDA: True
2025-10-19 11:23:57 | INFO | EM | CUDA device count: 1
2025-10-19 11:23:57 | INFO | EM | Current CUDA device: 0
2025-10-19 11:23:57 | INFO | EM | CUDA device name: NVIDIA GeForce RTX 4090
2025-10-19 11:23:57 | INFO | EM | === Augmentation Config ===
2025-10-19 11:23:57 | INFO | EM | [AUG CONFIG] Multiple augmentations detected: random_permute_features, attribute_mask, noise_then_mask
2025-10-19 11:23:57 | INFO | EM | augment=random_permute_features,attribute_mask,noise_then_mask | mode=online | noise_std=0.02 | mask_rate=0.05 | augment_seed=None (None means seed+fold for static)
2025-10-19 11:23:57 | INFO | EM | ===========================
2025-10-19 11:23:57 | INFO | EM | Loading dataset1/LDA.edgelist seed0 dataset...
2025-10-19 11:23:57 | INFO | EM | Selected cross_validation type: 5_cv1
2025-10-19 11:23:57 | INFO | EM | Selected task_type: LMI
2025-10-19 11:23:57 | INFO | EM | Selected feature_type: one_hot
2025-10-19 11:23:57 | INFO | EM | Selected embed_dim: N/A
2025-10-19 11:23:57 | INFO | EM | Selected learning_rate: N/A
2025-10-19 11:23:57 | INFO | EM | Selected epochs: 50
2025-10-19 11:23:57 | INFO | EM | Selected task type...
2025-10-19 11:24:06 | INFO | EM.print | [AUG][static][fold=1] start name=random_permute_features noise_std=0.02 mask_rate=0.05 seed=0
2025-10-19 11:24:06 | INFO | EM.print | [AUG][static][fold=1] done name=random_permute_features shape=(1140, 1140)
2025-10-19 11:24:06 | INFO | EM.augment | [AUGMENT][fold=1] name=random_permute_features noise_std=0.02 mask_rate=0.05 seed=0 masked_cols=0 shape=(1140, 1140) mean=0.0009 std=0.0296
2025-10-19 11:24:14 | INFO | EM.print | [AUG][static][fold=2] start name=random_permute_features noise_std=0.02 mask_rate=0.05 seed=1
2025-10-19 11:24:14 | INFO | EM.print | [AUG][static][fold=2] done name=random_permute_features shape=(1140, 1140)
2025-10-19 11:24:14 | INFO | EM.augment | [AUGMENT][fold=2] name=random_permute_features noise_std=0.02 mask_rate=0.05 seed=1 masked_cols=0 shape=(1140, 1140) mean=0.0009 std=0.0296
2025-10-19 11:24:23 | INFO | EM.print | [AUG][static][fold=3] start name=random_permute_features noise_std=0.02 mask_rate=0.05 seed=2
2025-10-19 11:24:23 | INFO | EM.print | [AUG][static][fold=3] done name=random_permute_features shape=(1140, 1140)
2025-10-19 11:24:23 | INFO | EM.augment | [AUGMENT][fold=3] name=random_permute_features noise_std=0.02 mask_rate=0.05 seed=2 masked_cols=0 shape=(1140, 1140) mean=0.0009 std=0.0296
2025-10-19 11:24:31 | INFO | EM.print | [AUG][static][fold=4] start name=random_permute_features noise_std=0.02 mask_rate=0.05 seed=3
2025-10-19 11:24:31 | INFO | EM.print | [AUG][static][fold=4] done name=random_permute_features shape=(1140, 1140)
2025-10-19 11:24:31 | INFO | EM.augment | [AUGMENT][fold=4] name=random_permute_features noise_std=0.02 mask_rate=0.05 seed=3 masked_cols=0 shape=(1140, 1140) mean=0.0009 std=0.0296
2025-10-19 11:24:39 | INFO | EM.print | [AUG][static][fold=5] start name=random_permute_features noise_std=0.02 mask_rate=0.05 seed=4
2025-10-19 11:24:39 | INFO | EM.print | [AUG][static][fold=5] done name=random_permute_features shape=(1140, 1140)
2025-10-19 11:24:39 | INFO | EM.augment | [AUGMENT][fold=5] name=random_permute_features noise_std=0.02 mask_rate=0.05 seed=4 masked_cols=0 shape=(1140, 1140) mean=0.0009 std=0.0296
2025-10-19 11:24:39 | INFO | EM | [DATALOADER] os=linux workers=8 prefetch_factor=4
2025-10-19 11:24:39 | INFO | EM.fold_stats | Saved fold stats to /root/OUTPUT/result/metrics/fold_stats.json
2025-10-19 11:24:39 | INFO | EM | Loading finished!
2025-10-19 11:24:39 | INFO | EM | Starting 5-fold cross validation...
2025-10-19 11:24:39 | INFO | EM | === Fold 1/5 ===
2025-10-19 11:24:39 | INFO | EM.result.save | Saved result text: /root/OUTPUT/result/LMI_B_013_data_20251019_112357/metrics/adv_config_fold_1_20251019_112357.json.txt
2025-10-19 11:24:39 | INFO | EM.print | [SAVE] adv config saved: metrics/adv_config_fold_1_20251019_112357.json
2025-10-19 11:24:39 | INFO | EM.print | Start Training...
2025-10-19 11:24:39 | INFO | EM.print | -------- Epoch 1 --------
2025-10-19 11:24:39 | INFO | EM.print | [AUG][online][epoch=1][iter=0] start name=random_permute_features noise_std=0.02 mask_rate=0.05 seed=0
2025-10-19 11:24:39 | INFO | EM.print | [AUG][online][epoch=1][iter=0] done name=random_permute_features shape=(1140, 1140)
2025-10-19 11:24:39 | INFO | EM.print | [ONLINE-AUG] mode=online name=random_permute_features noise_std=0.02 mask_rate=0.05 base_seed=0
2025-10-19 11:24:40 | INFO | EM.print | epoch: 1/ iteration: 1/ loss_train: 2.3380275 | task_loss:0.6977 cont_loss:3.2852 adv_loss:0.6939
2025-10-19 11:24:41 | INFO | EM.print | epoch: 0001 loss_train: 3.9359 task_loss: 0.4393 cont_loss: 6.9283 adv_loss: 0.4933 auroc_train: 0.8117 auprc_train: 0.8062 precision_train: 0.7196 recall_train: 0.7307 f1_train: 0.7251 cm_train: (tn=1531, fp=611, fn=578, tp=1568)
2025-10-19 11:24:41 | INFO | EM.print | -------- Epoch 2 --------
2025-10-19 11:24:41 | INFO | EM.print | [AUG][online][epoch=2][iter=0] start name=random_permute_features noise_std=0.02 mask_rate=0.05 seed=1000
2025-10-19 11:24:41 | INFO | EM.print | [AUG][online][epoch=2][iter=0] done name=random_permute_features shape=(1140, 1140)
2025-10-19 11:24:41 | INFO | EM.print | [ONLINE-AUG] mode=online name=random_permute_features noise_std=0.02 mask_rate=0.05 base_seed=0
2025-10-19 11:24:41 | INFO | EM.print | epoch: 2/ iteration: 1/ loss_train: 3.931667 | task_loss:0.4262 cont_loss:6.9273 adv_loss:0.4959
2025-10-19 11:24:43 | INFO | EM.print | epoch: 0002 loss_train: 3.6854 task_loss: 0.3110 cont_loss: 6.9343 adv_loss: 0.1564 auroc_train: 0.9148 auprc_train: 0.9042 precision_train: 0.8430 recall_train: 0.8438 f1_train: 0.8434 cm_train: (tn=1806, fp=337, fn=335, tp=1810)
2025-10-19 11:24:43 | INFO | EM.print | -------- Epoch 3 --------
2025-10-19 11:24:43 | INFO | EM.print | [AUG][online][epoch=3][iter=0] start name=random_permute_features noise_std=0.02 mask_rate=0.05 seed=2000
2025-10-19 11:24:43 | INFO | EM.print | [AUG][online][epoch=3][iter=0] done name=random_permute_features shape=(1140, 1140)
2025-10-19 11:24:43 | INFO | EM.print | [ONLINE-AUG] mode=online name=random_permute_features noise_std=0.02 mask_rate=0.05 base_seed=0
2025-10-19 11:24:43 | INFO | EM.print | epoch: 3/ iteration: 1/ loss_train: 3.7216196 | task_loss:0.4060 cont_loss:6.9279 adv_loss:0.1587
2025-10-19 11:24:44 | INFO | EM.print | epoch: 0003 loss_train: 3.6668 task_loss: 0.4072 cont_loss: 6.9285 adv_loss: 0.0661 auroc_train: 0.9270 auprc_train: 0.9206 precision_train: 0.8487 recall_train: 0.8546 f1_train: 0.8516 cm_train: (tn=1815, fp=327, fn=312, tp=1834)
2025-10-19 11:24:44 | INFO | EM.print | -------- Epoch 4 --------
2025-10-19 11:24:44 | INFO | EM.print | [AUG][online][epoch=4][iter=0] start name=random_permute_features noise_std=0.02 mask_rate=0.05 seed=3000
2025-10-19 11:24:44 | INFO | EM.print | [AUG][online][epoch=4][iter=0] done name=random_permute_features shape=(1140, 1140)
2025-10-19 11:24:44 | INFO | EM.print | [ONLINE-AUG] mode=online name=random_permute_features noise_std=0.02 mask_rate=0.05 base_seed=0
2025-10-19 11:24:44 | INFO | EM.print | epoch: 4/ iteration: 1/ loss_train: 3.6043525 | task_loss:0.2611 cont_loss:6.9287 adv_loss:0.0593
2025-10-19 11:24:46 | INFO | EM.print | epoch: 0004 loss_train: 3.6658 task_loss: 0.4322 cont_loss: 6.9263 adv_loss: 0.0497 auroc_train: 0.9361 auprc_train: 0.9330 precision_train: 0.8545 recall_train: 0.8677 f1_train: 0.8610 cm_train: (tn=1825, fp=317, fn=284, tp=1862)
2025-10-19 11:24:46 | INFO | EM.print | -------- Epoch 5 --------
2025-10-19 11:24:46 | INFO | EM.print | [AUG][online][epoch=5][iter=0] start name=random_permute_features noise_std=0.02 mask_rate=0.05 seed=4000
2025-10-19 11:24:46 | INFO | EM.print | [AUG][online][epoch=5][iter=0] done name=random_permute_features shape=(1140, 1140)
2025-10-19 11:24:46 | INFO | EM.print | [ONLINE-AUG] mode=online name=random_permute_features noise_std=0.02 mask_rate=0.05 base_seed=0
2025-10-19 11:24:46 | INFO | EM.print | epoch: 5/ iteration: 1/ loss_train: 3.5886486 | task_loss:0.2662 cont_loss:6.9095 adv_loss:0.0457
2025-10-19 11:24:47 | INFO | EM.print | epoch: 0005 loss_train: 3.6253 task_loss: 0.3618 cont_loss: 6.9169 adv_loss: 0.0368 auroc_train: 0.9380 auprc_train: 0.9351 precision_train: 0.8599 recall_train: 0.8667 f1_train: 0.8632 cm_train: (tn=1840, fp=303, fn=286, tp=1859)
2025-10-19 11:24:47 | INFO | EM.print | -------- Epoch 6 --------
2025-10-19 11:24:47 | INFO | EM.print | [AUG][online][epoch=6][iter=0] start name=random_permute_features noise_std=0.02 mask_rate=0.05 seed=5000
2025-10-19 11:24:47 | INFO | EM.print | [AUG][online][epoch=6][iter=0] done name=random_permute_features shape=(1140, 1140)
2025-10-19 11:24:47 | INFO | EM.print | [ONLINE-AUG] mode=online name=random_permute_features noise_std=0.02 mask_rate=0.05 base_seed=0
2025-10-19 11:24:47 | INFO | EM.print | epoch: 6/ iteration: 1/ loss_train: 3.5465653 | task_loss:0.2103 cont_loss:6.8883 adv_loss:0.0305
2025-10-19 11:24:49 | INFO | EM.print | epoch: 0006 loss_train: 3.5633 task_loss: 0.2140 cont_loss: 6.9232 adv_loss: 0.0268 auroc_train: 0.9436 auprc_train: 0.9423 precision_train: 0.8631 recall_train: 0.8619 f1_train: 0.8625 cm_train: (tn=1851, fp=293, fn=296, tp=1848)
2025-10-19 11:24:49 | INFO | EM.print | -------- Epoch 7 --------
2025-10-19 11:24:49 | INFO | EM.print | [AUG][online][epoch=7][iter=0] start name=random_permute_features noise_std=0.02 mask_rate=0.05 seed=6000
2025-10-19 11:24:49 | INFO | EM.print | [AUG][online][epoch=7][iter=0] done name=random_permute_features shape=(1140, 1140)
2025-10-19 11:24:49 | INFO | EM.print | [ONLINE-AUG] mode=online name=random_permute_features noise_std=0.02 mask_rate=0.05 base_seed=0
2025-10-19 11:24:49 | INFO | EM.print | epoch: 7/ iteration: 1/ loss_train: 3.5635364 | task_loss:0.2339 cont_loss:6.9138 adv_loss:0.0217
2025-10-19 11:24:50 | INFO | EM.print | epoch: 0007 loss_train: 3.5371 task_loss: 0.1847 cont_loss: 6.9054 adv_loss: 0.0175 auroc_train: 0.9477 auprc_train: 0.9472 precision_train: 0.8739 recall_train: 0.8735 f1_train: 0.8737 cm_train: (tn=1875, fp=270, fn=271, tp=1872)
2025-10-19 11:24:50 | INFO | EM.print | -------- Epoch 8 --------
2025-10-19 11:24:50 | INFO | EM.print | [AUG][online][epoch=8][iter=0] start name=random_permute_features noise_std=0.02 mask_rate=0.05 seed=7000
2025-10-19 11:24:50 | INFO | EM.print | [AUG][online][epoch=8][iter=0] done name=random_permute_features shape=(1140, 1140)
2025-10-19 11:24:50 | INFO | EM.print | [ONLINE-AUG] mode=online name=random_permute_features noise_std=0.02 mask_rate=0.05 base_seed=0
2025-10-19 11:24:50 | INFO | EM.print | epoch: 8/ iteration: 1/ loss_train: 3.555383 | task_loss:0.2136 cont_loss:6.9131 adv_loss:0.0224
2025-10-19 11:24:52 | INFO | EM.print | epoch: 0008 loss_train: 3.5608 task_loss: 0.2395 cont_loss: 6.9113 adv_loss: 0.0156 auroc_train: 0.9477 auprc_train: 0.9451 precision_train: 0.8695 recall_train: 0.8764 f1_train: 0.8729 cm_train: (tn=1862, fp=282, fn=265, tp=1879)
2025-10-19 11:24:52 | INFO | EM.print | -------- Epoch 9 --------
2025-10-19 11:24:52 | INFO | EM.print | [AUG][online][epoch=9][iter=0] start name=random_permute_features noise_std=0.02 mask_rate=0.05 seed=8000
2025-10-19 11:24:52 | INFO | EM.print | [AUG][online][epoch=9][iter=0] done name=random_permute_features shape=(1140, 1140)
2025-10-19 11:24:52 | INFO | EM.print | [ONLINE-AUG] mode=online name=random_permute_features noise_std=0.02 mask_rate=0.05 base_seed=0
2025-10-19 11:24:52 | INFO | EM.print | epoch: 9/ iteration: 1/ loss_train: 3.597626 | task_loss:0.3091 cont_loss:6.9233 adv_loss:0.0206
2025-10-19 11:24:53 | INFO | EM.print | epoch: 0009 loss_train: 3.6155 task_loss: 0.3970 cont_loss: 6.8911 adv_loss: 0.0186 auroc_train: 0.9519 auprc_train: 0.9503 precision_train: 0.8771 recall_train: 0.8829 f1_train: 0.8800 cm_train: (tn=1880, fp=265, fn=251, tp=1892)
2025-10-19 11:24:53 | INFO | EM.print | -------- Epoch 10 --------
2025-10-19 11:24:53 | INFO | EM.print | [AUG][online][epoch=10][iter=0] start name=random_permute_features noise_std=0.02 mask_rate=0.05 seed=9000
2025-10-19 11:24:53 | INFO | EM.print | [AUG][online][epoch=10][iter=0] done name=random_permute_features shape=(1140, 1140)
2025-10-19 11:24:53 | INFO | EM.print | [ONLINE-AUG] mode=online name=random_permute_features noise_std=0.02 mask_rate=0.05 base_seed=0
2025-10-19 11:24:53 | INFO | EM.print | epoch: 10/ iteration: 1/ loss_train: 3.6034086 | task_loss:0.2619 cont_loss:6.9593 adv_loss:0.0317
2025-10-19 11:24:55 | INFO | EM.print | epoch: 0010 loss_train: 3.6399 task_loss: 0.3846 cont_loss: 6.9138 adv_loss: 0.0486 auroc_train: 0.9511 auprc_train: 0.9498 precision_train: 0.8724 recall_train: 0.8797 f1_train: 0.8760 cm_train: (tn=1867, fp=276, fn=258, tp=1887)
2025-10-19 11:24:55 | INFO | EM.print | -------- Epoch 11 --------
2025-10-19 11:24:55 | INFO | EM.print | [AUG][online][epoch=11][iter=0] start name=random_permute_features noise_std=0.02 mask_rate=0.05 seed=10000
2025-10-19 11:24:55 | INFO | EM.print | [AUG][online][epoch=11][iter=0] done name=random_permute_features shape=(1140, 1140)
2025-10-19 11:24:55 | INFO | EM.print | [ONLINE-AUG] mode=online name=random_permute_features noise_std=0.02 mask_rate=0.05 base_seed=0
2025-10-19 11:24:55 | INFO | EM.print | epoch: 11/ iteration: 1/ loss_train: 3.5875337 | task_loss:0.2870 cont_loss:6.9215 adv_loss:0.0200
2025-10-19 11:24:56 | INFO | EM.print | epoch: 0011 loss_train: 3.5936 task_loss: 0.3095 cont_loss: 6.9229 adv_loss: 0.0139 auroc_train: 0.9522 auprc_train: 0.9511 precision_train: 0.8734 recall_train: 0.8820 f1_train: 0.8777 cm_train: (tn=1870, fp=274, fn=253, tp=1891)
2025-10-19 11:24:56 | INFO | EM.print | -------- Epoch 12 --------
2025-10-19 11:24:56 | INFO | EM.print | [AUG][online][epoch=12][iter=0] start name=random_permute_features noise_std=0.02 mask_rate=0.05 seed=11000
2025-10-19 11:24:56 | INFO | EM.print | [AUG][online][epoch=12][iter=0] done name=random_permute_features shape=(1140, 1140)
2025-10-19 11:24:56 | INFO | EM.print | [ONLINE-AUG] mode=online name=random_permute_features noise_std=0.02 mask_rate=0.05 base_seed=0
2025-10-19 11:24:56 | INFO | EM.print | epoch: 12/ iteration: 1/ loss_train: 3.5978906 | task_loss:0.3722 cont_loss:6.8847 adv_loss:0.0111
2025-10-19 11:24:58 | INFO | EM.print | epoch: 0012 loss_train: 3.5524 task_loss: 0.2215 cont_loss: 6.9063 adv_loss: 0.0179 auroc_train: 0.9539 auprc_train: 0.9538 precision_train: 0.8758 recall_train: 0.8876 f1_train: 0.8817 cm_train: (tn=1873, fp=270, fn=241, tp=1904)
2025-10-19 11:24:58 | INFO | EM.print | -------- Epoch 13 --------
2025-10-19 11:24:58 | INFO | EM.print | [AUG][online][epoch=13][iter=0] start name=random_permute_features noise_std=0.02 mask_rate=0.05 seed=12000
2025-10-19 11:24:58 | INFO | EM.print | [AUG][online][epoch=13][iter=0] done name=random_permute_features shape=(1140, 1140)
2025-10-19 11:24:58 | INFO | EM.print | [ONLINE-AUG] mode=online name=random_permute_features noise_std=0.02 mask_rate=0.05 base_seed=0
2025-10-19 11:24:58 | INFO | EM.print | epoch: 13/ iteration: 1/ loss_train: 3.550648 | task_loss:0.2511 cont_loss:6.8924 adv_loss:0.0067
2025-10-19 11:24:59 | INFO | EM.print | epoch: 0013 loss_train: 3.6129 task_loss: 0.3659 cont_loss: 6.9142 adv_loss: 0.0158 auroc_train: 0.9551 auprc_train: 0.9532 precision_train: 0.8769 recall_train: 0.8801 f1_train: 0.8785 cm_train: (tn=1879, fp=265, fn=257, tp=1887)
2025-10-19 11:24:59 | INFO | EM.print | -------- Epoch 14 --------
2025-10-19 11:24:59 | INFO | EM.print | [AUG][online][epoch=14][iter=0] start name=random_permute_features noise_std=0.02 mask_rate=0.05 seed=13000
2025-10-19 11:24:59 | INFO | EM.print | [AUG][online][epoch=14][iter=0] done name=random_permute_features shape=(1140, 1140)
2025-10-19 11:24:59 | INFO | EM.print | [ONLINE-AUG] mode=online name=random_permute_features noise_std=0.02 mask_rate=0.05 base_seed=0
2025-10-19 11:24:59 | INFO | EM.print | epoch: 14/ iteration: 1/ loss_train: 3.5915258 | task_loss:0.3215 cont_loss:6.9091 adv_loss:0.0140
2025-10-19 11:25:01 | INFO | EM.print | epoch: 0014 loss_train: 3.5745 task_loss: 0.3013 cont_loss: 6.8960 adv_loss: 0.0100 auroc_train: 0.9560 auprc_train: 0.9555 precision_train: 0.8834 recall_train: 0.8839 f1_train: 0.8837 cm_train: (tn=1894, fp=250, fn=249, tp=1895)
2025-10-19 11:25:01 | INFO | EM.print | -------- Epoch 15 --------
2025-10-19 11:25:01 | INFO | EM.print | [AUG][online][epoch=15][iter=0] start name=random_permute_features noise_std=0.02 mask_rate=0.05 seed=14000
2025-10-19 11:25:01 | INFO | EM.print | [AUG][online][epoch=15][iter=0] done name=random_permute_features shape=(1140, 1140)
2025-10-19 11:25:01 | INFO | EM.print | [ONLINE-AUG] mode=online name=random_permute_features noise_std=0.02 mask_rate=0.05 base_seed=0
2025-10-19 11:25:01 | INFO | EM.print | epoch: 15/ iteration: 1/ loss_train: 3.5060666 | task_loss:0.1709 cont_loss:6.8624 adv_loss:0.0109
2025-10-19 11:25:02 | INFO | EM.print | epoch: 0015 loss_train: 3.5637 task_loss: 0.2580 cont_loss: 6.9105 adv_loss: 0.0087 auroc_train: 0.9574 auprc_train: 0.9570 precision_train: 0.8788 recall_train: 0.8882 f1_train: 0.8835 cm_train: (tn=1878, fp=263, fn=240, tp=1907)
2025-10-19 11:25:02 | INFO | EM.print | -------- Epoch 16 --------
2025-10-19 11:25:03 | INFO | EM.print | [AUG][online][epoch=16][iter=0] start name=random_permute_features noise_std=0.02 mask_rate=0.05 seed=15000
2025-10-19 11:25:03 | INFO | EM.print | [AUG][online][epoch=16][iter=0] done name=random_permute_features shape=(1140, 1140)
2025-10-19 11:25:03 | INFO | EM.print | [ONLINE-AUG] mode=online name=random_permute_features noise_std=0.02 mask_rate=0.05 base_seed=0
2025-10-19 11:25:03 | INFO | EM.print | epoch: 16/ iteration: 1/ loss_train: 3.5184302 | task_loss:0.1569 cont_loss:6.9031 adv_loss:0.0068
2025-10-19 11:25:04 | INFO | EM.print | epoch: 0016 loss_train: 3.5807 task_loss: 0.2777 cont_loss: 6.9292 adv_loss: 0.0083 auroc_train: 0.9589 auprc_train: 0.9583 precision_train: 0.8813 recall_train: 0.8904 f1_train: 0.8858 cm_train: (tn=1887, fp=257, fn=235, tp=1909)
2025-10-19 11:25:04 | INFO | EM.print | -------- Epoch 17 --------
2025-10-19 11:25:04 | INFO | EM.print | [AUG][online][epoch=17][iter=0] start name=random_permute_features noise_std=0.02 mask_rate=0.05 seed=16000
2025-10-19 11:25:04 | INFO | EM.print | [AUG][online][epoch=17][iter=0] done name=random_permute_features shape=(1140, 1140)
2025-10-19 11:25:04 | INFO | EM.print | [ONLINE-AUG] mode=online name=random_permute_features noise_std=0.02 mask_rate=0.05 base_seed=0
2025-10-19 11:25:04 | INFO | EM.print | epoch: 17/ iteration: 1/ loss_train: 3.5510035 | task_loss:0.2433 cont_loss:6.8924 adv_loss:0.0124
2025-10-19 11:25:06 | INFO | EM.print | epoch: 0017 loss_train: 3.5506 task_loss: 0.2077 cont_loss: 6.9130 adv_loss: 0.0183 auroc_train: 0.9580 auprc_train: 0.9571 precision_train: 0.8816 recall_train: 0.8886 f1_train: 0.8851 cm_train: (tn=1887, fp=256, fn=239, tp=1906)
2025-10-19 11:25:06 | INFO | EM.print | -------- Epoch 18 --------
2025-10-19 11:25:06 | INFO | EM.print | [AUG][online][epoch=18][iter=0] start name=random_permute_features noise_std=0.02 mask_rate=0.05 seed=17000
2025-10-19 11:25:06 | INFO | EM.print | [AUG][online][epoch=18][iter=0] done name=random_permute_features shape=(1140, 1140)
2025-10-19 11:25:06 | INFO | EM.print | [ONLINE-AUG] mode=online name=random_permute_features noise_std=0.02 mask_rate=0.05 base_seed=0
2025-10-19 11:25:06 | INFO | EM.print | epoch: 18/ iteration: 1/ loss_train: 3.555722 | task_loss:0.2797 cont_loss:6.8803 adv_loss:0.0062
2025-10-19 11:25:07 | INFO | EM.print | epoch: 0018 loss_train: 3.5371 task_loss: 0.2078 cont_loss: 6.8995 adv_loss: 0.0070 auroc_train: 0.9602 auprc_train: 0.9587 precision_train: 0.8844 recall_train: 0.8881 f1_train: 0.8863 cm_train: (tn=1894, fp=249, fn=240, tp=1905)
2025-10-19 11:25:07 | INFO | EM.print | -------- Epoch 19 --------
2025-10-19 11:25:07 | INFO | EM.print | [AUG][online][epoch=19][iter=0] start name=random_permute_features noise_std=0.02 mask_rate=0.05 seed=18000
2025-10-19 11:25:07 | INFO | EM.print | [AUG][online][epoch=19][iter=0] done name=random_permute_features shape=(1140, 1140)
2025-10-19 11:25:07 | INFO | EM.print | [ONLINE-AUG] mode=online name=random_permute_features noise_std=0.02 mask_rate=0.05 base_seed=0
2025-10-19 11:25:07 | INFO | EM.print | epoch: 19/ iteration: 1/ loss_train: 3.5183215 | task_loss:0.1183 cont_loss:6.9308 adv_loss:0.0094
2025-10-19 11:25:09 | INFO | EM.print | epoch: 0019 loss_train: 3.5524 task_loss: 0.2318 cont_loss: 6.9115 adv_loss: 0.0065 auroc_train: 0.9579 auprc_train: 0.9578 precision_train: 0.8743 recall_train: 0.8885 f1_train: 0.8813 cm_train: (tn=1870, fp=274, fn=239, tp=1905)
2025-10-19 11:25:09 | INFO | EM.print | -------- Epoch 20 --------
2025-10-19 11:25:09 | INFO | EM.print | [AUG][online][epoch=20][iter=0] start name=random_permute_features noise_std=0.02 mask_rate=0.05 seed=19000
2025-10-19 11:25:09 | INFO | EM.print | [AUG][online][epoch=20][iter=0] done name=random_permute_features shape=(1140, 1140)
2025-10-19 11:25:09 | INFO | EM.print | [ONLINE-AUG] mode=online name=random_permute_features noise_std=0.02 mask_rate=0.05 base_seed=0
2025-10-19 11:25:09 | INFO | EM.print | epoch: 20/ iteration: 1/ loss_train: 3.5752766 | task_loss:0.2775 cont_loss:6.9185 adv_loss:0.0084
2025-10-19 11:25:10 | INFO | EM.print | epoch: 0020 loss_train: 3.5195 task_loss: 0.1519 cont_loss: 6.9130 adv_loss: 0.0037 auroc_train: 0.9582 auprc_train: 0.9578 precision_train: 0.8794 recall_train: 0.8864 f1_train: 0.8829 cm_train: (tn=1889, fp=260, fn=243, tp=1896)
2025-10-19 11:25:10 | INFO | EM.print | -------- Epoch 21 --------
2025-10-19 11:25:10 | INFO | EM.print | [AUG][online][epoch=21][iter=0] start name=random_permute_features noise_std=0.02 mask_rate=0.05 seed=20000
2025-10-19 11:25:10 | INFO | EM.print | [AUG][online][epoch=21][iter=0] done name=random_permute_features shape=(1140, 1140)
2025-10-19 11:25:10 | INFO | EM.print | [ONLINE-AUG] mode=online name=random_permute_features noise_std=0.02 mask_rate=0.05 base_seed=0
2025-10-19 11:25:10 | INFO | EM.print | epoch: 21/ iteration: 1/ loss_train: 3.5701282 | task_loss:0.2630 cont_loss:6.9237 adv_loss:0.0051
2025-10-19 11:25:12 | INFO | EM.print | epoch: 0021 loss_train: 3.5451 task_loss: 0.2166 cont_loss: 6.9089 adv_loss: 0.0067 auroc_train: 0.9610 auprc_train: 0.9609 precision_train: 0.8884 recall_train: 0.8926 f1_train: 0.8905 cm_train: (tn=1907, fp=240, fn=230, tp=1911)
2025-10-19 11:25:12 | INFO | EM.print | -------- Epoch 22 --------
2025-10-19 11:25:12 | INFO | EM.print | [AUG][online][epoch=22][iter=0] start name=random_permute_features noise_std=0.02 mask_rate=0.05 seed=21000
2025-10-19 11:25:12 | INFO | EM.print | [AUG][online][epoch=22][iter=0] done name=random_permute_features shape=(1140, 1140)
2025-10-19 11:25:12 | INFO | EM.print | [ONLINE-AUG] mode=online name=random_permute_features noise_std=0.02 mask_rate=0.05 base_seed=0
2025-10-19 11:25:12 | INFO | EM.print | epoch: 22/ iteration: 1/ loss_train: 3.5221224 | task_loss:0.1301 cont_loss:6.9318 adv_loss:0.0070
2025-10-19 11:25:13 | INFO | EM.print | epoch: 0022 loss_train: 3.6006 task_loss: 0.3852 cont_loss: 6.8878 adv_loss: 0.0044 auroc_train: 0.9616 auprc_train: 0.9614 precision_train: 0.8813 recall_train: 0.8928 f1_train: 0.8870 cm_train: (tn=1885, fp=258, fn=230, tp=1915)
2025-10-19 11:25:13 | INFO | EM.print | -------- Epoch 23 --------
2025-10-19 11:25:13 | INFO | EM.print | [AUG][online][epoch=23][iter=0] start name=random_permute_features noise_std=0.02 mask_rate=0.05 seed=22000
2025-10-19 11:25:13 | INFO | EM.print | [AUG][online][epoch=23][iter=0] done name=random_permute_features shape=(1140, 1140)
2025-10-19 11:25:13 | INFO | EM.print | [ONLINE-AUG] mode=online name=random_permute_features noise_std=0.02 mask_rate=0.05 base_seed=0
2025-10-19 11:25:13 | INFO | EM.print | epoch: 23/ iteration: 1/ loss_train: 3.5453818 | task_loss:0.2105 cont_loss:6.9156 adv_loss:0.0056
2025-10-19 11:25:15 | INFO | EM.print | epoch: 0023 loss_train: 3.5516 task_loss: 0.2374 cont_loss: 6.9097 adv_loss: 0.0029 auroc_train: 0.9585 auprc_train: 0.9582 precision_train: 0.8863 recall_train: 0.8900 f1_train: 0.8881 cm_train: (tn=1898, fp=245, fn=236, tp=1909)
2025-10-19 11:25:15 | INFO | EM.print | -------- Epoch 24 --------
2025-10-19 11:25:15 | INFO | EM.print | [AUG][online][epoch=24][iter=0] start name=random_permute_features noise_std=0.02 mask_rate=0.05 seed=23000
2025-10-19 11:25:15 | INFO | EM.print | [AUG][online][epoch=24][iter=0] done name=random_permute_features shape=(1140, 1140)
2025-10-19 11:25:15 | INFO | EM.print | [ONLINE-AUG] mode=online name=random_permute_features noise_std=0.02 mask_rate=0.05 base_seed=0
2025-10-19 11:25:15 | INFO | EM.print | epoch: 24/ iteration: 1/ loss_train: 3.5572436 | task_loss:0.2861 cont_loss:6.8780 adv_loss:0.0064
2025-10-19 11:25:16 | INFO | EM.print | epoch: 0024 loss_train: 3.5274 task_loss: 0.2271 cont_loss: 6.8606 adv_loss: 0.0104 auroc_train: 0.9626 auprc_train: 0.9616 precision_train: 0.8870 recall_train: 0.8957 f1_train: 0.8913 cm_train: (tn=1896, fp=245, fn=224, tp=1923)
2025-10-19 11:25:16 | INFO | EM.print | -------- Epoch 25 --------
2025-10-19 11:25:16 | INFO | EM.print | [AUG][online][epoch=25][iter=0] start name=random_permute_features noise_std=0.02 mask_rate=0.05 seed=24000
2025-10-19 11:25:16 | INFO | EM.print | [AUG][online][epoch=25][iter=0] done name=random_permute_features shape=(1140, 1140)
2025-10-19 11:25:16 | INFO | EM.print | [ONLINE-AUG] mode=online name=random_permute_features noise_std=0.02 mask_rate=0.05 base_seed=0
2025-10-19 11:25:16 | INFO | EM.print | epoch: 25/ iteration: 1/ loss_train: 3.527987 | task_loss:0.2293 cont_loss:6.8675 adv_loss:0.0042
2025-10-19 11:25:18 | INFO | EM.print | epoch: 0025 loss_train: 3.5226 task_loss: 0.2633 cont_loss: 6.8309 adv_loss: 0.0031 auroc_train: 0.9622 auprc_train: 0.9615 precision_train: 0.8890 recall_train: 0.9014 f1_train: 0.8952 cm_train: (tn=1906, fp=241, fn=211, tp=1930)
2025-10-19 11:25:18 | INFO | EM.print | -------- Epoch 26 --------
2025-10-19 11:25:18 | INFO | EM.print | [AUG][online][epoch=26][iter=0] start name=random_permute_features noise_std=0.02 mask_rate=0.05 seed=25000
2025-10-19 11:25:18 | INFO | EM.print | [AUG][online][epoch=26][iter=0] done name=random_permute_features shape=(1140, 1140)
2025-10-19 11:25:18 | INFO | EM.print | [ONLINE-AUG] mode=online name=random_permute_features noise_std=0.02 mask_rate=0.05 base_seed=0
2025-10-19 11:25:18 | INFO | EM.print | epoch: 26/ iteration: 1/ loss_train: 3.5627494 | task_loss:0.2407 cont_loss:6.9231 adv_loss:0.0082
2025-10-19 11:25:19 | INFO | EM.print | epoch: 0026 loss_train: 3.5436 task_loss: 0.2638 cont_loss: 6.8724 adv_loss: 0.0032 auroc_train: 0.9633 auprc_train: 0.9615 precision_train: 0.8937 recall_train: 0.8879 f1_train: 0.8908 cm_train: (tn=1921, fp=226, fn=240, tp=1901)
2025-10-19 11:25:19 | INFO | EM.print | -------- Epoch 27 --------
2025-10-19 11:25:19 | INFO | EM.print | [AUG][online][epoch=27][iter=0] start name=random_permute_features noise_std=0.02 mask_rate=0.05 seed=26000
2025-10-19 11:25:19 | INFO | EM.print | [AUG][online][epoch=27][iter=0] done name=random_permute_features shape=(1140, 1140)
2025-10-19 11:25:19 | INFO | EM.print | [ONLINE-AUG] mode=online name=random_permute_features noise_std=0.02 mask_rate=0.05 base_seed=0
2025-10-19 11:25:19 | INFO | EM.print | epoch: 27/ iteration: 1/ loss_train: 3.4844005 | task_loss:0.1283 cont_loss:6.8607 adv_loss:0.0046
2025-10-19 11:25:21 | INFO | EM.print | epoch: 0027 loss_train: 3.5462 task_loss: 0.1813 cont_loss: 6.9392 adv_loss: 0.0069 auroc_train: 0.9649 auprc_train: 0.9642 precision_train: 0.8865 recall_train: 0.8989 f1_train: 0.8926 cm_train: (tn=1895, fp=247, fn=217, tp=1929)
2025-10-19 11:25:21 | INFO | EM.print | -------- Epoch 28 --------
2025-10-19 11:25:21 | INFO | EM.print | [AUG][online][epoch=28][iter=0] start name=random_permute_features noise_std=0.02 mask_rate=0.05 seed=27000
2025-10-19 11:25:21 | INFO | EM.print | [AUG][online][epoch=28][iter=0] done name=random_permute_features shape=(1140, 1140)
2025-10-19 11:25:21 | INFO | EM.print | [ONLINE-AUG] mode=online name=random_permute_features noise_std=0.02 mask_rate=0.05 base_seed=0
2025-10-19 11:25:21 | INFO | EM.print | epoch: 28/ iteration: 1/ loss_train: 3.5801384 | task_loss:0.3842 cont_loss:6.8484 adv_loss:0.0038
2025-10-19 11:25:22 | INFO | EM.print | epoch: 0028 loss_train: 3.5560 task_loss: 0.3167 cont_loss: 6.8551 adv_loss: 0.0030 auroc_train: 0.9648 auprc_train: 0.9649 precision_train: 0.8869 recall_train: 0.8952 f1_train: 0.8910 cm_train: (tn=1897, fp=245, fn=225, tp=1921)
2025-10-19 11:25:22 | INFO | EM.print | -------- Epoch 29 --------
2025-10-19 11:25:22 | INFO | EM.print | [AUG][online][epoch=29][iter=0] start name=random_permute_features noise_std=0.02 mask_rate=0.05 seed=28000
2025-10-19 11:25:22 | INFO | EM.print | [AUG][online][epoch=29][iter=0] done name=random_permute_features shape=(1140, 1140)
2025-10-19 11:25:22 | INFO | EM.print | [ONLINE-AUG] mode=online name=random_permute_features noise_std=0.02 mask_rate=0.05 base_seed=0
2025-10-19 11:25:22 | INFO | EM.print | epoch: 29/ iteration: 1/ loss_train: 3.5704143 | task_loss:0.2157 cont_loss:6.9649 adv_loss:0.0028
2025-10-19 11:25:24 | INFO | EM.print | epoch: 0029 loss_train: 3.5474 task_loss: 0.2154 cont_loss: 6.9189 adv_loss: 0.0029 auroc_train: 0.9652 auprc_train: 0.9646 precision_train: 0.8892 recall_train: 0.9021 f1_train: 0.8956 cm_train: (tn=1903, fp=241, fn=210, tp=1934)
2025-10-19 11:25:24 | INFO | EM.print | -------- Epoch 30 --------
2025-10-19 11:25:24 | INFO | EM.print | [AUG][online][epoch=30][iter=0] start name=random_permute_features noise_std=0.02 mask_rate=0.05 seed=29000
2025-10-19 11:25:24 | INFO | EM.print | [AUG][online][epoch=30][iter=0] done name=random_permute_features shape=(1140, 1140)
2025-10-19 11:25:24 | INFO | EM.print | [ONLINE-AUG] mode=online name=random_permute_features noise_std=0.02 mask_rate=0.05 base_seed=0
2025-10-19 11:25:24 | INFO | EM.print | epoch: 30/ iteration: 1/ loss_train: 3.519881 | task_loss:0.2016 cont_loss:6.8738 adv_loss:0.0039
2025-10-19 11:25:25 | INFO | EM.print | epoch: 0030 loss_train: 3.5289 task_loss: 0.2341 cont_loss: 6.8669 adv_loss: 0.0030 auroc_train: 0.9642 auprc_train: 0.9635 precision_train: 0.8899 recall_train: 0.8945 f1_train: 0.8922 cm_train: (tn=1909, fp=237, fn=226, tp=1916)
2025-10-19 11:25:25 | INFO | EM.print | -------- Epoch 31 --------
2025-10-19 11:25:25 | INFO | EM.print | [AUG][online][epoch=31][iter=0] start name=random_permute_features noise_std=0.02 mask_rate=0.05 seed=30000
2025-10-19 11:25:25 | INFO | EM.print | [AUG][online][epoch=31][iter=0] done name=random_permute_features shape=(1140, 1140)
2025-10-19 11:25:25 | INFO | EM.print | [ONLINE-AUG] mode=online name=random_permute_features noise_std=0.02 mask_rate=0.05 base_seed=0
2025-10-19 11:25:25 | INFO | EM.print | epoch: 31/ iteration: 1/ loss_train: 3.5499182 | task_loss:0.2334 cont_loss:6.9100 adv_loss:0.0026
2025-10-19 11:25:27 | INFO | EM.print | epoch: 0031 loss_train: 3.5361 task_loss: 0.2466 cont_loss: 6.8698 adv_loss: 0.0042 auroc_train: 0.9673 auprc_train: 0.9669 precision_train: 0.8943 recall_train: 0.9002 f1_train: 0.8973 cm_train: (tn=1916, fp=228, fn=214, tp=1930)
2025-10-19 11:25:27 | INFO | EM.print | -------- Epoch 32 --------
2025-10-19 11:25:27 | INFO | EM.print | [AUG][online][epoch=32][iter=0] start name=random_permute_features noise_std=0.02 mask_rate=0.05 seed=31000
2025-10-19 11:25:27 | INFO | EM.print | [AUG][online][epoch=32][iter=0] done name=random_permute_features shape=(1140, 1140)
2025-10-19 11:25:27 | INFO | EM.print | [ONLINE-AUG] mode=online name=random_permute_features noise_std=0.02 mask_rate=0.05 base_seed=0
2025-10-19 11:25:27 | INFO | EM.print | epoch: 32/ iteration: 1/ loss_train: 3.5086648 | task_loss:0.1776 cont_loss:6.8707 adv_loss:0.0038
2025-10-19 11:25:28 | INFO | EM.print | epoch: 0032 loss_train: 3.6040 task_loss: 0.3788 cont_loss: 6.9011 adv_loss: 0.0032 auroc_train: 0.9671 auprc_train: 0.9666 precision_train: 0.8898 recall_train: 0.9060 f1_train: 0.8978 cm_train: (tn=1899, fp=241, fn=202, tp=1946)
2025-10-19 11:25:28 | INFO | EM.print | -------- Epoch 33 --------
2025-10-19 11:25:28 | INFO | EM.print | [AUG][online][epoch=33][iter=0] start name=random_permute_features noise_std=0.02 mask_rate=0.05 seed=32000
2025-10-19 11:25:28 | INFO | EM.print | [AUG][online][epoch=33][iter=0] done name=random_permute_features shape=(1140, 1140)
2025-10-19 11:25:28 | INFO | EM.print | [ONLINE-AUG] mode=online name=random_permute_features noise_std=0.02 mask_rate=0.05 base_seed=0
2025-10-19 11:25:28 | INFO | EM.print | epoch: 33/ iteration: 1/ loss_train: 3.4828095 | task_loss:0.1453 cont_loss:6.8466 adv_loss:0.0023
2025-10-19 11:25:30 | INFO | EM.print | epoch: 0033 loss_train: 3.5552 task_loss: 0.2944 cont_loss: 6.8695 adv_loss: 0.0044 auroc_train: 0.9678 auprc_train: 0.9672 precision_train: 0.8886 recall_train: 0.9035 f1_train: 0.8960 cm_train: (tn=1900, fp=243, fn=207, tp=1938)
2025-10-19 11:25:30 | INFO | EM.print | -------- Epoch 34 --------
2025-10-19 11:25:30 | INFO | EM.print | [AUG][online][epoch=34][iter=0] start name=random_permute_features noise_std=0.02 mask_rate=0.05 seed=33000
2025-10-19 11:25:30 | INFO | EM.print | [AUG][online][epoch=34][iter=0] done name=random_permute_features shape=(1140, 1140)
2025-10-19 11:25:30 | INFO | EM.print | [ONLINE-AUG] mode=online name=random_permute_features noise_std=0.02 mask_rate=0.05 base_seed=0
2025-10-19 11:25:30 | INFO | EM.print | epoch: 34/ iteration: 1/ loss_train: 3.5749807 | task_loss:0.2769 cont_loss:6.9252 adv_loss:0.0028
2025-10-19 11:25:31 | INFO | EM.print | epoch: 0034 loss_train: 3.4858 task_loss: 0.1617 cont_loss: 6.8361 adv_loss: 0.0050 auroc_train: 0.9687 auprc_train: 0.9678 precision_train: 0.8962 recall_train: 0.9054 f1_train: 0.9008 cm_train: (tn=1917, fp=225, fn=203, tp=1943)
2025-10-19 11:25:31 | INFO | EM.print | -------- Epoch 35 --------
2025-10-19 11:25:31 | INFO | EM.print | [AUG][online][epoch=35][iter=0] start name=random_permute_features noise_std=0.02 mask_rate=0.05 seed=34000
2025-10-19 11:25:31 | INFO | EM.print | [AUG][online][epoch=35][iter=0] done name=random_permute_features shape=(1140, 1140)
2025-10-19 11:25:31 | INFO | EM.print | [ONLINE-AUG] mode=online name=random_permute_features noise_std=0.02 mask_rate=0.05 base_seed=0
2025-10-19 11:25:31 | INFO | EM.print | epoch: 35/ iteration: 1/ loss_train: 3.5868099 | task_loss:0.2500 cont_loss:6.9673 adv_loss:0.0053
2025-10-19 11:25:33 | INFO | EM.print | epoch: 0035 loss_train: 3.5435 task_loss: 0.2370 cont_loss: 6.8943 adv_loss: 0.0026 auroc_train: 0.9673 auprc_train: 0.9664 precision_train: 0.8902 recall_train: 0.9026 f1_train: 0.8963 cm_train: (tn=1903, fp=239, fn=209, tp=1937)
2025-10-19 11:25:33 | INFO | EM.print | -------- Epoch 36 --------
2025-10-19 11:25:33 | INFO | EM.print | [AUG][online][epoch=36][iter=0] start name=random_permute_features noise_std=0.02 mask_rate=0.05 seed=35000
2025-10-19 11:25:33 | INFO | EM.print | [AUG][online][epoch=36][iter=0] done name=random_permute_features shape=(1140, 1140)
2025-10-19 11:25:33 | INFO | EM.print | [ONLINE-AUG] mode=online name=random_permute_features noise_std=0.02 mask_rate=0.05 base_seed=0
2025-10-19 11:25:33 | INFO | EM.print | epoch: 36/ iteration: 1/ loss_train: 3.515816 | task_loss:0.1867 cont_loss:6.8793 adv_loss:0.0025
2025-10-19 11:25:34 | INFO | EM.print | epoch: 0036 loss_train: 3.5074 task_loss: 0.1131 cont_loss: 6.9216 adv_loss: 0.0022 auroc_train: 0.9671 auprc_train: 0.9656 precision_train: 0.8913 recall_train: 0.9058 f1_train: 0.8985 cm_train: (tn=1906, fp=237, fn=202, tp=1943)
2025-10-19 11:25:34 | INFO | EM.print | -------- Epoch 37 --------
2025-10-19 11:25:34 | INFO | EM.print | [AUG][online][epoch=37][iter=0] start name=random_permute_features noise_std=0.02 mask_rate=0.05 seed=36000
2025-10-19 11:25:34 | INFO | EM.print | [AUG][online][epoch=37][iter=0] done name=random_permute_features shape=(1140, 1140)
2025-10-19 11:25:34 | INFO | EM.print | [ONLINE-AUG] mode=online name=random_permute_features noise_std=0.02 mask_rate=0.05 base_seed=0
2025-10-19 11:25:34 | INFO | EM.print | epoch: 37/ iteration: 1/ loss_train: 3.5426369 | task_loss:0.2459 cont_loss:6.8854 adv_loss:0.0026
2025-10-19 11:25:36 | INFO | EM.print | epoch: 0037 loss_train: 3.5063 task_loss: 0.1867 cont_loss: 6.8587 adv_loss: 0.0038 auroc_train: 0.9692 auprc_train: 0.9686 precision_train: 0.8977 recall_train: 0.9128 f1_train: 0.9052 cm_train: (tn=1921, fp=223, fn=187, tp=1957)
2025-10-19 11:25:36 | INFO | EM.print | -------- Epoch 38 --------
2025-10-19 11:25:36 | INFO | EM.print | [AUG][online][epoch=38][iter=0] start name=random_permute_features noise_std=0.02 mask_rate=0.05 seed=37000
2025-10-19 11:25:36 | INFO | EM.print | [AUG][online][epoch=38][iter=0] done name=random_permute_features shape=(1140, 1140)
2025-10-19 11:25:36 | INFO | EM.print | [ONLINE-AUG] mode=online name=random_permute_features noise_std=0.02 mask_rate=0.05 base_seed=0
2025-10-19 11:25:36 | INFO | EM.print | epoch: 38/ iteration: 1/ loss_train: 3.5304203 | task_loss:0.1732 cont_loss:6.9188 adv_loss:0.0029
2025-10-19 11:25:37 | INFO | EM.print | epoch: 0038 loss_train: 3.5689 task_loss: 0.3160 cont_loss: 6.8740 adv_loss: 0.0091 auroc_train: 0.9718 auprc_train: 0.9714 precision_train: 0.9034 recall_train: 0.9114 f1_train: 0.9074 cm_train: (tn=1934, fp=209, fn=190, tp=1955)
2025-10-19 11:25:37 | INFO | EM.print | -------- Epoch 39 --------
2025-10-19 11:25:37 | INFO | EM.print | [AUG][online][epoch=39][iter=0] start name=random_permute_features noise_std=0.02 mask_rate=0.05 seed=38000
2025-10-19 11:25:37 | INFO | EM.print | [AUG][online][epoch=39][iter=0] done name=random_permute_features shape=(1140, 1140)
2025-10-19 11:25:37 | INFO | EM.print | [ONLINE-AUG] mode=online name=random_permute_features noise_std=0.02 mask_rate=0.05 base_seed=0
2025-10-19 11:25:37 | INFO | EM.print | epoch: 39/ iteration: 1/ loss_train: 3.4958467 | task_loss:0.1781 cont_loss:6.8446 adv_loss:0.0039
2025-10-19 11:25:39 | INFO | EM.print | epoch: 0039 loss_train: 3.5638 task_loss: 0.2724 cont_loss: 6.9022 adv_loss: 0.0062 auroc_train: 0.9709 auprc_train: 0.9697 precision_train: 0.8992 recall_train: 0.9164 f1_train: 0.9077 cm_train: (tn=1927, fp=220, fn=179, tp=1962)
2025-10-19 11:25:39 | INFO | EM.print | -------- Epoch 40 --------
2025-10-19 11:25:39 | INFO | EM.print | [AUG][online][epoch=40][iter=0] start name=random_permute_features noise_std=0.02 mask_rate=0.05 seed=39000
2025-10-19 11:25:39 | INFO | EM.print | [AUG][online][epoch=40][iter=0] done name=random_permute_features shape=(1140, 1140)
2025-10-19 11:25:39 | INFO | EM.print | [ONLINE-AUG] mode=online name=random_permute_features noise_std=0.02 mask_rate=0.05 base_seed=0
2025-10-19 11:25:39 | INFO | EM.print | epoch: 40/ iteration: 1/ loss_train: 3.5476825 | task_loss:0.2037 cont_loss:6.9303 adv_loss:0.0018
2025-10-19 11:25:40 | INFO | EM.print | epoch: 0040 loss_train: 3.5271 task_loss: 0.2053 cont_loss: 6.8864 adv_loss: 0.0030 auroc_train: 0.9720 auprc_train: 0.9712 precision_train: 0.9017 recall_train: 0.9193 f1_train: 0.9104 cm_train: (tn=1928, fp=215, fn=173, tp=1972)
2025-10-19 11:25:40 | INFO | EM.print | -------- Epoch 41 --------
2025-10-19 11:25:40 | INFO | EM.print | [AUG][online][epoch=41][iter=0] start name=random_permute_features noise_std=0.02 mask_rate=0.05 seed=40000
2025-10-19 11:25:40 | INFO | EM.print | [AUG][online][epoch=41][iter=0] done name=random_permute_features shape=(1140, 1140)
2025-10-19 11:25:40 | INFO | EM.print | [ONLINE-AUG] mode=online name=random_permute_features noise_std=0.02 mask_rate=0.05 base_seed=0
2025-10-19 11:25:40 | INFO | EM.print | epoch: 41/ iteration: 1/ loss_train: 3.5142589 | task_loss:0.1310 cont_loss:6.9193 adv_loss:0.0037
2025-10-19 11:25:42 | INFO | EM.print | epoch: 0041 loss_train: 3.5569 task_loss: 0.2390 cont_loss: 6.9193 adv_loss: 0.0028 auroc_train: 0.9748 auprc_train: 0.9741 precision_train: 0.9101 recall_train: 0.9250 f1_train: 0.9175 cm_train: (tn=1946, fp=196, fn=161, tp=1985)
2025-10-19 11:25:42 | INFO | EM.print | -------- Epoch 42 --------
2025-10-19 11:25:42 | INFO | EM.print | [AUG][online][epoch=42][iter=0] start name=random_permute_features noise_std=0.02 mask_rate=0.05 seed=41000
2025-10-19 11:25:42 | INFO | EM.print | [AUG][online][epoch=42][iter=0] done name=random_permute_features shape=(1140, 1140)
2025-10-19 11:25:42 | INFO | EM.print | [ONLINE-AUG] mode=online name=random_permute_features noise_std=0.02 mask_rate=0.05 base_seed=0
2025-10-19 11:25:42 | INFO | EM.print | epoch: 42/ iteration: 1/ loss_train: 3.4953067 | task_loss:0.1543 cont_loss:6.8643 adv_loss:0.0024
2025-10-19 11:25:43 | INFO | EM.print | epoch: 0042 loss_train: 3.4994 task_loss: 0.1160 cont_loss: 6.9015 adv_loss: 0.0038 auroc_train: 0.9730 auprc_train: 0.9723 precision_train: 0.9033 recall_train: 0.9147 f1_train: 0.9090 cm_train: (tn=1933, fp=210, fn=183, tp=1962)
2025-10-19 11:25:43 | INFO | EM.print | -------- Epoch 43 --------
2025-10-19 11:25:43 | INFO | EM.print | [AUG][online][epoch=43][iter=0] start name=random_permute_features noise_std=0.02 mask_rate=0.05 seed=42000
2025-10-19 11:25:43 | INFO | EM.print | [AUG][online][epoch=43][iter=0] done name=random_permute_features shape=(1140, 1140)
2025-10-19 11:25:43 | INFO | EM.print | [ONLINE-AUG] mode=online name=random_permute_features noise_std=0.02 mask_rate=0.05 base_seed=0
2025-10-19 11:25:43 | INFO | EM.print | epoch: 43/ iteration: 1/ loss_train: 3.5150392 | task_loss:0.1262 cont_loss:6.9255 adv_loss:0.0030
2025-10-19 11:25:44 | INFO | EM.print | epoch: 0043 loss_train: 3.5622 task_loss: 0.2268 cont_loss: 6.9401 adv_loss: 0.0023 auroc_train: 0.9748 auprc_train: 0.9741 precision_train: 0.9104 recall_train: 0.9197 f1_train: 0.9150 cm_train: (tn=1952, fp=194, fn=172, tp=1970)
2025-10-19 11:25:44 | INFO | EM.print | -------- Epoch 44 --------
2025-10-19 11:25:44 | INFO | EM.print | [AUG][online][epoch=44][iter=0] start name=random_permute_features noise_std=0.02 mask_rate=0.05 seed=43000
2025-10-19 11:25:44 | INFO | EM.print | [AUG][online][epoch=44][iter=0] done name=random_permute_features shape=(1140, 1140)
2025-10-19 11:25:44 | INFO | EM.print | [ONLINE-AUG] mode=online name=random_permute_features noise_std=0.02 mask_rate=0.05 base_seed=0
2025-10-19 11:25:45 | INFO | EM.print | epoch: 44/ iteration: 1/ loss_train: 3.5196974 | task_loss:0.1867 cont_loss:6.8868 adv_loss:0.0026
2025-10-19 11:25:46 | INFO | EM.print | epoch: 0044 loss_train: 3.5219 task_loss: 0.2023 cont_loss: 6.8765 adv_loss: 0.0045 auroc_train: 0.9753 auprc_train: 0.9741 precision_train: 0.9086 recall_train: 0.9230 f1_train: 0.9158 cm_train: (tn=1945, fp=199, fn=165, tp=1979)
2025-10-19 11:25:46 | INFO | EM.print | -------- Epoch 45 --------
2025-10-19 11:25:46 | INFO | EM.print | [AUG][online][epoch=45][iter=0] start name=random_permute_features noise_std=0.02 mask_rate=0.05 seed=44000
2025-10-19 11:25:46 | INFO | EM.print | [AUG][online][epoch=45][iter=0] done name=random_permute_features shape=(1140, 1140)
2025-10-19 11:25:46 | INFO | EM.print | [ONLINE-AUG] mode=online name=random_permute_features noise_std=0.02 mask_rate=0.05 base_seed=0
2025-10-19 11:25:46 | INFO | EM.print | epoch: 45/ iteration: 1/ loss_train: 3.5564463 | task_loss:0.1958 cont_loss:6.9534 adv_loss:0.0024
2025-10-19 11:25:48 | INFO | EM.print | epoch: 0045 loss_train: 3.5497 task_loss: 0.2968 cont_loss: 6.8520 adv_loss: 0.0084 auroc_train: 0.9768 auprc_train: 0.9756 precision_train: 0.9168 recall_train: 0.9283 f1_train: 0.9225 cm_train: (tn=1958, fp=181, fn=154, tp=1995)
2025-10-19 11:25:48 | INFO | EM.print | -------- Epoch 46 --------
2025-10-19 11:25:48 | INFO | EM.print | [AUG][online][epoch=46][iter=0] start name=random_permute_features noise_std=0.02 mask_rate=0.05 seed=45000
2025-10-19 11:25:48 | INFO | EM.print | [AUG][online][epoch=46][iter=0] done name=random_permute_features shape=(1140, 1140)
2025-10-19 11:25:48 | INFO | EM.print | [ONLINE-AUG] mode=online name=random_permute_features noise_std=0.02 mask_rate=0.05 base_seed=0
2025-10-19 11:25:48 | INFO | EM.print | epoch: 46/ iteration: 1/ loss_train: 3.510848 | task_loss:0.1381 cont_loss:6.9079 adv_loss:0.0027
2025-10-19 11:25:49 | INFO | EM.print | epoch: 0046 loss_train: 3.5642 task_loss: 0.2692 cont_loss: 6.9097 adv_loss: 0.0027 auroc_train: 0.9779 auprc_train: 0.9769 precision_train: 0.9130 recall_train: 0.9301 f1_train: 0.9215 cm_train: (tn=1953, fp=190, fn=150, tp=1995)
2025-10-19 11:25:49 | INFO | EM.print | -------- Epoch 47 --------
2025-10-19 11:25:49 | INFO | EM.print | [AUG][online][epoch=47][iter=0] start name=random_permute_features noise_std=0.02 mask_rate=0.05 seed=46000
2025-10-19 11:25:49 | INFO | EM.print | [AUG][online][epoch=47][iter=0] done name=random_permute_features shape=(1140, 1140)
2025-10-19 11:25:49 | INFO | EM.print | [ONLINE-AUG] mode=online name=random_permute_features noise_std=0.02 mask_rate=0.05 base_seed=0
2025-10-19 11:25:49 | INFO | EM.print | epoch: 47/ iteration: 1/ loss_train: 3.5092854 | task_loss:0.1648 cont_loss:6.8838 adv_loss:0.0025
2025-10-19 11:25:51 | INFO | EM.print | epoch: 0047 loss_train: 3.5028 task_loss: 0.1916 cont_loss: 6.8496 adv_loss: 0.0023 auroc_train: 0.9776 auprc_train: 0.9767 precision_train: 0.9181 recall_train: 0.9301 f1_train: 0.9240 cm_train: (tn=1965, fp=178, fn=150, tp=1995)
2025-10-19 11:25:51 | INFO | EM.print | -------- Epoch 48 --------
2025-10-19 11:25:51 | INFO | EM.print | [AUG][online][epoch=48][iter=0] start name=random_permute_features noise_std=0.02 mask_rate=0.05 seed=47000
2025-10-19 11:25:51 | INFO | EM.print | [AUG][online][epoch=48][iter=0] done name=random_permute_features shape=(1140, 1140)
2025-10-19 11:25:51 | INFO | EM.print | [ONLINE-AUG] mode=online name=random_permute_features noise_std=0.02 mask_rate=0.05 base_seed=0
2025-10-19 11:25:51 | INFO | EM.print | epoch: 48/ iteration: 1/ loss_train: 3.53926 | task_loss:0.2205 cont_loss:6.8997 adv_loss:0.0020
2025-10-19 11:25:52 | INFO | EM.print | epoch: 0048 loss_train: 3.5393 task_loss: 0.1352 cont_loss: 6.9687 adv_loss: 0.0015 auroc_train: 0.9744 auprc_train: 0.9736 precision_train: 0.9065 recall_train: 0.9221 f1_train: 0.9143 cm_train: (tn=1939, fp=204, fn=167, tp=1978)
2025-10-19 11:25:52 | INFO | EM.print | -------- Epoch 49 --------
2025-10-19 11:25:52 | INFO | EM.print | [AUG][online][epoch=49][iter=0] start name=random_permute_features noise_std=0.02 mask_rate=0.05 seed=48000
2025-10-19 11:25:52 | INFO | EM.print | [AUG][online][epoch=49][iter=0] done name=random_permute_features shape=(1140, 1140)
2025-10-19 11:25:52 | INFO | EM.print | [ONLINE-AUG] mode=online name=random_permute_features noise_std=0.02 mask_rate=0.05 base_seed=0
2025-10-19 11:25:52 | INFO | EM.print | epoch: 49/ iteration: 1/ loss_train: 3.444647 | task_loss:0.1057 cont_loss:6.8009 adv_loss:0.0032
2025-10-19 11:25:53 | INFO | EM.print | epoch: 0049 loss_train: 3.4964 task_loss: 0.0933 cont_loss: 6.9138 adv_loss: 0.0035 auroc_train: 0.9789 auprc_train: 0.9781 precision_train: 0.9183 recall_train: 0.9324 f1_train: 0.9253 cm_train: (tn=1964, fp=178, fn=145, tp=2001)
2025-10-19 11:25:53 | INFO | EM.print | -------- Epoch 50 --------
2025-10-19 11:25:53 | INFO | EM.print | [AUG][online][epoch=50][iter=0] start name=random_permute_features noise_std=0.02 mask_rate=0.05 seed=49000
2025-10-19 11:25:53 | INFO | EM.print | [AUG][online][epoch=50][iter=0] done name=random_permute_features shape=(1140, 1140)
2025-10-19 11:25:53 | INFO | EM.print | [ONLINE-AUG] mode=online name=random_permute_features noise_std=0.02 mask_rate=0.05 base_seed=0
2025-10-19 11:25:53 | INFO | EM.print | epoch: 50/ iteration: 1/ loss_train: 3.5214012 | task_loss:0.2178 cont_loss:6.8658 adv_loss:0.0023
2025-10-19 11:25:55 | INFO | EM.print | epoch: 0050 loss_train: 3.4955 task_loss: 0.1475 cont_loss: 6.8706 adv_loss: 0.0019 auroc_train: 0.9799 auprc_train: 0.9791 precision_train: 0.9176 recall_train: 0.9343 f1_train: 0.9258 cm_train: (tn=1963, fp=180, fn=141, tp=2004)
2025-10-19 11:25:55 | INFO | EM.print | Optimization Finished!
2025-10-19 11:25:55 | INFO | EM.result.save | Saved result text: /root/OUTPUT/result/LMI_B_013_data_20251019_112357/metrics/train_epoch_metrics_fold_1_20251019_112357.csv.txt
2025-10-19 11:25:55 | INFO | EM.print | [SAVE] Per-epoch train metrics saved: train_epoch_metrics_fold_1_20251019_112357.csv
2025-10-19 11:25:56 | INFO | EM.print | loss_test: 3.5922 auroc_test: 0.9467 auprc_test: 0.9431 precision_test: 0.8696 recall_test: 0.8663 f1_test: 0.8680 cm_test: (tn=441, fp=67, fn=69, tp=447)
2025-10-19 11:25:56 | INFO | EM | Fold 1 completed.
2025-10-19 11:25:56 | INFO | EM | === Fold 2/5 ===
2025-10-19 11:25:56 | INFO | EM.result.save | Saved result text: /root/OUTPUT/result/LMI_B_013_data_20251019_112357/metrics/adv_config_fold_2_20251019_112357.json.txt
2025-10-19 11:25:56 | INFO | EM.print | [SAVE] adv config saved: metrics/adv_config_fold_2_20251019_112357.json
2025-10-19 11:25:56 | INFO | EM.print | Start Training...
2025-10-19 11:25:56 | INFO | EM.print | -------- Epoch 1 --------
2025-10-19 11:25:56 | INFO | EM.print | [AUG][online][epoch=1][iter=0] start name=random_permute_features noise_std=0.02 mask_rate=0.05 seed=0
2025-10-19 11:25:56 | INFO | EM.print | [AUG][online][epoch=1][iter=0] done name=random_permute_features shape=(1140, 1140)
2025-10-19 11:25:56 | INFO | EM.print | [ONLINE-AUG] mode=online name=random_permute_features noise_std=0.02 mask_rate=0.05 base_seed=0
2025-10-19 11:25:56 | INFO | EM.print | epoch: 1/ iteration: 1/ loss_train: 2.3331773 | task_loss:0.7075 cont_loss:3.2684 adv_loss:0.6933
2025-10-19 11:25:58 | INFO | EM.print | epoch: 0001 loss_train: 3.9147 task_loss: 0.4161 cont_loss: 6.9262 adv_loss: 0.4753 auroc_train: 0.7765 auprc_train: 0.7528 precision_train: 0.6904 recall_train: 0.6991 f1_train: 0.6947 cm_train: (tn=1468, fp=673, fn=646, tp=1501)
2025-10-19 11:25:58 | INFO | EM.print | -------- Epoch 2 --------
2025-10-19 11:25:58 | INFO | EM.print | [AUG][online][epoch=2][iter=0] start name=random_permute_features noise_std=0.02 mask_rate=0.05 seed=1000
2025-10-19 11:25:58 | INFO | EM.print | [AUG][online][epoch=2][iter=0] done name=random_permute_features shape=(1140, 1140)
2025-10-19 11:25:58 | INFO | EM.print | [ONLINE-AUG] mode=online name=random_permute_features noise_std=0.02 mask_rate=0.05 base_seed=0
2025-10-19 11:25:58 | INFO | EM.print | epoch: 2/ iteration: 1/ loss_train: 3.9242163 | task_loss:0.4494 cont_loss:6.9273 adv_loss:0.4680
2025-10-19 11:25:59 | INFO | EM.print | epoch: 0002 loss_train: 3.7127 task_loss: 0.4052 cont_loss: 6.9292 adv_loss: 0.1434 auroc_train: 0.8759 auprc_train: 0.8647 precision_train: 0.7922 recall_train: 0.8018 f1_train: 0.7969 cm_train: (tn=1693, fp=451, fn=425, tp=1719)
2025-10-19 11:25:59 | INFO | EM.print | -------- Epoch 3 --------
2025-10-19 11:25:59 | INFO | EM.print | [AUG][online][epoch=3][iter=0] start name=random_permute_features noise_std=0.02 mask_rate=0.05 seed=2000
2025-10-19 11:25:59 | INFO | EM.print | [AUG][online][epoch=3][iter=0] done name=random_permute_features shape=(1140, 1140)
2025-10-19 11:25:59 | INFO | EM.print | [ONLINE-AUG] mode=online name=random_permute_features noise_std=0.02 mask_rate=0.05 base_seed=0
2025-10-19 11:25:59 | INFO | EM.print | epoch: 3/ iteration: 1/ loss_train: 3.6716263 | task_loss:0.3319 cont_loss:6.9264 adv_loss:0.1261
2025-10-19 11:26:01 | INFO | EM.print | epoch: 0003 loss_train: 3.6370 task_loss: 0.3389 cont_loss: 6.9199 adv_loss: 0.0692 auroc_train: 0.9146 auprc_train: 0.9103 precision_train: 0.8356 recall_train: 0.8298 f1_train: 0.8327 cm_train: (tn=1794, fp=350, fn=365, tp=1779)
2025-10-19 11:26:01 | INFO | EM.print | -------- Epoch 4 --------
2025-10-19 11:26:01 | INFO | EM.print | [AUG][online][epoch=4][iter=0] start name=random_permute_features noise_std=0.02 mask_rate=0.05 seed=3000
2025-10-19 11:26:01 | INFO | EM.print | [AUG][online][epoch=4][iter=0] done name=random_permute_features shape=(1140, 1140)
2025-10-19 11:26:01 | INFO | EM.print | [ONLINE-AUG] mode=online name=random_permute_features noise_std=0.02 mask_rate=0.05 base_seed=0
2025-10-19 11:26:01 | INFO | EM.print | epoch: 4/ iteration: 1/ loss_train: 3.6231537 | task_loss:0.2977 cont_loss:6.9277 adv_loss:0.0671
2025-10-19 11:26:02 | INFO | EM.print | epoch: 0004 loss_train: 3.6070 task_loss: 0.2830 cont_loss: 6.9252 adv_loss: 0.0520 auroc_train: 0.9304 auprc_train: 0.9270 precision_train: 0.8487 recall_train: 0.8459 f1_train: 0.8473 cm_train: (tn=1823, fp=323, fn=330, tp=1812)
2025-10-19 11:26:02 | INFO | EM.print | -------- Epoch 5 --------
2025-10-19 11:26:02 | INFO | EM.print | [AUG][online][epoch=5][iter=0] start name=random_permute_features noise_std=0.02 mask_rate=0.05 seed=4000
2025-10-19 11:26:02 | INFO | EM.print | [AUG][online][epoch=5][iter=0] done name=random_permute_features shape=(1140, 1140)
2025-10-19 11:26:02 | INFO | EM.print | [ONLINE-AUG] mode=online name=random_permute_features noise_std=0.02 mask_rate=0.05 base_seed=0
2025-10-19 11:26:02 | INFO | EM.print | epoch: 5/ iteration: 1/ loss_train: 3.614553 | task_loss:0.3481 cont_loss:6.9103 adv_loss:0.0336
2025-10-19 11:26:04 | INFO | EM.print | epoch: 0005 loss_train: 3.6169 task_loss: 0.4004 cont_loss: 6.8809 adv_loss: 0.0271 auroc_train: 0.9391 auprc_train: 0.9374 precision_train: 0.8617 recall_train: 0.8621 f1_train: 0.8619 cm_train: (tn=1845, fp=297, fn=296, tp=1850)
2025-10-19 11:26:04 | INFO | EM.print | -------- Epoch 6 --------
2025-10-19 11:26:04 | INFO | EM.print | [AUG][online][epoch=6][iter=0] start name=random_permute_features noise_std=0.02 mask_rate=0.05 seed=5000
2025-10-19 11:26:04 | INFO | EM.print | [AUG][online][epoch=6][iter=0] done name=random_permute_features shape=(1140, 1140)
2025-10-19 11:26:04 | INFO | EM.print | [ONLINE-AUG] mode=online name=random_permute_features noise_std=0.02 mask_rate=0.05 base_seed=0
2025-10-19 11:26:04 | INFO | EM.print | epoch: 6/ iteration: 1/ loss_train: 3.6191134 | task_loss:0.3873 cont_loss:6.8997 adv_loss:0.0239
2025-10-19 11:26:05 | INFO | EM.print | epoch: 0006 loss_train: 3.6210 task_loss: 0.3389 cont_loss: 6.9341 adv_loss: 0.0305 auroc_train: 0.9444 auprc_train: 0.9446 precision_train: 0.8649 recall_train: 0.8681 f1_train: 0.8665 cm_train: (tn=1851, fp=291, fn=283, tp=1863)
2025-10-19 11:26:05 | INFO | EM.print | -------- Epoch 7 --------
2025-10-19 11:26:05 | INFO | EM.print | [AUG][online][epoch=7][iter=0] start name=random_permute_features noise_std=0.02 mask_rate=0.05 seed=6000
2025-10-19 11:26:05 | INFO | EM.print | [AUG][online][epoch=7][iter=0] done name=random_permute_features shape=(1140, 1140)
2025-10-19 11:26:05 | INFO | EM.print | [ONLINE-AUG] mode=online name=random_permute_features noise_std=0.02 mask_rate=0.05 base_seed=0
2025-10-19 11:26:05 | INFO | EM.print | epoch: 7/ iteration: 1/ loss_train: 3.5972867 | task_loss:0.2959 cont_loss:6.9092 adv_loss:0.0406
2025-10-19 11:26:06 | INFO | EM.print | epoch: 0007 loss_train: 3.5787 task_loss: 0.3112 cont_loss: 6.8836 adv_loss: 0.0207 auroc_train: 0.9480 auprc_train: 0.9476 precision_train: 0.8698 recall_train: 0.8719 f1_train: 0.8708 cm_train: (tn=1862, fp=280, fn=275, tp=1871)
2025-10-19 11:26:06 | INFO | EM.print | -------- Epoch 8 --------
2025-10-19 11:26:07 | INFO | EM.print | [AUG][online][epoch=8][iter=0] start name=random_permute_features noise_std=0.02 mask_rate=0.05 seed=7000
2025-10-19 11:26:07 | INFO | EM.print | [AUG][online][epoch=8][iter=0] done name=random_permute_features shape=(1140, 1140)
2025-10-19 11:26:07 | INFO | EM.print | [ONLINE-AUG] mode=online name=random_permute_features noise_std=0.02 mask_rate=0.05 base_seed=0
2025-10-19 11:26:07 | INFO | EM.print | epoch: 8/ iteration: 1/ loss_train: 3.5500314 | task_loss:0.2575 cont_loss:6.8691 adv_loss:0.0208
2025-10-19 11:26:08 | INFO | EM.print | epoch: 0008 loss_train: 3.5810 task_loss: 0.2916 cont_loss: 6.9027 adv_loss: 0.0216 auroc_train: 0.9458 auprc_train: 0.9457 precision_train: 0.8668 recall_train: 0.8721 f1_train: 0.8694 cm_train: (tn=1859, fp=287, fn=274, tp=1868)
2025-10-19 11:26:08 | INFO | EM.print | -------- Epoch 9 --------
2025-10-19 11:26:08 | INFO | EM.print | [AUG][online][epoch=9][iter=0] start name=random_permute_features noise_std=0.02 mask_rate=0.05 seed=8000
2025-10-19 11:26:08 | INFO | EM.print | [AUG][online][epoch=9][iter=0] done name=random_permute_features shape=(1140, 1140)
2025-10-19 11:26:08 | INFO | EM.print | [ONLINE-AUG] mode=online name=random_permute_features noise_std=0.02 mask_rate=0.05 base_seed=0
2025-10-19 11:26:08 | INFO | EM.print | epoch: 9/ iteration: 1/ loss_train: 3.5680165 | task_loss:0.2801 cont_loss:6.8814 adv_loss:0.0254
2025-10-19 11:26:10 | INFO | EM.print | epoch: 0009 loss_train: 3.5603 task_loss: 0.2352 cont_loss: 6.9123 adv_loss: 0.0167 auroc_train: 0.9501 auprc_train: 0.9497 precision_train: 0.8748 recall_train: 0.8728 f1_train: 0.8738 cm_train: (tn=1874, fp=268, fn=273, tp=1873)
2025-10-19 11:26:10 | INFO | EM.print | -------- Epoch 10 --------
2025-10-19 11:26:10 | INFO | EM.print | [AUG][online][epoch=10][iter=0] start name=random_permute_features noise_std=0.02 mask_rate=0.05 seed=9000
2025-10-19 11:26:10 | INFO | EM.print | [AUG][online][epoch=10][iter=0] done name=random_permute_features shape=(1140, 1140)
2025-10-19 11:26:10 | INFO | EM.print | [ONLINE-AUG] mode=online name=random_permute_features noise_std=0.02 mask_rate=0.05 base_seed=0
2025-10-19 11:26:10 | INFO | EM.print | epoch: 10/ iteration: 1/ loss_train: 3.5587504 | task_loss:0.2585 cont_loss:6.8918 adv_loss:0.0158
2025-10-19 11:26:11 | INFO | EM.print | epoch: 0010 loss_train: 3.5690 task_loss: 0.2501 cont_loss: 6.9148 adv_loss: 0.0194 auroc_train: 0.9520 auprc_train: 0.9510 precision_train: 0.8754 recall_train: 0.8750 f1_train: 0.8752 cm_train: (tn=1877, fp=267, fn=268, tp=1876)
2025-10-19 11:26:11 | INFO | EM.print | -------- Epoch 11 --------
2025-10-19 11:26:11 | INFO | EM.print | [AUG][online][epoch=11][iter=0] start name=random_permute_features noise_std=0.02 mask_rate=0.05 seed=10000
2025-10-19 11:26:11 | INFO | EM.print | [AUG][online][epoch=11][iter=0] done name=random_permute_features shape=(1140, 1140)
2025-10-19 11:26:11 | INFO | EM.print | [ONLINE-AUG] mode=online name=random_permute_features noise_std=0.02 mask_rate=0.05 base_seed=0
2025-10-19 11:26:11 | INFO | EM.print | epoch: 11/ iteration: 1/ loss_train: 3.6193802 | task_loss:0.3094 cont_loss:6.9407 adv_loss:0.0421
2025-10-19 11:26:12 | INFO | EM.print | epoch: 0011 loss_train: 3.5521 task_loss: 0.2447 cont_loss: 6.8837 adv_loss: 0.0206 auroc_train: 0.9527 auprc_train: 0.9528 precision_train: 0.8736 recall_train: 0.8797 f1_train: 0.8766 cm_train: (tn=1871, fp=273, fn=258, tp=1886)
2025-10-19 11:26:12 | INFO | EM.print | -------- Epoch 12 --------
2025-10-19 11:26:12 | INFO | EM.print | [AUG][online][epoch=12][iter=0] start name=random_permute_features noise_std=0.02 mask_rate=0.05 seed=11000
2025-10-19 11:26:12 | INFO | EM.print | [AUG][online][epoch=12][iter=0] done name=random_permute_features shape=(1140, 1140)
2025-10-19 11:26:12 | INFO | EM.print | [ONLINE-AUG] mode=online name=random_permute_features noise_std=0.02 mask_rate=0.05 base_seed=0
2025-10-19 11:26:13 | INFO | EM.print | epoch: 12/ iteration: 1/ loss_train: 3.5533695 | task_loss:0.2434 cont_loss:6.9008 adv_loss:0.0094
2025-10-19 11:26:14 | INFO | EM.print | epoch: 0012 loss_train: 3.5315 task_loss: 0.1915 cont_loss: 6.8924 adv_loss: 0.0145 auroc_train: 0.9564 auprc_train: 0.9560 precision_train: 0.8815 recall_train: 0.8778 f1_train: 0.8796 cm_train: (tn=1891, fp=253, fn=262, tp=1882)
2025-10-19 11:26:14 | INFO | EM.print | -------- Epoch 13 --------
2025-10-19 11:26:14 | INFO | EM.print | [AUG][online][epoch=13][iter=0] start name=random_permute_features noise_std=0.02 mask_rate=0.05 seed=12000
2025-10-19 11:26:14 | INFO | EM.print | [AUG][online][epoch=13][iter=0] done name=random_permute_features shape=(1140, 1140)
2025-10-19 11:26:14 | INFO | EM.print | [ONLINE-AUG] mode=online name=random_permute_features noise_std=0.02 mask_rate=0.05 base_seed=0
2025-10-19 11:26:14 | INFO | EM.print | epoch: 13/ iteration: 1/ loss_train: 3.5901353 | task_loss:0.3315 cont_loss:6.8971 adv_loss:0.0150
2025-10-19 11:26:15 | INFO | EM.print | epoch: 0013 loss_train: 3.5487 task_loss: 0.2776 cont_loss: 6.8573 adv_loss: 0.0150 auroc_train: 0.9564 auprc_train: 0.9565 precision_train: 0.8788 recall_train: 0.8821 f1_train: 0.8804 cm_train: (tn=1882, fp=261, fn=253, tp=1892)
2025-10-19 11:26:15 | INFO | EM.print | -------- Epoch 14 --------
2025-10-19 11:26:15 | INFO | EM.print | [AUG][online][epoch=14][iter=0] start name=random_permute_features noise_std=0.02 mask_rate=0.05 seed=13000
2025-10-19 11:26:15 | INFO | EM.print | [AUG][online][epoch=14][iter=0] done name=random_permute_features shape=(1140, 1140)
2025-10-19 11:26:15 | INFO | EM.print | [ONLINE-AUG] mode=online name=random_permute_features noise_std=0.02 mask_rate=0.05 base_seed=0
2025-10-19 11:26:15 | INFO | EM.print | epoch: 14/ iteration: 1/ loss_train: 3.5376463 | task_loss:0.2378 cont_loss:6.8670 adv_loss:0.0150
2025-10-19 11:26:17 | INFO | EM.print | epoch: 0014 loss_train: 3.5363 task_loss: 0.2693 cont_loss: 6.8474 adv_loss: 0.0082 auroc_train: 0.9563 auprc_train: 0.9568 precision_train: 0.8799 recall_train: 0.8856 f1_train: 0.8827 cm_train: (tn=1887, fp=259, fn=245, tp=1897)
2025-10-19 11:26:17 | INFO | EM.print | -------- Epoch 15 --------
2025-10-19 11:26:17 | INFO | EM.print | [AUG][online][epoch=15][iter=0] start name=random_permute_features noise_std=0.02 mask_rate=0.05 seed=14000
2025-10-19 11:26:17 | INFO | EM.print | [AUG][online][epoch=15][iter=0] done name=random_permute_features shape=(1140, 1140)
2025-10-19 11:26:17 | INFO | EM.print | [ONLINE-AUG] mode=online name=random_permute_features noise_std=0.02 mask_rate=0.05 base_seed=0
2025-10-19 11:26:17 | INFO | EM.print | epoch: 15/ iteration: 1/ loss_train: 3.5212004 | task_loss:0.1908 cont_loss:6.8781 adv_loss:0.0097
2025-10-19 11:26:18 | INFO | EM.print | epoch: 0015 loss_train: 3.5852 task_loss: 0.3114 cont_loss: 6.9113 adv_loss: 0.0083 auroc_train: 0.9592 auprc_train: 0.9597 precision_train: 0.8777 recall_train: 0.8871 f1_train: 0.8824 cm_train: (tn=1879, fp=265, fn=242, tp=1902)
2025-10-19 11:26:18 | INFO | EM.print | -------- Epoch 16 --------
2025-10-19 11:26:18 | INFO | EM.print | [AUG][online][epoch=16][iter=0] start name=random_permute_features noise_std=0.02 mask_rate=0.05 seed=15000
2025-10-19 11:26:18 | INFO | EM.print | [AUG][online][epoch=16][iter=0] done name=random_permute_features shape=(1140, 1140)
2025-10-19 11:26:18 | INFO | EM.print | [ONLINE-AUG] mode=online name=random_permute_features noise_std=0.02 mask_rate=0.05 base_seed=0
2025-10-19 11:26:18 | INFO | EM.print | epoch: 16/ iteration: 1/ loss_train: 3.5787878 | task_loss:0.3236 cont_loss:6.8876 adv_loss:0.0093
2025-10-19 11:26:20 | INFO | EM.print | epoch: 0016 loss_train: 3.5175 task_loss: 0.1939 cont_loss: 6.8684 adv_loss: 0.0096 auroc_train: 0.9594 auprc_train: 0.9592 precision_train: 0.8785 recall_train: 0.8834 f1_train: 0.8809 cm_train: (tn=1882, fp=262, fn=250, tp=1894)
2025-10-19 11:26:20 | INFO | EM.print | -------- Epoch 17 --------
2025-10-19 11:26:20 | INFO | EM.print | [AUG][online][epoch=17][iter=0] start name=random_permute_features noise_std=0.02 mask_rate=0.05 seed=16000
2025-10-19 11:26:20 | INFO | EM.print | [AUG][online][epoch=17][iter=0] done name=random_permute_features shape=(1140, 1140)
2025-10-19 11:26:20 | INFO | EM.print | [ONLINE-AUG] mode=online name=random_permute_features noise_std=0.02 mask_rate=0.05 base_seed=0
2025-10-19 11:26:20 | INFO | EM.print | epoch: 17/ iteration: 1/ loss_train: 3.5417066 | task_loss:0.3085 cont_loss:6.8291 adv_loss:0.0063
2025-10-19 11:26:22 | INFO | EM.print | epoch: 0017 loss_train: 3.5387 task_loss: 0.2632 cont_loss: 6.8596 adv_loss: 0.0061 auroc_train: 0.9603 auprc_train: 0.9593 precision_train: 0.8777 recall_train: 0.8941 f1_train: 0.8859 cm_train: (tn=1877, fp=267, fn=227, tp=1917)
2025-10-19 11:26:22 | INFO | EM.print | -------- Epoch 18 --------
2025-10-19 11:26:22 | INFO | EM.print | [AUG][online][epoch=18][iter=0] start name=random_permute_features noise_std=0.02 mask_rate=0.05 seed=17000
2025-10-19 11:26:22 | INFO | EM.print | [AUG][online][epoch=18][iter=0] done name=random_permute_features shape=(1140, 1140)
2025-10-19 11:26:22 | INFO | EM.print | [ONLINE-AUG] mode=online name=random_permute_features noise_std=0.02 mask_rate=0.05 base_seed=0
2025-10-19 11:26:22 | INFO | EM.print | epoch: 18/ iteration: 1/ loss_train: 3.5483189 | task_loss:0.2715 cont_loss:6.8661 adv_loss:0.0112
2025-10-19 11:26:23 | INFO | EM.print | epoch: 0018 loss_train: 3.5160 task_loss: 0.2234 cont_loss: 6.8460 adv_loss: 0.0061 auroc_train: 0.9593 auprc_train: 0.9584 precision_train: 0.8767 recall_train: 0.8894 f1_train: 0.8830 cm_train: (tn=1878, fp=268, fn=237, tp=1905)
2025-10-19 11:26:23 | INFO | EM.print | -------- Epoch 19 --------
2025-10-19 11:26:23 | INFO | EM.print | [AUG][online][epoch=19][iter=0] start name=random_permute_features noise_std=0.02 mask_rate=0.05 seed=18000
2025-10-19 11:26:23 | INFO | EM.print | [AUG][online][epoch=19][iter=0] done name=random_permute_features shape=(1140, 1140)
2025-10-19 11:26:23 | INFO | EM.print | [ONLINE-AUG] mode=online name=random_permute_features noise_std=0.02 mask_rate=0.05 base_seed=0
2025-10-19 11:26:23 | INFO | EM.print | epoch: 19/ iteration: 1/ loss_train: 3.524412 | task_loss:0.2952 cont_loss:6.8014 adv_loss:0.0093
2025-10-19 11:26:25 | INFO | EM.print | epoch: 0019 loss_train: 3.5254 task_loss: 0.2134 cont_loss: 6.8689 adv_loss: 0.0093 auroc_train: 0.9613 auprc_train: 0.9609 precision_train: 0.8842 recall_train: 0.8867 f1_train: 0.8854 cm_train: (tn=1895, fp=249, fn=243, tp=1901)
2025-10-19 11:26:25 | INFO | EM.print | -------- Epoch 20 --------
2025-10-19 11:26:25 | INFO | EM.print | [AUG][online][epoch=20][iter=0] start name=random_permute_features noise_std=0.02 mask_rate=0.05 seed=19000
2025-10-19 11:26:25 | INFO | EM.print | [AUG][online][epoch=20][iter=0] done name=random_permute_features shape=(1140, 1140)
2025-10-19 11:26:25 | INFO | EM.print | [ONLINE-AUG] mode=online name=random_permute_features noise_std=0.02 mask_rate=0.05 base_seed=0
2025-10-19 11:26:25 | INFO | EM.print | epoch: 20/ iteration: 1/ loss_train: 3.520472 | task_loss:0.2493 cont_loss:6.8283 adv_loss:0.0110
2025-10-19 11:26:26 | INFO | EM.print | epoch: 0020 loss_train: 3.5125 task_loss: 0.2347 cont_loss: 6.8281 adv_loss: 0.0076 auroc_train: 0.9606 auprc_train: 0.9601 precision_train: 0.8781 recall_train: 0.8932 f1_train: 0.8856 cm_train: (tn=1877, fp=266, fn=229, tp=1916)
2025-10-19 11:26:26 | INFO | EM.print | -------- Epoch 21 --------
2025-10-19 11:26:26 | INFO | EM.print | [AUG][online][epoch=21][iter=0] start name=random_permute_features noise_std=0.02 mask_rate=0.05 seed=20000
2025-10-19 11:26:26 | INFO | EM.print | [AUG][online][epoch=21][iter=0] done name=random_permute_features shape=(1140, 1140)
2025-10-19 11:26:26 | INFO | EM.print | [ONLINE-AUG] mode=online name=random_permute_features noise_std=0.02 mask_rate=0.05 base_seed=0
2025-10-19 11:26:26 | INFO | EM.print | epoch: 21/ iteration: 1/ loss_train: 3.5253453 | task_loss:0.2880 cont_loss:6.8042 adv_loss:0.0135
2025-10-19 11:26:28 | INFO | EM.print | epoch: 0021 loss_train: 3.5520 task_loss: 0.3312 cont_loss: 6.8295 adv_loss: 0.0079 auroc_train: 0.9625 auprc_train: 0.9620 precision_train: 0.8774 recall_train: 0.9024 f1_train: 0.8898 cm_train: (tn=1876, fp=270, fn=209, tp=1933)
2025-10-19 11:26:28 | INFO | EM.print | -------- Epoch 22 --------
2025-10-19 11:26:28 | INFO | EM.print | [AUG][online][epoch=22][iter=0] start name=random_permute_features noise_std=0.02 mask_rate=0.05 seed=21000
2025-10-19 11:26:28 | INFO | EM.print | [AUG][online][epoch=22][iter=0] done name=random_permute_features shape=(1140, 1140)
2025-10-19 11:26:28 | INFO | EM.print | [ONLINE-AUG] mode=online name=random_permute_features noise_std=0.02 mask_rate=0.05 base_seed=0
2025-10-19 11:26:28 | INFO | EM.print | epoch: 22/ iteration: 1/ loss_train: 3.5301635 | task_loss:0.3041 cont_loss:6.8098 adv_loss:0.0060
2025-10-19 11:26:29 | INFO | EM.print | epoch: 0022 loss_train: 3.4700 task_loss: 0.2309 cont_loss: 6.7421 adv_loss: 0.0111 auroc_train: 0.9640 auprc_train: 0.9635 precision_train: 0.8899 recall_train: 0.9040 f1_train: 0.8969 cm_train: (tn=1902, fp=240, fn=206, tp=1940)
2025-10-19 11:26:29 | INFO | EM.print | -------- Epoch 23 --------
2025-10-19 11:26:29 | INFO | EM.print | [AUG][online][epoch=23][iter=0] start name=random_permute_features noise_std=0.02 mask_rate=0.05 seed=22000
2025-10-19 11:26:29 | INFO | EM.print | [AUG][online][epoch=23][iter=0] done name=random_permute_features shape=(1140, 1140)
2025-10-19 11:26:29 | INFO | EM.print | [ONLINE-AUG] mode=online name=random_permute_features noise_std=0.02 mask_rate=0.05 base_seed=0
2025-10-19 11:26:29 | INFO | EM.print | epoch: 23/ iteration: 1/ loss_train: 3.4891195 | task_loss:0.2630 cont_loss:6.7610 adv_loss:0.0057
2025-10-19 11:26:31 | INFO | EM.print | epoch: 0023 loss_train: 3.5142 task_loss: 0.1945 cont_loss: 6.8622 adv_loss: 0.0088 auroc_train: 0.9643 auprc_train: 0.9632 precision_train: 0.8896 recall_train: 0.9012 f1_train: 0.8953 cm_train: (tn=1903, fp=240, fn=212, tp=1933)
2025-10-19 11:26:31 | INFO | EM.print | -------- Epoch 24 --------
2025-10-19 11:26:31 | INFO | EM.print | [AUG][online][epoch=24][iter=0] start name=random_permute_features noise_std=0.02 mask_rate=0.05 seed=23000
2025-10-19 11:26:31 | INFO | EM.print | [AUG][online][epoch=24][iter=0] done name=random_permute_features shape=(1140, 1140)
2025-10-19 11:26:31 | INFO | EM.print | [ONLINE-AUG] mode=online name=random_permute_features noise_std=0.02 mask_rate=0.05 base_seed=0
2025-10-19 11:26:31 | INFO | EM.print | epoch: 24/ iteration: 1/ loss_train: 3.4736235 | task_loss:0.1674 cont_loss:6.8050 adv_loss:0.0070
2025-10-19 11:26:32 | INFO | EM.print | epoch: 0024 loss_train: 3.4368 task_loss: 0.1618 cont_loss: 6.7361 adv_loss: 0.0067 auroc_train: 0.9695 auprc_train: 0.9684 precision_train: 0.9012 recall_train: 0.9109 f1_train: 0.9060 cm_train: (tn=1931, fp=214, fn=191, tp=1952)
2025-10-19 11:26:32 | INFO | EM.print | -------- Epoch 25 --------
2025-10-19 11:26:32 | INFO | EM.print | [AUG][online][epoch=25][iter=0] start name=random_permute_features noise_std=0.02 mask_rate=0.05 seed=24000
2025-10-19 11:26:32 | INFO | EM.print | [AUG][online][epoch=25][iter=0] done name=random_permute_features shape=(1140, 1140)
2025-10-19 11:26:32 | INFO | EM.print | [ONLINE-AUG] mode=online name=random_permute_features noise_std=0.02 mask_rate=0.05 base_seed=0
2025-10-19 11:26:32 | INFO | EM.print | epoch: 25/ iteration: 1/ loss_train: 3.4561062 | task_loss:0.2535 cont_loss:6.7030 adv_loss:0.0054
2025-10-19 11:26:34 | INFO | EM.print | epoch: 0025 loss_train: 3.4230 task_loss: 0.1181 cont_loss: 6.7447 adv_loss: 0.0057 auroc_train: 0.9685 auprc_train: 0.9684 precision_train: 0.8931 recall_train: 0.9114 f1_train: 0.9021 cm_train: (tn=1910, fp=234, fn=190, tp=1954)
2025-10-19 11:26:34 | INFO | EM.print | -------- Epoch 26 --------
2025-10-19 11:26:34 | INFO | EM.print | [AUG][online][epoch=26][iter=0] start name=random_permute_features noise_std=0.02 mask_rate=0.05 seed=25000
2025-10-19 11:26:34 | INFO | EM.print | [AUG][online][epoch=26][iter=0] done name=random_permute_features shape=(1140, 1140)
2025-10-19 11:26:34 | INFO | EM.print | [ONLINE-AUG] mode=online name=random_permute_features noise_std=0.02 mask_rate=0.05 base_seed=0
2025-10-19 11:26:34 | INFO | EM.print | epoch: 26/ iteration: 1/ loss_train: 3.4686384 | task_loss:0.1773 cont_loss:6.7825 adv_loss:0.0108
2025-10-19 11:26:35 | INFO | EM.print | epoch: 0026 loss_train: 3.4904 task_loss: 0.2703 cont_loss: 6.7591 adv_loss: 0.0045 auroc_train: 0.9704 auprc_train: 0.9701 precision_train: 0.8967 recall_train: 0.9122 f1_train: 0.9044 cm_train: (tn=1921, fp=225, fn=188, tp=1954)
2025-10-19 11:26:35 | INFO | EM.print | -------- Epoch 27 --------
2025-10-19 11:26:35 | INFO | EM.print | [AUG][online][epoch=27][iter=0] start name=random_permute_features noise_std=0.02 mask_rate=0.05 seed=26000
2025-10-19 11:26:35 | INFO | EM.print | [AUG][online][epoch=27][iter=0] done name=random_permute_features shape=(1140, 1140)
2025-10-19 11:26:35 | INFO | EM.print | [ONLINE-AUG] mode=online name=random_permute_features noise_std=0.02 mask_rate=0.05 base_seed=0
2025-10-19 11:26:35 | INFO | EM.print | epoch: 27/ iteration: 1/ loss_train: 3.4649646 | task_loss:0.2389 cont_loss:6.7328 adv_loss:0.0050
2025-10-19 11:26:37 | INFO | EM.print | epoch: 0027 loss_train: 3.5254 task_loss: 0.2923 cont_loss: 6.8048 adv_loss: 0.0102 auroc_train: 0.9696 auprc_train: 0.9685 precision_train: 0.9026 recall_train: 0.9094 f1_train: 0.9060 cm_train: (tn=1937, fp=210, fn=194, tp=1947)
2025-10-19 11:26:37 | INFO | EM.print | -------- Epoch 28 --------
2025-10-19 11:26:37 | INFO | EM.print | [AUG][online][epoch=28][iter=0] start name=random_permute_features noise_std=0.02 mask_rate=0.05 seed=27000
2025-10-19 11:26:37 | INFO | EM.print | [AUG][online][epoch=28][iter=0] done name=random_permute_features shape=(1140, 1140)
2025-10-19 11:26:37 | INFO | EM.print | [ONLINE-AUG] mode=online name=random_permute_features noise_std=0.02 mask_rate=0.05 base_seed=0
2025-10-19 11:26:37 | INFO | EM.print | epoch: 28/ iteration: 1/ loss_train: 3.5036402 | task_loss:0.1979 cont_loss:6.8411 adv_loss:0.0065
2025-10-19 11:26:38 | INFO | EM.print | epoch: 0028 loss_train: 3.4719 task_loss: 0.2562 cont_loss: 6.7305 adv_loss: 0.0069 auroc_train: 0.9728 auprc_train: 0.9721 precision_train: 0.9050 recall_train: 0.9147 f1_train: 0.9098 cm_train: (tn=1936, fp=206, fn=183, tp=1963)
2025-10-19 11:26:38 | INFO | EM.print | -------- Epoch 29 --------
2025-10-19 11:26:38 | INFO | EM.print | [AUG][online][epoch=29][iter=0] start name=random_permute_features noise_std=0.02 mask_rate=0.05 seed=28000
2025-10-19 11:26:38 | INFO | EM.print | [AUG][online][epoch=29][iter=0] done name=random_permute_features shape=(1140, 1140)
2025-10-19 11:26:38 | INFO | EM.print | [ONLINE-AUG] mode=online name=random_permute_features noise_std=0.02 mask_rate=0.05 base_seed=0
2025-10-19 11:26:38 | INFO | EM.print | epoch: 29/ iteration: 1/ loss_train: 3.5639606 | task_loss:0.3968 cont_loss:6.8027 adv_loss:0.0065
2025-10-19 11:26:40 | INFO | EM.print | epoch: 0029 loss_train: 3.4412 task_loss: 0.2494 cont_loss: 6.6775 adv_loss: 0.0044 auroc_train: 0.9700 auprc_train: 0.9687 precision_train: 0.8985 recall_train: 0.9085 f1_train: 0.9035 cm_train: (tn=1925, fp=220, fn=196, tp=1947)
2025-10-19 11:26:40 | INFO | EM.print | -------- Epoch 30 --------
2025-10-19 11:26:40 | INFO | EM.print | [AUG][online][epoch=30][iter=0] start name=random_permute_features noise_std=0.02 mask_rate=0.05 seed=29000
2025-10-19 11:26:40 | INFO | EM.print | [AUG][online][epoch=30][iter=0] done name=random_permute_features shape=(1140, 1140)
2025-10-19 11:26:40 | INFO | EM.print | [ONLINE-AUG] mode=online name=random_permute_features noise_std=0.02 mask_rate=0.05 base_seed=0
2025-10-19 11:26:40 | INFO | EM.print | epoch: 30/ iteration: 1/ loss_train: 3.4585083 | task_loss:0.1932 cont_loss:6.7582 adv_loss:0.0036
2025-10-19 11:26:41 | INFO | EM.print | epoch: 0030 loss_train: 3.4441 task_loss: 0.1567 cont_loss: 6.7584 adv_loss: 0.0037 auroc_train: 0.9731 auprc_train: 0.9721 precision_train: 0.9041 recall_train: 0.9150 f1_train: 0.9095 cm_train: (tn=1938, fp=208, fn=182, tp=1960)
2025-10-19 11:26:41 | INFO | EM.print | -------- Epoch 31 --------
2025-10-19 11:26:41 | INFO | EM.print | [AUG][online][epoch=31][iter=0] start name=random_permute_features noise_std=0.02 mask_rate=0.05 seed=30000
2025-10-19 11:26:41 | INFO | EM.print | [AUG][online][epoch=31][iter=0] done name=random_permute_features shape=(1140, 1140)
2025-10-19 11:26:41 | INFO | EM.print | [ONLINE-AUG] mode=online name=random_permute_features noise_std=0.02 mask_rate=0.05 base_seed=0
2025-10-19 11:26:41 | INFO | EM.print | epoch: 31/ iteration: 1/ loss_train: 3.4172843 | task_loss:0.1702 cont_loss:6.6932 adv_loss:0.0044
2025-10-19 11:26:43 | INFO | EM.print | epoch: 0031 loss_train: 3.4812 task_loss: 0.3170 cont_loss: 6.7030 adv_loss: 0.0047 auroc_train: 0.9741 auprc_train: 0.9731 precision_train: 0.9027 recall_train: 0.9212 f1_train: 0.9119 cm_train: (tn=1930, fp=213, fn=169, tp=1976)
2025-10-19 11:26:43 | INFO | EM.print | -------- Epoch 32 --------
2025-10-19 11:26:43 | INFO | EM.print | [AUG][online][epoch=32][iter=0] start name=random_permute_features noise_std=0.02 mask_rate=0.05 seed=31000
2025-10-19 11:26:43 | INFO | EM.print | [AUG][online][epoch=32][iter=0] done name=random_permute_features shape=(1140, 1140)
2025-10-19 11:26:43 | INFO | EM.print | [ONLINE-AUG] mode=online name=random_permute_features noise_std=0.02 mask_rate=0.05 base_seed=0
2025-10-19 11:26:43 | INFO | EM.print | epoch: 32/ iteration: 1/ loss_train: 3.4700596 | task_loss:0.1410 cont_loss:6.8221 adv_loss:0.0044
2025-10-19 11:26:44 | INFO | EM.print | epoch: 0032 loss_train: 3.5023 task_loss: 0.2515 cont_loss: 6.7981 adv_loss: 0.0045 auroc_train: 0.9740 auprc_train: 0.9733 precision_train: 0.9123 recall_train: 0.9166 f1_train: 0.9145 cm_train: (tn=1953, fp=189, fn=179, tp=1967)
2025-10-19 11:26:44 | INFO | EM.print | -------- Epoch 33 --------
2025-10-19 11:26:44 | INFO | EM.print | [AUG][online][epoch=33][iter=0] start name=random_permute_features noise_std=0.02 mask_rate=0.05 seed=32000
2025-10-19 11:26:44 | INFO | EM.print | [AUG][online][epoch=33][iter=0] done name=random_permute_features shape=(1140, 1140)
2025-10-19 11:26:44 | INFO | EM.print | [ONLINE-AUG] mode=online name=random_permute_features noise_std=0.02 mask_rate=0.05 base_seed=0
2025-10-19 11:26:44 | INFO | EM.print | epoch: 33/ iteration: 1/ loss_train: 3.5080073 | task_loss:0.1912 cont_loss:6.8583 adv_loss:0.0039
2025-10-19 11:26:46 | INFO | EM.print | epoch: 0033 loss_train: 3.4441 task_loss: 0.2174 cont_loss: 6.7101 adv_loss: 0.0034 auroc_train: 0.9727 auprc_train: 0.9717 precision_train: 0.9105 recall_train: 0.9118 f1_train: 0.9111 cm_train: (tn=1954, fp=192, fn=189, tp=1953)
2025-10-19 11:26:46 | INFO | EM.print | -------- Epoch 34 --------
2025-10-19 11:26:46 | INFO | EM.print | [AUG][online][epoch=34][iter=0] start name=random_permute_features noise_std=0.02 mask_rate=0.05 seed=33000
2025-10-19 11:26:46 | INFO | EM.print | [AUG][online][epoch=34][iter=0] done name=random_permute_features shape=(1140, 1140)
2025-10-19 11:26:46 | INFO | EM.print | [ONLINE-AUG] mode=online name=random_permute_features noise_std=0.02 mask_rate=0.05 base_seed=0
2025-10-19 11:26:46 | INFO | EM.print | epoch: 34/ iteration: 1/ loss_train: 3.4494176 | task_loss:0.1844 cont_loss:6.7465 adv_loss:0.0040
2025-10-19 11:26:47 | INFO | EM.print | epoch: 0034 loss_train: 3.4974 task_loss: 0.1696 cont_loss: 6.8508 adv_loss: 0.0069 auroc_train: 0.9757 auprc_train: 0.9753 precision_train: 0.9103 recall_train: 0.9192 f1_train: 0.9148 cm_train: (tn=1952, fp=194, fn=173, tp=1969)
2025-10-19 11:26:47 | INFO | EM.print | -------- Epoch 35 --------
2025-10-19 11:26:47 | INFO | EM.print | [AUG][online][epoch=35][iter=0] start name=random_permute_features noise_std=0.02 mask_rate=0.05 seed=34000
2025-10-19 11:26:47 | INFO | EM.print | [AUG][online][epoch=35][iter=0] done name=random_permute_features shape=(1140, 1140)
2025-10-19 11:26:47 | INFO | EM.print | [ONLINE-AUG] mode=online name=random_permute_features noise_std=0.02 mask_rate=0.05 base_seed=0
2025-10-19 11:26:47 | INFO | EM.print | epoch: 35/ iteration: 1/ loss_train: 3.3923013 | task_loss:0.2272 cont_loss:6.5954 adv_loss:0.0062
2025-10-19 11:26:49 | INFO | EM.print | epoch: 0035 loss_train: 3.4045 task_loss: 0.2814 cont_loss: 6.5781 adv_loss: 0.0048 auroc_train: 0.9780 auprc_train: 0.9772 precision_train: 0.9160 recall_train: 0.9254 f1_train: 0.9207 cm_train: (tn=1961, fp=182, fn=160, tp=1985)
2025-10-19 11:26:49 | INFO | EM.print | -------- Epoch 36 --------
2025-10-19 11:26:49 | INFO | EM.print | [AUG][online][epoch=36][iter=0] start name=random_permute_features noise_std=0.02 mask_rate=0.05 seed=35000
2025-10-19 11:26:49 | INFO | EM.print | [AUG][online][epoch=36][iter=0] done name=random_permute_features shape=(1140, 1140)
2025-10-19 11:26:49 | INFO | EM.print | [ONLINE-AUG] mode=online name=random_permute_features noise_std=0.02 mask_rate=0.05 base_seed=0
2025-10-19 11:26:49 | INFO | EM.print | epoch: 36/ iteration: 1/ loss_train: 3.4438686 | task_loss:0.1332 cont_loss:6.7786 adv_loss:0.0022
2025-10-19 11:26:50 | INFO | EM.print | epoch: 0036 loss_train: 3.4214 task_loss: 0.1691 cont_loss: 6.7001 adv_loss: 0.0061 auroc_train: 0.9772 auprc_train: 0.9763 precision_train: 0.9174 recall_train: 0.9264 f1_train: 0.9219 cm_train: (tn=1962, fp=179, fn=158, tp=1989)
2025-10-19 11:26:50 | INFO | EM.print | -------- Epoch 37 --------
2025-10-19 11:26:50 | INFO | EM.print | [AUG][online][epoch=37][iter=0] start name=random_permute_features noise_std=0.02 mask_rate=0.05 seed=36000
2025-10-19 11:26:50 | INFO | EM.print | [AUG][online][epoch=37][iter=0] done name=random_permute_features shape=(1140, 1140)
2025-10-19 11:26:50 | INFO | EM.print | [ONLINE-AUG] mode=online name=random_permute_features noise_std=0.02 mask_rate=0.05 base_seed=0
2025-10-19 11:26:50 | INFO | EM.print | epoch: 37/ iteration: 1/ loss_train: 3.381076 | task_loss:0.1446 cont_loss:6.6372 adv_loss:0.0077
2025-10-19 11:26:52 | INFO | EM.print | epoch: 0037 loss_train: 3.4130 task_loss: 0.1170 cont_loss: 6.7248 adv_loss: 0.0065 auroc_train: 0.9775 auprc_train: 0.9769 precision_train: 0.9123 recall_train: 0.9310 f1_train: 0.9216 cm_train: (tn=1951, fp=192, fn=148, tp=1997)
2025-10-19 11:26:52 | INFO | EM.print | -------- Epoch 38 --------
2025-10-19 11:26:52 | INFO | EM.print | [AUG][online][epoch=38][iter=0] start name=random_permute_features noise_std=0.02 mask_rate=0.05 seed=37000
2025-10-19 11:26:52 | INFO | EM.print | [AUG][online][epoch=38][iter=0] done name=random_permute_features shape=(1140, 1140)
2025-10-19 11:26:52 | INFO | EM.print | [ONLINE-AUG] mode=online name=random_permute_features noise_std=0.02 mask_rate=0.05 base_seed=0
2025-10-19 11:26:52 | INFO | EM.print | epoch: 38/ iteration: 1/ loss_train: 3.4430363 | task_loss:0.2021 cont_loss:6.7103 adv_loss:0.0117
2025-10-19 11:26:53 | INFO | EM.print | epoch: 0038 loss_train: 3.4902 task_loss: 0.2769 cont_loss: 6.7521 adv_loss: 0.0056 auroc_train: 0.9793 auprc_train: 0.9788 precision_train: 0.9265 recall_train: 0.9343 f1_train: 0.9304 cm_train: (tn=1983, fp=159, fn=141, tp=2005)
2025-10-19 11:26:53 | INFO | EM.print | -------- Epoch 39 --------
2025-10-19 11:26:53 | INFO | EM.print | [AUG][online][epoch=39][iter=0] start name=random_permute_features noise_std=0.02 mask_rate=0.05 seed=38000
2025-10-19 11:26:53 | INFO | EM.print | [AUG][online][epoch=39][iter=0] done name=random_permute_features shape=(1140, 1140)
2025-10-19 11:26:53 | INFO | EM.print | [ONLINE-AUG] mode=online name=random_permute_features noise_std=0.02 mask_rate=0.05 base_seed=0
2025-10-19 11:26:53 | INFO | EM.print | epoch: 39/ iteration: 1/ loss_train: 3.4311066 | task_loss:0.2170 cont_loss:6.6826 adv_loss:0.0050
2025-10-19 11:26:55 | INFO | EM.print | epoch: 0039 loss_train: 3.4575 task_loss: 0.1868 cont_loss: 6.7618 adv_loss: 0.0032 auroc_train: 0.9787 auprc_train: 0.9780 precision_train: 0.9131 recall_train: 0.9348 f1_train: 0.9238 cm_train: (tn=1950, fp=191, fn=140, tp=2007)
2025-10-19 11:26:55 | INFO | EM.print | -------- Epoch 40 --------
2025-10-19 11:26:55 | INFO | EM.print | [AUG][online][epoch=40][iter=0] start name=random_permute_features noise_std=0.02 mask_rate=0.05 seed=39000
2025-10-19 11:26:55 | INFO | EM.print | [AUG][online][epoch=40][iter=0] done name=random_permute_features shape=(1140, 1140)
2025-10-19 11:26:55 | INFO | EM.print | [ONLINE-AUG] mode=online name=random_permute_features noise_std=0.02 mask_rate=0.05 base_seed=0
2025-10-19 11:26:55 | INFO | EM.print | epoch: 40/ iteration: 1/ loss_train: 3.439869 | task_loss:0.1090 cont_loss:6.7855 adv_loss:0.0058
2025-10-19 11:26:56 | INFO | EM.print | epoch: 0040 loss_train: 3.4521 task_loss: 0.1339 cont_loss: 6.7894 adv_loss: 0.0064 auroc_train: 0.9790 auprc_train: 0.9782 precision_train: 0.9239 recall_train: 0.9231 f1_train: 0.9235 cm_train: (tn=1980, fp=163, fn=165, tp=1980)
2025-10-19 11:26:56 | INFO | EM.print | -------- Epoch 41 --------
2025-10-19 11:26:57 | INFO | EM.print | [AUG][online][epoch=41][iter=0] start name=random_permute_features noise_std=0.02 mask_rate=0.05 seed=40000
2025-10-19 11:26:57 | INFO | EM.print | [AUG][online][epoch=41][iter=0] done name=random_permute_features shape=(1140, 1140)
2025-10-19 11:26:57 | INFO | EM.print | [ONLINE-AUG] mode=online name=random_permute_features noise_std=0.02 mask_rate=0.05 base_seed=0
2025-10-19 11:26:57 | INFO | EM.print | epoch: 41/ iteration: 1/ loss_train: 3.4896617 | task_loss:0.2384 cont_loss:6.7844 adv_loss:0.0034
2025-10-19 11:26:58 | INFO | EM.print | epoch: 0041 loss_train: 3.4365 task_loss: 0.1478 cont_loss: 6.7502 adv_loss: 0.0037 auroc_train: 0.9819 auprc_train: 0.9812 precision_train: 0.9222 recall_train: 0.9343 f1_train: 0.9282 cm_train: (tn=1974, fp=169, fn=141, tp=2004)
2025-10-19 11:26:58 | INFO | EM.print | -------- Epoch 42 --------
2025-10-19 11:26:58 | INFO | EM.print | [AUG][online][epoch=42][iter=0] start name=random_permute_features noise_std=0.02 mask_rate=0.05 seed=41000
2025-10-19 11:26:58 | INFO | EM.print | [AUG][online][epoch=42][iter=0] done name=random_permute_features shape=(1140, 1140)
2025-10-19 11:26:58 | INFO | EM.print | [ONLINE-AUG] mode=online name=random_permute_features noise_std=0.02 mask_rate=0.05 base_seed=0
2025-10-19 11:26:58 | INFO | EM.print | epoch: 42/ iteration: 1/ loss_train: 3.407596 | task_loss:0.0797 cont_loss:6.7492 adv_loss:0.0018
2025-10-19 11:27:00 | INFO | EM.print | epoch: 0042 loss_train: 3.4682 task_loss: 0.1939 cont_loss: 6.7747 adv_loss: 0.0054 auroc_train: 0.9814 auprc_train: 0.9805 precision_train: 0.9218 recall_train: 0.9347 f1_train: 0.9282 cm_train: (tn=1975, fp=170, fn=140, tp=2003)
2025-10-19 11:27:00 | INFO | EM.print | -------- Epoch 43 --------
2025-10-19 11:27:00 | INFO | EM.print | [AUG][online][epoch=43][iter=0] start name=random_permute_features noise_std=0.02 mask_rate=0.05 seed=42000
2025-10-19 11:27:00 | INFO | EM.print | [AUG][online][epoch=43][iter=0] done name=random_permute_features shape=(1140, 1140)
2025-10-19 11:27:00 | INFO | EM.print | [ONLINE-AUG] mode=online name=random_permute_features noise_std=0.02 mask_rate=0.05 base_seed=0
2025-10-19 11:27:00 | INFO | EM.print | epoch: 43/ iteration: 1/ loss_train: 3.5106158 | task_loss:0.2292 cont_loss:6.8306 adv_loss:0.0060
2025-10-19 11:27:01 | INFO | EM.print | epoch: 0043 loss_train: 3.4806 task_loss: 0.1726 cont_loss: 6.8177 adv_loss: 0.0045 auroc_train: 0.9806 auprc_train: 0.9797 precision_train: 0.9174 recall_train: 0.9324 f1_train: 0.9248 cm_train: (tn=1964, fp=180, fn=145, tp=1999)
2025-10-19 11:27:01 | INFO | EM.print | -------- Epoch 44 --------
2025-10-19 11:27:01 | INFO | EM.print | [AUG][online][epoch=44][iter=0] start name=random_permute_features noise_std=0.02 mask_rate=0.05 seed=43000
2025-10-19 11:27:01 | INFO | EM.print | [AUG][online][epoch=44][iter=0] done name=random_permute_features shape=(1140, 1140)
2025-10-19 11:27:01 | INFO | EM.print | [ONLINE-AUG] mode=online name=random_permute_features noise_std=0.02 mask_rate=0.05 base_seed=0
2025-10-19 11:27:01 | INFO | EM.print | epoch: 44/ iteration: 1/ loss_train: 3.4900262 | task_loss:0.1129 cont_loss:6.8828 adv_loss:0.0058
2025-10-19 11:27:03 | INFO | EM.print | epoch: 0044 loss_train: 3.4766 task_loss: 0.1533 cont_loss: 6.8262 adv_loss: 0.0035 auroc_train: 0.9816 auprc_train: 0.9803 precision_train: 0.9225 recall_train: 0.9384 f1_train: 0.9304 cm_train: (tn=1975, fp=169, fn=132, tp=2012)
2025-10-19 11:27:03 | INFO | EM.print | -------- Epoch 45 --------
2025-10-19 11:27:03 | INFO | EM.print | [AUG][online][epoch=45][iter=0] start name=random_permute_features noise_std=0.02 mask_rate=0.05 seed=44000
2025-10-19 11:27:03 | INFO | EM.print | [AUG][online][epoch=45][iter=0] done name=random_permute_features shape=(1140, 1140)
2025-10-19 11:27:03 | INFO | EM.print | [ONLINE-AUG] mode=online name=random_permute_features noise_std=0.02 mask_rate=0.05 base_seed=0
2025-10-19 11:27:03 | INFO | EM.print | epoch: 45/ iteration: 1/ loss_train: 3.4305801 | task_loss:0.0997 cont_loss:6.7774 adv_loss:0.0033
2025-10-19 11:27:04 | INFO | EM.print | epoch: 0045 loss_train: 3.5651 task_loss: 0.2769 cont_loss: 6.9050 adv_loss: 0.0031 auroc_train: 0.9795 auprc_train: 0.9784 precision_train: 0.9188 recall_train: 0.9334 f1_train: 0.9260 cm_train: (tn=1965, fp=177, fn=143, tp=2003)
2025-10-19 11:27:04 | INFO | EM.print | -------- Epoch 46 --------
2025-10-19 11:27:04 | INFO | EM.print | [AUG][online][epoch=46][iter=0] start name=random_permute_features noise_std=0.02 mask_rate=0.05 seed=45000
2025-10-19 11:27:04 | INFO | EM.print | [AUG][online][epoch=46][iter=0] done name=random_permute_features shape=(1140, 1140)
2025-10-19 11:27:04 | INFO | EM.print | [ONLINE-AUG] mode=online name=random_permute_features noise_std=0.02 mask_rate=0.05 base_seed=0
2025-10-19 11:27:04 | INFO | EM.print | epoch: 46/ iteration: 1/ loss_train: 3.369843 | task_loss:0.1890 cont_loss:6.5839 adv_loss:0.0038
2025-10-19 11:27:06 | INFO | EM.print | epoch: 0046 loss_train: 3.5502 task_loss: 0.2649 cont_loss: 6.8854 adv_loss: 0.0026 auroc_train: 0.9820 auprc_train: 0.9806 precision_train: 0.9256 recall_train: 0.9329 f1_train: 0.9292 cm_train: (tn=1981, fp=161, fn=144, tp=2002)
2025-10-19 11:27:06 | INFO | EM.print | -------- Epoch 47 --------
2025-10-19 11:27:06 | INFO | EM.print | [AUG][online][epoch=47][iter=0] start name=random_permute_features noise_std=0.02 mask_rate=0.05 seed=46000
2025-10-19 11:27:06 | INFO | EM.print | [AUG][online][epoch=47][iter=0] done name=random_permute_features shape=(1140, 1140)
2025-10-19 11:27:06 | INFO | EM.print | [ONLINE-AUG] mode=online name=random_permute_features noise_std=0.02 mask_rate=0.05 base_seed=0
2025-10-19 11:27:06 | INFO | EM.print | epoch: 47/ iteration: 1/ loss_train: 3.4155602 | task_loss:0.1811 cont_loss:6.6811 adv_loss:0.0043
2025-10-19 11:27:07 | INFO | EM.print | epoch: 0047 loss_train: 3.3950 task_loss: 0.1508 cont_loss: 6.6639 adv_loss: 0.0046 auroc_train: 0.9815 auprc_train: 0.9804 precision_train: 0.9270 recall_train: 0.9356 f1_train: 0.9313 cm_train: (tn=1987, fp=158, fn=138, tp=2005)
2025-10-19 11:27:07 | INFO | EM.print | -------- Epoch 48 --------
2025-10-19 11:27:07 | INFO | EM.print | [AUG][online][epoch=48][iter=0] start name=random_permute_features noise_std=0.02 mask_rate=0.05 seed=47000
2025-10-19 11:27:07 | INFO | EM.print | [AUG][online][epoch=48][iter=0] done name=random_permute_features shape=(1140, 1140)
2025-10-19 11:27:07 | INFO | EM.print | [ONLINE-AUG] mode=online name=random_permute_features noise_std=0.02 mask_rate=0.05 base_seed=0
2025-10-19 11:27:07 | INFO | EM.print | epoch: 48/ iteration: 1/ loss_train: 3.4237108 | task_loss:0.1237 cont_loss:6.7441 adv_loss:0.0037
2025-10-19 11:27:09 | INFO | EM.print | epoch: 0048 loss_train: 3.4523 task_loss: 0.1191 cont_loss: 6.8064 adv_loss: 0.0025 auroc_train: 0.9820 auprc_train: 0.9807 precision_train: 0.9251 recall_train: 0.9398 f1_train: 0.9324 cm_train: (tn=1982, fp=163, fn=129, tp=2014)
2025-10-19 11:27:09 | INFO | EM.print | -------- Epoch 49 --------
2025-10-19 11:27:09 | INFO | EM.print | [AUG][online][epoch=49][iter=0] start name=random_permute_features noise_std=0.02 mask_rate=0.05 seed=48000
2025-10-19 11:27:09 | INFO | EM.print | [AUG][online][epoch=49][iter=0] done name=random_permute_features shape=(1140, 1140)
2025-10-19 11:27:09 | INFO | EM.print | [ONLINE-AUG] mode=online name=random_permute_features noise_std=0.02 mask_rate=0.05 base_seed=0
2025-10-19 11:27:09 | INFO | EM.print | epoch: 49/ iteration: 1/ loss_train: 3.4001276 | task_loss:0.1048 cont_loss:6.7118 adv_loss:0.0039
2025-10-19 11:27:10 | INFO | EM.print | epoch: 0049 loss_train: 3.4282 task_loss: 0.1880 cont_loss: 6.7034 adv_loss: 0.0021 auroc_train: 0.9828 auprc_train: 0.9819 precision_train: 0.9278 recall_train: 0.9413 f1_train: 0.9345 cm_train: (tn=1986, fp=157, fn=126, tp=2019)
2025-10-19 11:27:10 | INFO | EM.print | -------- Epoch 50 --------
2025-10-19 11:27:10 | INFO | EM.print | [AUG][online][epoch=50][iter=0] start name=random_permute_features noise_std=0.02 mask_rate=0.05 seed=49000
2025-10-19 11:27:10 | INFO | EM.print | [AUG][online][epoch=50][iter=0] done name=random_permute_features shape=(1140, 1140)
2025-10-19 11:27:10 | INFO | EM.print | [ONLINE-AUG] mode=online name=random_permute_features noise_std=0.02 mask_rate=0.05 base_seed=0
2025-10-19 11:27:10 | INFO | EM.print | epoch: 50/ iteration: 1/ loss_train: 3.4934604 | task_loss:0.1458 cont_loss:6.8667 adv_loss:0.0030
2025-10-19 11:27:12 | INFO | EM.print | epoch: 0050 loss_train: 3.3530 task_loss: 0.1044 cont_loss: 6.6188 adv_loss: 0.0031 auroc_train: 0.9840 auprc_train: 0.9827 precision_train: 0.9294 recall_train: 0.9393 f1_train: 0.9343 cm_train: (tn=1992, fp=153, fn=130, tp=2013)
2025-10-19 11:27:12 | INFO | EM.print | Optimization Finished!
2025-10-19 11:27:12 | INFO | EM.result.save | Saved result text: /root/OUTPUT/result/LMI_B_013_data_20251019_112357/metrics/train_epoch_metrics_fold_2_20251019_112357.csv.txt
2025-10-19 11:27:12 | INFO | EM.print | [SAVE] Per-epoch train metrics saved: train_epoch_metrics_fold_2_20251019_112357.csv
2025-10-19 11:27:12 | INFO | EM.print | loss_test: 3.5392 auroc_test: 0.9501 auprc_test: 0.9438 precision_test: 0.8900 recall_test: 0.8641 f1_test: 0.8768 cm_test: (tn=454, fp=55, fn=70, tp=445)
2025-10-19 11:27:12 | INFO | EM | Fold 2 completed.
2025-10-19 11:27:12 | INFO | EM | === Fold 3/5 ===
2025-10-19 11:27:12 | INFO | EM.result.save | Saved result text: /root/OUTPUT/result/LMI_B_013_data_20251019_112357/metrics/adv_config_fold_3_20251019_112357.json.txt
2025-10-19 11:27:12 | INFO | EM.print | [SAVE] adv config saved: metrics/adv_config_fold_3_20251019_112357.json
2025-10-19 11:27:12 | INFO | EM.print | Start Training...
2025-10-19 11:27:12 | INFO | EM.print | -------- Epoch 1 --------
2025-10-19 11:27:13 | INFO | EM.print | [AUG][online][epoch=1][iter=0] start name=random_permute_features noise_std=0.02 mask_rate=0.05 seed=0
2025-10-19 11:27:13 | INFO | EM.print | [AUG][online][epoch=1][iter=0] done name=random_permute_features shape=(1140, 1140)
2025-10-19 11:27:13 | INFO | EM.print | [ONLINE-AUG] mode=online name=random_permute_features noise_std=0.02 mask_rate=0.05 base_seed=0
2025-10-19 11:27:13 | INFO | EM.print | epoch: 1/ iteration: 1/ loss_train: 2.304475 | task_loss:0.6969 cont_loss:3.0697 adv_loss:0.8181
2025-10-19 11:27:14 | INFO | EM.print | epoch: 0001 loss_train: 3.9867 task_loss: 0.5862 cont_loss: 6.9275 adv_loss: 0.4808 auroc_train: 0.7516 auprc_train: 0.7219 precision_train: 0.6711 recall_train: 0.6855 f1_train: 0.6782 cm_train: (tn=1421, fp=721, fn=675, tp=1471)
2025-10-19 11:27:14 | INFO | EM.print | -------- Epoch 2 --------
2025-10-19 11:27:15 | INFO | EM.print | [AUG][online][epoch=2][iter=0] start name=random_permute_features noise_std=0.02 mask_rate=0.05 seed=1000
2025-10-19 11:27:15 | INFO | EM.print | [AUG][online][epoch=2][iter=0] done name=random_permute_features shape=(1140, 1140)
2025-10-19 11:27:15 | INFO | EM.print | [ONLINE-AUG] mode=online name=random_permute_features noise_std=0.02 mask_rate=0.05 base_seed=0
2025-10-19 11:27:15 | INFO | EM.print | epoch: 2/ iteration: 1/ loss_train: 3.9286728 | task_loss:0.4510 cont_loss:6.9294 adv_loss:0.4726
2025-10-19 11:27:16 | INFO | EM.print | epoch: 0002 loss_train: 3.6575 task_loss: 0.3103 cont_loss: 6.9270 adv_loss: 0.1164 auroc_train: 0.8800 auprc_train: 0.8648 precision_train: 0.7916 recall_train: 0.8034 f1_train: 0.7974 cm_train: (tn=1688, fp=454, fn=422, tp=1724)
2025-10-19 11:27:16 | INFO | EM.print | -------- Epoch 3 --------
2025-10-19 11:27:16 | INFO | EM.print | [AUG][online][epoch=3][iter=0] start name=random_permute_features noise_std=0.02 mask_rate=0.05 seed=2000
2025-10-19 11:27:16 | INFO | EM.print | [AUG][online][epoch=3][iter=0] done name=random_permute_features shape=(1140, 1140)
2025-10-19 11:27:16 | INFO | EM.print | [ONLINE-AUG] mode=online name=random_permute_features noise_std=0.02 mask_rate=0.05 base_seed=0
2025-10-19 11:27:16 | INFO | EM.print | epoch: 3/ iteration: 1/ loss_train: 3.7441003 | task_loss:0.4988 cont_loss:6.9281 adv_loss:0.1342
2025-10-19 11:27:18 | INFO | EM.print | epoch: 0003 loss_train: 3.6521 task_loss: 0.3858 cont_loss: 6.9290 adv_loss: 0.0555 auroc_train: 0.9201 auprc_train: 0.9125 precision_train: 0.8423 recall_train: 0.8517 f1_train: 0.8469 cm_train: (tn=1802, fp=342, fn=318, tp=1826)
2025-10-19 11:27:18 | INFO | EM.print | -------- Epoch 4 --------
2025-10-19 11:27:18 | INFO | EM.print | [AUG][online][epoch=4][iter=0] start name=random_permute_features noise_std=0.02 mask_rate=0.05 seed=3000
2025-10-19 11:27:18 | INFO | EM.print | [AUG][online][epoch=4][iter=0] done name=random_permute_features shape=(1140, 1140)
2025-10-19 11:27:18 | INFO | EM.print | [ONLINE-AUG] mode=online name=random_permute_features noise_std=0.02 mask_rate=0.05 base_seed=0
2025-10-19 11:27:18 | INFO | EM.print | epoch: 4/ iteration: 1/ loss_train: 3.631155 | task_loss:0.3000 cont_loss:6.9310 adv_loss:0.0761
2025-10-19 11:27:19 | INFO | EM.print | epoch: 0004 loss_train: 3.6106 task_loss: 0.3235 cont_loss: 6.9203 adv_loss: 0.0350 auroc_train: 0.9316 auprc_train: 0.9291 precision_train: 0.8479 recall_train: 0.8566 f1_train: 0.8522 cm_train: (tn=1810, fp=330, fn=308, tp=1840)
2025-10-19 11:27:19 | INFO | EM.print | -------- Epoch 5 --------
2025-10-19 11:27:19 | INFO | EM.print | [AUG][online][epoch=5][iter=0] start name=random_permute_features noise_std=0.02 mask_rate=0.05 seed=4000
2025-10-19 11:27:19 | INFO | EM.print | [AUG][online][epoch=5][iter=0] done name=random_permute_features shape=(1140, 1140)
2025-10-19 11:27:19 | INFO | EM.print | [ONLINE-AUG] mode=online name=random_permute_features noise_std=0.02 mask_rate=0.05 base_seed=0
2025-10-19 11:27:19 | INFO | EM.print | epoch: 5/ iteration: 1/ loss_train: 3.5843477 | task_loss:0.2271 cont_loss:6.9283 adv_loss:0.0489
2025-10-19 11:27:21 | INFO | EM.print | epoch: 0005 loss_train: 3.5941 task_loss: 0.2837 cont_loss: 6.9234 adv_loss: 0.0316 auroc_train: 0.9394 auprc_train: 0.9373 precision_train: 0.8591 recall_train: 0.8731 f1_train: 0.8661 cm_train: (tn=1837, fp=307, fn=272, tp=1872)
2025-10-19 11:27:21 | INFO | EM.print | -------- Epoch 6 --------
2025-10-19 11:27:21 | INFO | EM.print | [AUG][online][epoch=6][iter=0] start name=random_permute_features noise_std=0.02 mask_rate=0.05 seed=5000
2025-10-19 11:27:21 | INFO | EM.print | [AUG][online][epoch=6][iter=0] done name=random_permute_features shape=(1140, 1140)
2025-10-19 11:27:21 | INFO | EM.print | [ONLINE-AUG] mode=online name=random_permute_features noise_std=0.02 mask_rate=0.05 base_seed=0
2025-10-19 11:27:21 | INFO | EM.print | epoch: 6/ iteration: 1/ loss_train: 3.5866132 | task_loss:0.2699 cont_loss:6.9094 adv_loss:0.0399
2025-10-19 11:27:22 | INFO | EM.print | epoch: 0006 loss_train: 3.4903 task_loss: 0.2295 cont_loss: 6.7687 adv_loss: 0.0236 auroc_train: 0.9417 auprc_train: 0.9413 precision_train: 0.8585 recall_train: 0.8713 f1_train: 0.8648 cm_train: (tn=1836, fp=308, fn=276, tp=1868)
2025-10-19 11:27:22 | INFO | EM.print | -------- Epoch 7 --------
2025-10-19 11:27:22 | INFO | EM.print | [AUG][online][epoch=7][iter=0] start name=random_permute_features noise_std=0.02 mask_rate=0.05 seed=6000
2025-10-19 11:27:22 | INFO | EM.print | [AUG][online][epoch=7][iter=0] done name=random_permute_features shape=(1140, 1140)
2025-10-19 11:27:22 | INFO | EM.print | [ONLINE-AUG] mode=online name=random_permute_features noise_std=0.02 mask_rate=0.05 base_seed=0
2025-10-19 11:27:22 | INFO | EM.print | epoch: 7/ iteration: 1/ loss_train: 3.5281386 | task_loss:0.1978 cont_loss:6.8669 adv_loss:0.0260
2025-10-19 11:27:24 | INFO | EM.print | epoch: 0007 loss_train: 3.5226 task_loss: 0.2072 cont_loss: 6.8411 adv_loss: 0.0319 auroc_train: 0.9414 auprc_train: 0.9407 precision_train: 0.8625 recall_train: 0.8705 f1_train: 0.8665 cm_train: (tn=1843, fp=298, fn=278, tp=1869)
2025-10-19 11:27:24 | INFO | EM.print | -------- Epoch 8 --------
2025-10-19 11:27:24 | INFO | EM.print | [AUG][online][epoch=8][iter=0] start name=random_permute_features noise_std=0.02 mask_rate=0.05 seed=7000
2025-10-19 11:27:24 | INFO | EM.print | [AUG][online][epoch=8][iter=0] done name=random_permute_features shape=(1140, 1140)
2025-10-19 11:27:24 | INFO | EM.print | [ONLINE-AUG] mode=online name=random_permute_features noise_std=0.02 mask_rate=0.05 base_seed=0
2025-10-19 11:27:24 | INFO | EM.print | epoch: 8/ iteration: 1/ loss_train: 3.4935546 | task_loss:0.1831 cont_loss:6.8081 adv_loss:0.0271
2025-10-19 11:27:25 | INFO | EM.print | epoch: 0008 loss_train: 3.5752 task_loss: 0.3662 cont_loss: 6.8286 adv_loss: 0.0241 auroc_train: 0.9466 auprc_train: 0.9456 precision_train: 0.8627 recall_train: 0.8792 f1_train: 0.8709 cm_train: (tn=1844, fp=300, fn=259, tp=1885)
2025-10-19 11:27:25 | INFO | EM.print | -------- Epoch 9 --------
2025-10-19 11:27:25 | INFO | EM.print | [AUG][online][epoch=9][iter=0] start name=random_permute_features noise_std=0.02 mask_rate=0.05 seed=8000
2025-10-19 11:27:25 | INFO | EM.print | [AUG][online][epoch=9][iter=0] done name=random_permute_features shape=(1140, 1140)
2025-10-19 11:27:25 | INFO | EM.print | [ONLINE-AUG] mode=online name=random_permute_features noise_std=0.02 mask_rate=0.05 base_seed=0
2025-10-19 11:27:25 | INFO | EM.print | epoch: 9/ iteration: 1/ loss_train: 3.5319405 | task_loss:0.2583 cont_loss:6.8250 adv_loss:0.0269
2025-10-19 11:27:27 | INFO | EM.print | epoch: 0009 loss_train: 3.5532 task_loss: 0.2377 cont_loss: 6.8890 adv_loss: 0.0226 auroc_train: 0.9503 auprc_train: 0.9485 precision_train: 0.8642 recall_train: 0.8908 f1_train: 0.8773 cm_train: (tn=1845, fp=300, fn=234, tp=1909)
2025-10-19 11:27:27 | INFO | EM.print | -------- Epoch 10 --------
2025-10-19 11:27:27 | INFO | EM.print | [AUG][online][epoch=10][iter=0] start name=random_permute_features noise_std=0.02 mask_rate=0.05 seed=9000
2025-10-19 11:27:27 | INFO | EM.print | [AUG][online][epoch=10][iter=0] done name=random_permute_features shape=(1140, 1140)
2025-10-19 11:27:27 | INFO | EM.print | [ONLINE-AUG] mode=online name=random_permute_features noise_std=0.02 mask_rate=0.05 base_seed=0
2025-10-19 11:27:27 | INFO | EM.print | epoch: 10/ iteration: 1/ loss_train: 3.5728285 | task_loss:0.3670 cont_loss:6.8339 adv_loss:0.0151
2025-10-19 11:27:28 | INFO | EM.print | epoch: 0010 loss_train: 3.5576 task_loss: 0.3619 cont_loss: 6.8112 adv_loss: 0.0121 auroc_train: 0.9476 auprc_train: 0.9448 precision_train: 0.8640 recall_train: 0.8773 f1_train: 0.8706 cm_train: (tn=1848, fp=296, fn=263, tp=1881)
2025-10-19 11:27:28 | INFO | EM.print | -------- Epoch 11 --------
2025-10-19 11:27:28 | INFO | EM.print | [AUG][online][epoch=11][iter=0] start name=random_permute_features noise_std=0.02 mask_rate=0.05 seed=10000
2025-10-19 11:27:28 | INFO | EM.print | [AUG][online][epoch=11][iter=0] done name=random_permute_features shape=(1140, 1140)
2025-10-19 11:27:28 | INFO | EM.print | [ONLINE-AUG] mode=online name=random_permute_features noise_std=0.02 mask_rate=0.05 base_seed=0
2025-10-19 11:27:28 | INFO | EM.print | epoch: 11/ iteration: 1/ loss_train: 3.568747 | task_loss:0.2868 cont_loss:6.8904 adv_loss:0.0147
2025-10-19 11:27:30 | INFO | EM.print | epoch: 0011 loss_train: 3.5288 task_loss: 0.1969 cont_loss: 6.8907 adv_loss: 0.0079 auroc_train: 0.9534 auprc_train: 0.9524 precision_train: 0.8675 recall_train: 0.8825 f1_train: 0.8749 cm_train: (tn=1855, fp=289, fn=252, tp=1892)
2025-10-19 11:27:30 | INFO | EM.print | -------- Epoch 12 --------
2025-10-19 11:27:30 | INFO | EM.print | [AUG][online][epoch=12][iter=0] start name=random_permute_features noise_std=0.02 mask_rate=0.05 seed=11000
2025-10-19 11:27:30 | INFO | EM.print | [AUG][online][epoch=12][iter=0] done name=random_permute_features shape=(1140, 1140)
2025-10-19 11:27:30 | INFO | EM.print | [ONLINE-AUG] mode=online name=random_permute_features noise_std=0.02 mask_rate=0.05 base_seed=0
2025-10-19 11:27:30 | INFO | EM.print | epoch: 12/ iteration: 1/ loss_train: 3.5726018 | task_loss:0.3063 cont_loss:6.8732 adv_loss:0.0225
2025-10-19 11:27:31 | INFO | EM.print | epoch: 0012 loss_train: 3.5391 task_loss: 0.3190 cont_loss: 6.8049 adv_loss: 0.0152 auroc_train: 0.9542 auprc_train: 0.9534 precision_train: 0.8746 recall_train: 0.8872 f1_train: 0.8809 cm_train: (tn=1869, fp=273, fn=242, tp=1904)
2025-10-19 11:27:31 | INFO | EM.print | -------- Epoch 13 --------
2025-10-19 11:27:31 | INFO | EM.print | [AUG][online][epoch=13][iter=0] start name=random_permute_features noise_std=0.02 mask_rate=0.05 seed=12000
2025-10-19 11:27:31 | INFO | EM.print | [AUG][online][epoch=13][iter=0] done name=random_permute_features shape=(1140, 1140)
2025-10-19 11:27:31 | INFO | EM.print | [ONLINE-AUG] mode=online name=random_permute_features noise_std=0.02 mask_rate=0.05 base_seed=0
2025-10-19 11:27:31 | INFO | EM.print | epoch: 13/ iteration: 1/ loss_train: 3.5469584 | task_loss:0.3146 cont_loss:6.8216 adv_loss:0.0172
2025-10-19 11:27:33 | INFO | EM.print | epoch: 0013 loss_train: 3.5181 task_loss: 0.2484 cont_loss: 6.8285 adv_loss: 0.0075 auroc_train: 0.9544 auprc_train: 0.9535 precision_train: 0.8714 recall_train: 0.8913 f1_train: 0.8812 cm_train: (tn=1863, fp=282, fn=233, tp=1910)
2025-10-19 11:27:33 | INFO | EM.print | -------- Epoch 14 --------
2025-10-19 11:27:33 | INFO | EM.print | [AUG][online][epoch=14][iter=0] start name=random_permute_features noise_std=0.02 mask_rate=0.05 seed=13000
2025-10-19 11:27:33 | INFO | EM.print | [AUG][online][epoch=14][iter=0] done name=random_permute_features shape=(1140, 1140)
2025-10-19 11:27:33 | INFO | EM.print | [ONLINE-AUG] mode=online name=random_permute_features noise_std=0.02 mask_rate=0.05 base_seed=0
2025-10-19 11:27:33 | INFO | EM.print | epoch: 14/ iteration: 1/ loss_train: 3.531531 | task_loss:0.2914 cont_loss:6.8106 adv_loss:0.0161
2025-10-19 11:27:34 | INFO | EM.print | epoch: 0014 loss_train: 3.5434 task_loss: 0.2301 cont_loss: 6.8890 adv_loss: 0.0114 auroc_train: 0.9541 auprc_train: 0.9526 precision_train: 0.8782 recall_train: 0.8790 f1_train: 0.8786 cm_train: (tn=1886, fp=261, fn=259, tp=1882)
2025-10-19 11:27:34 | INFO | EM.print | -------- Epoch 15 --------
2025-10-19 11:27:34 | INFO | EM.print | [AUG][online][epoch=15][iter=0] start name=random_permute_features noise_std=0.02 mask_rate=0.05 seed=14000
2025-10-19 11:27:34 | INFO | EM.print | [AUG][online][epoch=15][iter=0] done name=random_permute_features shape=(1140, 1140)
2025-10-19 11:27:34 | INFO | EM.print | [ONLINE-AUG] mode=online name=random_permute_features noise_std=0.02 mask_rate=0.05 base_seed=0
2025-10-19 11:27:34 | INFO | EM.print | epoch: 15/ iteration: 1/ loss_train: 3.5439363 | task_loss:0.2708 cont_loss:6.8546 adv_loss:0.0138
2025-10-19 11:27:36 | INFO | EM.print | epoch: 0015 loss_train: 3.6107 task_loss: 0.3504 cont_loss: 6.9291 adv_loss: 0.0099 auroc_train: 0.9537 auprc_train: 0.9522 precision_train: 0.8719 recall_train: 0.8927 f1_train: 0.8822 cm_train: (tn=1864, fp=281, fn=230, tp=1913)
2025-10-19 11:27:36 | INFO | EM.print | -------- Epoch 16 --------
2025-10-19 11:27:36 | INFO | EM.print | [AUG][online][epoch=16][iter=0] start name=random_permute_features noise_std=0.02 mask_rate=0.05 seed=15000
2025-10-19 11:27:36 | INFO | EM.print | [AUG][online][epoch=16][iter=0] done name=random_permute_features shape=(1140, 1140)
2025-10-19 11:27:36 | INFO | EM.print | [ONLINE-AUG] mode=online name=random_permute_features noise_std=0.02 mask_rate=0.05 base_seed=0
2025-10-19 11:27:36 | INFO | EM.print | epoch: 16/ iteration: 1/ loss_train: 3.57295 | task_loss:0.3048 cont_loss:6.8918 adv_loss:0.0085
2025-10-19 11:27:37 | INFO | EM.print | epoch: 0016 loss_train: 3.5336 task_loss: 0.2443 cont_loss: 6.8599 adv_loss: 0.0098 auroc_train: 0.9551 auprc_train: 0.9539 precision_train: 0.8643 recall_train: 0.8889 f1_train: 0.8765 cm_train: (tn=1846, fp=299, fn=238, tp=1905)
2025-10-19 11:27:37 | INFO | EM.print | -------- Epoch 17 --------
2025-10-19 11:27:37 | INFO | EM.print | [AUG][online][epoch=17][iter=0] start name=random_permute_features noise_std=0.02 mask_rate=0.05 seed=16000
2025-10-19 11:27:37 | INFO | EM.print | [AUG][online][epoch=17][iter=0] done name=random_permute_features shape=(1140, 1140)
2025-10-19 11:27:37 | INFO | EM.print | [ONLINE-AUG] mode=online name=random_permute_features noise_std=0.02 mask_rate=0.05 base_seed=0
2025-10-19 11:27:37 | INFO | EM.print | epoch: 17/ iteration: 1/ loss_train: 3.5527465 | task_loss:0.2485 cont_loss:6.8913 adv_loss:0.0129
2025-10-19 11:27:39 | INFO | EM.print | epoch: 0017 loss_train: 3.5788 task_loss: 0.3157 cont_loss: 6.8989 adv_loss: 0.0051 auroc_train: 0.9572 auprc_train: 0.9554 precision_train: 0.8817 recall_train: 0.8928 f1_train: 0.8872 cm_train: (tn=1885, fp=257, fn=230, tp=1916)
2025-10-19 11:27:39 | INFO | EM.print | -------- Epoch 18 --------
2025-10-19 11:27:39 | INFO | EM.print | [AUG][online][epoch=18][iter=0] start name=random_permute_features noise_std=0.02 mask_rate=0.05 seed=17000
2025-10-19 11:27:39 | INFO | EM.print | [AUG][online][epoch=18][iter=0] done name=random_permute_features shape=(1140, 1140)
2025-10-19 11:27:39 | INFO | EM.print | [ONLINE-AUG] mode=online name=random_permute_features noise_std=0.02 mask_rate=0.05 base_seed=0
2025-10-19 11:27:39 | INFO | EM.print | epoch: 18/ iteration: 1/ loss_train: 3.5616062 | task_loss:0.2866 cont_loss:6.8824 adv_loss:0.0096
2025-10-19 11:27:40 | INFO | EM.print | epoch: 0018 loss_train: 3.5923 task_loss: 0.3177 cont_loss: 6.9223 adv_loss: 0.0069 auroc_train: 0.9552 auprc_train: 0.9540 precision_train: 0.8678 recall_train: 0.8970 f1_train: 0.8822 cm_train: (tn=1850, fp=293, fn=221, tp=1924)
2025-10-19 11:27:40 | INFO | EM.print | -------- Epoch 19 --------
2025-10-19 11:27:40 | INFO | EM.print | [AUG][online][epoch=19][iter=0] start name=random_permute_features noise_std=0.02 mask_rate=0.05 seed=18000
2025-10-19 11:27:40 | INFO | EM.print | [AUG][online][epoch=19][iter=0] done name=random_permute_features shape=(1140, 1140)
2025-10-19 11:27:40 | INFO | EM.print | [ONLINE-AUG] mode=online name=random_permute_features noise_std=0.02 mask_rate=0.05 base_seed=0
2025-10-19 11:27:40 | INFO | EM.print | epoch: 19/ iteration: 1/ loss_train: 3.5020556 | task_loss:0.1462 cont_loss:6.8804 adv_loss:0.0056
2025-10-19 11:27:42 | INFO | EM.print | epoch: 0019 loss_train: 3.5431 task_loss: 0.2280 cont_loss: 6.8948 adv_loss: 0.0075 auroc_train: 0.9565 auprc_train: 0.9540 precision_train: 0.8774 recall_train: 0.8938 f1_train: 0.8855 cm_train: (tn=1874, fp=268, fn=228, tp=1918)
2025-10-19 11:27:42 | INFO | EM.print | -------- Epoch 20 --------
2025-10-19 11:27:42 | INFO | EM.print | [AUG][online][epoch=20][iter=0] start name=random_permute_features noise_std=0.02 mask_rate=0.05 seed=19000
2025-10-19 11:27:42 | INFO | EM.print | [AUG][online][epoch=20][iter=0] done name=random_permute_features shape=(1140, 1140)
2025-10-19 11:27:42 | INFO | EM.print | [ONLINE-AUG] mode=online name=random_permute_features noise_std=0.02 mask_rate=0.05 base_seed=0
2025-10-19 11:27:42 | INFO | EM.print | epoch: 20/ iteration: 1/ loss_train: 3.5913155 | task_loss:0.3275 cont_loss:6.9108 adv_loss:0.0082
2025-10-19 11:27:43 | INFO | EM.print | epoch: 0020 loss_train: 3.4571 task_loss: 0.1213 cont_loss: 6.8053 adv_loss: 0.0100 auroc_train: 0.9588 auprc_train: 0.9579 precision_train: 0.8746 recall_train: 0.9040 f1_train: 0.8890 cm_train: (tn=1865, fp=278, fn=206, tp=1939)
2025-10-19 11:27:43 | INFO | EM.print | -------- Epoch 21 --------
2025-10-19 11:27:43 | INFO | EM.print | [AUG][online][epoch=21][iter=0] start name=random_permute_features noise_std=0.02 mask_rate=0.05 seed=20000
2025-10-19 11:27:43 | INFO | EM.print | [AUG][online][epoch=21][iter=0] done name=random_permute_features shape=(1140, 1140)
2025-10-19 11:27:43 | INFO | EM.print | [ONLINE-AUG] mode=online name=random_permute_features noise_std=0.02 mask_rate=0.05 base_seed=0
2025-10-19 11:27:43 | INFO | EM.print | epoch: 21/ iteration: 1/ loss_train: 3.5409186 | task_loss:0.2315 cont_loss:6.8900 adv_loss:0.0056
2025-10-19 11:27:45 | INFO | EM.print | epoch: 0021 loss_train: 3.6113 task_loss: 0.3721 cont_loss: 6.9153 adv_loss: 0.0081 auroc_train: 0.9588 auprc_train: 0.9573 precision_train: 0.8775 recall_train: 0.8885 f1_train: 0.8830 cm_train: (tn=1878, fp=266, fn=239, tp=1905)
2025-10-19 11:27:45 | INFO | EM.print | -------- Epoch 22 --------
2025-10-19 11:27:45 | INFO | EM.print | [AUG][online][epoch=22][iter=0] start name=random_permute_features noise_std=0.02 mask_rate=0.05 seed=21000
2025-10-19 11:27:45 | INFO | EM.print | [AUG][online][epoch=22][iter=0] done name=random_permute_features shape=(1140, 1140)
2025-10-19 11:27:45 | INFO | EM.print | [ONLINE-AUG] mode=online name=random_permute_features noise_std=0.02 mask_rate=0.05 base_seed=0
2025-10-19 11:27:45 | INFO | EM.print | epoch: 22/ iteration: 1/ loss_train: 3.5824583 | task_loss:0.3509 cont_loss:6.8698 adv_loss:0.0120
2025-10-19 11:27:47 | INFO | EM.print | epoch: 0022 loss_train: 3.6180 task_loss: 0.3355 cont_loss: 6.9598 adv_loss: 0.0064 auroc_train: 0.9603 auprc_train: 0.9591 precision_train: 0.8808 recall_train: 0.8927 f1_train: 0.8867 cm_train: (tn=1886, fp=259, fn=230, tp=1913)
2025-10-19 11:27:47 | INFO | EM.print | -------- Epoch 23 --------
2025-10-19 11:27:47 | INFO | EM.print | [AUG][online][epoch=23][iter=0] start name=random_permute_features noise_std=0.02 mask_rate=0.05 seed=22000
2025-10-19 11:27:47 | INFO | EM.print | [AUG][online][epoch=23][iter=0] done name=random_permute_features shape=(1140, 1140)
2025-10-19 11:27:47 | INFO | EM.print | [ONLINE-AUG] mode=online name=random_permute_features noise_std=0.02 mask_rate=0.05 base_seed=0
2025-10-19 11:27:47 | INFO | EM.print | epoch: 23/ iteration: 1/ loss_train: 3.563985 | task_loss:0.3068 cont_loss:6.8539 adv_loss:0.0239
2025-10-19 11:27:48 | INFO | EM.print | epoch: 0023 loss_train: 3.5620 task_loss: 0.2103 cont_loss: 6.9485 adv_loss: 0.0061 auroc_train: 0.9621 auprc_train: 0.9609 precision_train: 0.8795 recall_train: 0.9029 f1_train: 0.8910 cm_train: (tn=1881, fp=265, fn=208, tp=1934)
2025-10-19 11:27:48 | INFO | EM.print | -------- Epoch 24 --------
2025-10-19 11:27:48 | INFO | EM.print | [AUG][online][epoch=24][iter=0] start name=random_permute_features noise_std=0.02 mask_rate=0.05 seed=23000
2025-10-19 11:27:48 | INFO | EM.print | [AUG][online][epoch=24][iter=0] done name=random_permute_features shape=(1140, 1140)
2025-10-19 11:27:48 | INFO | EM.print | [ONLINE-AUG] mode=online name=random_permute_features noise_std=0.02 mask_rate=0.05 base_seed=0
2025-10-19 11:27:48 | INFO | EM.print | epoch: 24/ iteration: 1/ loss_train: 3.5752022 | task_loss:0.2839 cont_loss:6.9174 adv_loss:0.0049
2025-10-19 11:27:50 | INFO | EM.print | epoch: 0024 loss_train: 3.5647 task_loss: 0.2806 cont_loss: 6.8944 adv_loss: 0.0089 auroc_train: 0.9621 auprc_train: 0.9601 precision_train: 0.8836 recall_train: 0.9001 f1_train: 0.8918 cm_train: (tn=1892, fp=254, fn=214, tp=1928)
2025-10-19 11:27:50 | INFO | EM.print | -------- Epoch 25 --------
2025-10-19 11:27:50 | INFO | EM.print | [AUG][online][epoch=25][iter=0] start name=random_permute_features noise_std=0.02 mask_rate=0.05 seed=24000
2025-10-19 11:27:50 | INFO | EM.print | [AUG][online][epoch=25][iter=0] done name=random_permute_features shape=(1140, 1140)
2025-10-19 11:27:50 | INFO | EM.print | [ONLINE-AUG] mode=online name=random_permute_features noise_std=0.02 mask_rate=0.05 base_seed=0
2025-10-19 11:27:50 | INFO | EM.print | epoch: 25/ iteration: 1/ loss_train: 3.5306957 | task_loss:0.2324 cont_loss:6.8706 adv_loss:0.0040
2025-10-19 11:27:51 | INFO | EM.print | epoch: 0025 loss_train: 3.5289 task_loss: 0.2472 cont_loss: 6.8512 adv_loss: 0.0074 auroc_train: 0.9615 auprc_train: 0.9599 precision_train: 0.8780 recall_train: 0.9062 f1_train: 0.8919 cm_train: (tn=1874, fp=270, fn=201, tp=1943)
2025-10-19 11:27:51 | INFO | EM.print | -------- Epoch 26 --------
2025-10-19 11:27:51 | INFO | EM.print | [AUG][online][epoch=26][iter=0] start name=random_permute_features noise_std=0.02 mask_rate=0.05 seed=25000
2025-10-19 11:27:51 | INFO | EM.print | [AUG][online][epoch=26][iter=0] done name=random_permute_features shape=(1140, 1140)
2025-10-19 11:27:51 | INFO | EM.print | [ONLINE-AUG] mode=online name=random_permute_features noise_std=0.02 mask_rate=0.05 base_seed=0
2025-10-19 11:27:51 | INFO | EM.print | epoch: 26/ iteration: 1/ loss_train: 3.5239387 | task_loss:0.1979 cont_loss:6.8815 adv_loss:0.0067
2025-10-19 11:27:53 | INFO | EM.print | epoch: 0026 loss_train: 3.5317 task_loss: 0.2215 cont_loss: 6.8808 adv_loss: 0.0045 auroc_train: 0.9624 auprc_train: 0.9606 precision_train: 0.8781 recall_train: 0.9014 f1_train: 0.8896 cm_train: (tn=1879, fp=268, fn=211, tp=1930)
2025-10-19 11:27:53 | INFO | EM.print | -------- Epoch 27 --------
2025-10-19 11:27:53 | INFO | EM.print | [AUG][online][epoch=27][iter=0] start name=random_permute_features noise_std=0.02 mask_rate=0.05 seed=26000
2025-10-19 11:27:53 | INFO | EM.print | [AUG][online][epoch=27][iter=0] done name=random_permute_features shape=(1140, 1140)
2025-10-19 11:27:53 | INFO | EM.print | [ONLINE-AUG] mode=online name=random_permute_features noise_std=0.02 mask_rate=0.05 base_seed=0
2025-10-19 11:27:53 | INFO | EM.print | epoch: 27/ iteration: 1/ loss_train: 3.526321 | task_loss:0.2209 cont_loss:6.8702 adv_loss:0.0047
2025-10-19 11:27:54 | INFO | EM.print | epoch: 0027 loss_train: 3.5615 task_loss: 0.2657 cont_loss: 6.9052 adv_loss: 0.0043 auroc_train: 0.9601 auprc_train: 0.9580 precision_train: 0.8801 recall_train: 0.9002 f1_train: 0.8901 cm_train: (tn=1880, fp=263, fn=214, tp=1931)
2025-10-19 11:27:54 | INFO | EM.print | -------- Epoch 28 --------
2025-10-19 11:27:54 | INFO | EM.print | [AUG][online][epoch=28][iter=0] start name=random_permute_features noise_std=0.02 mask_rate=0.05 seed=27000
2025-10-19 11:27:54 | INFO | EM.print | [AUG][online][epoch=28][iter=0] done name=random_permute_features shape=(1140, 1140)
2025-10-19 11:27:54 | INFO | EM.print | [ONLINE-AUG] mode=online name=random_permute_features noise_std=0.02 mask_rate=0.05 base_seed=0
2025-10-19 11:27:54 | INFO | EM.print | epoch: 28/ iteration: 1/ loss_train: 3.5396578 | task_loss:0.2471 cont_loss:6.8751 adv_loss:0.0055
2025-10-19 11:27:56 | INFO | EM.print | epoch: 0028 loss_train: 3.5400 task_loss: 0.2297 cont_loss: 6.8918 adv_loss: 0.0037 auroc_train: 0.9618 auprc_train: 0.9602 precision_train: 0.8798 recall_train: 0.9007 f1_train: 0.8902 cm_train: (tn=1878, fp=264, fn=213, tp=1933)
2025-10-19 11:27:56 | INFO | EM.print | -------- Epoch 29 --------
2025-10-19 11:27:56 | INFO | EM.print | [AUG][online][epoch=29][iter=0] start name=random_permute_features noise_std=0.02 mask_rate=0.05 seed=28000
2025-10-19 11:27:56 | INFO | EM.print | [AUG][online][epoch=29][iter=0] done name=random_permute_features shape=(1140, 1140)
2025-10-19 11:27:56 | INFO | EM.print | [ONLINE-AUG] mode=online name=random_permute_features noise_std=0.02 mask_rate=0.05 base_seed=0
2025-10-19 11:27:56 | INFO | EM.print | epoch: 29/ iteration: 1/ loss_train: 3.5269322 | task_loss:0.2097 cont_loss:6.8822 adv_loss:0.0032
2025-10-19 11:27:57 | INFO | EM.print | epoch: 0029 loss_train: 3.5691 task_loss: 0.2482 cont_loss: 6.9357 adv_loss: 0.0033 auroc_train: 0.9623 auprc_train: 0.9612 precision_train: 0.8749 recall_train: 0.9076 f1_train: 0.8910 cm_train: (tn=1867, fp=278, fn=198, tp=1945)
2025-10-19 11:27:57 | INFO | EM.print | -------- Epoch 30 --------
2025-10-19 11:27:57 | INFO | EM.print | [AUG][online][epoch=30][iter=0] start name=random_permute_features noise_std=0.02 mask_rate=0.05 seed=29000
2025-10-19 11:27:57 | INFO | EM.print | [AUG][online][epoch=30][iter=0] done name=random_permute_features shape=(1140, 1140)
2025-10-19 11:27:57 | INFO | EM.print | [ONLINE-AUG] mode=online name=random_permute_features noise_std=0.02 mask_rate=0.05 base_seed=0
2025-10-19 11:27:57 | INFO | EM.print | epoch: 30/ iteration: 1/ loss_train: 3.54754 | task_loss:0.2900 cont_loss:6.8576 adv_loss:0.0045
2025-10-19 11:27:59 | INFO | EM.print | epoch: 0030 loss_train: 3.5368 task_loss: 0.2282 cont_loss: 6.8864 adv_loss: 0.0040 auroc_train: 0.9633 auprc_train: 0.9622 precision_train: 0.8823 recall_train: 0.9041 f1_train: 0.8930 cm_train: (tn=1882, fp=259, fn=206, tp=1941)
2025-10-19 11:27:59 | INFO | EM.print | -------- Epoch 31 --------
2025-10-19 11:27:59 | INFO | EM.print | [AUG][online][epoch=31][iter=0] start name=random_permute_features noise_std=0.02 mask_rate=0.05 seed=30000
2025-10-19 11:27:59 | INFO | EM.print | [AUG][online][epoch=31][iter=0] done name=random_permute_features shape=(1140, 1140)
2025-10-19 11:27:59 | INFO | EM.print | [ONLINE-AUG] mode=online name=random_permute_features noise_std=0.02 mask_rate=0.05 base_seed=0
2025-10-19 11:27:59 | INFO | EM.print | epoch: 31/ iteration: 1/ loss_train: 3.5254276 | task_loss:0.2145 cont_loss:6.8753 adv_loss:0.0033
2025-10-19 11:28:01 | INFO | EM.print | epoch: 0031 loss_train: 3.5276 task_loss: 0.2084 cont_loss: 6.8838 adv_loss: 0.0040 auroc_train: 0.9642 auprc_train: 0.9630 precision_train: 0.8781 recall_train: 0.9104 f1_train: 0.8940 cm_train: (tn=1873, fp=271, fn=192, tp=1952)
2025-10-19 11:28:01 | INFO | EM.print | -------- Epoch 32 --------
2025-10-19 11:28:01 | INFO | EM.print | [AUG][online][epoch=32][iter=0] start name=random_permute_features noise_std=0.02 mask_rate=0.05 seed=31000
2025-10-19 11:28:01 | INFO | EM.print | [AUG][online][epoch=32][iter=0] done name=random_permute_features shape=(1140, 1140)
2025-10-19 11:28:01 | INFO | EM.print | [ONLINE-AUG] mode=online name=random_permute_features noise_std=0.02 mask_rate=0.05 base_seed=0
2025-10-19 11:28:01 | INFO | EM.print | epoch: 32/ iteration: 1/ loss_train: 3.571079 | task_loss:0.2859 cont_loss:6.9084 adv_loss:0.0042
2025-10-19 11:28:02 | INFO | EM.print | epoch: 0032 loss_train: 3.4836 task_loss: 0.1308 cont_loss: 6.8580 adv_loss: 0.0038 auroc_train: 0.9655 auprc_train: 0.9635 precision_train: 0.8855 recall_train: 0.9049 f1_train: 0.8951 cm_train: (tn=1892, fp=251, fn=204, tp=1941)
2025-10-19 11:28:02 | INFO | EM.print | -------- Epoch 33 --------
2025-10-19 11:28:02 | INFO | EM.print | [AUG][online][epoch=33][iter=0] start name=random_permute_features noise_std=0.02 mask_rate=0.05 seed=32000
2025-10-19 11:28:02 | INFO | EM.print | [AUG][online][epoch=33][iter=0] done name=random_permute_features shape=(1140, 1140)
2025-10-19 11:28:02 | INFO | EM.print | [ONLINE-AUG] mode=online name=random_permute_features noise_std=0.02 mask_rate=0.05 base_seed=0
2025-10-19 11:28:02 | INFO | EM.print | epoch: 33/ iteration: 1/ loss_train: 3.5562222 | task_loss:0.2130 cont_loss:6.9370 adv_loss:0.0042
2025-10-19 11:28:04 | INFO | EM.print | epoch: 0033 loss_train: 3.5383 task_loss: 0.2953 cont_loss: 6.8361 adv_loss: 0.0036 auroc_train: 0.9659 auprc_train: 0.9648 precision_train: 0.8834 recall_train: 0.9114 f1_train: 0.8972 cm_train: (tn=1885, fp=258, fn=190, tp=1955)
2025-10-19 11:28:04 | INFO | EM.print | -------- Epoch 34 --------
2025-10-19 11:28:04 | INFO | EM.print | [AUG][online][epoch=34][iter=0] start name=random_permute_features noise_std=0.02 mask_rate=0.05 seed=33000
2025-10-19 11:28:04 | INFO | EM.print | [AUG][online][epoch=34][iter=0] done name=random_permute_features shape=(1140, 1140)
2025-10-19 11:28:04 | INFO | EM.print | [ONLINE-AUG] mode=online name=random_permute_features noise_std=0.02 mask_rate=0.05 base_seed=0
2025-10-19 11:28:04 | INFO | EM.print | epoch: 34/ iteration: 1/ loss_train: 3.5170338 | task_loss:0.1454 cont_loss:6.9125 adv_loss:0.0044
2025-10-19 11:28:05 | INFO | EM.print | epoch: 0034 loss_train: 3.5812 task_loss: 0.2795 cont_loss: 6.9314 adv_loss: 0.0063 auroc_train: 0.9669 auprc_train: 0.9653 precision_train: 0.8875 recall_train: 0.9086 f1_train: 0.8979 cm_train: (tn=1896, fp=247, fn=196, tp=1949)
2025-10-19 11:28:05 | INFO | EM.print | -------- Epoch 35 --------
2025-10-19 11:28:05 | INFO | EM.print | [AUG][online][epoch=35][iter=0] start name=random_permute_features noise_std=0.02 mask_rate=0.05 seed=34000
2025-10-19 11:28:05 | INFO | EM.print | [AUG][online][epoch=35][iter=0] done name=random_permute_features shape=(1140, 1140)
2025-10-19 11:28:05 | INFO | EM.print | [ONLINE-AUG] mode=online name=random_permute_features noise_std=0.02 mask_rate=0.05 base_seed=0
2025-10-19 11:28:05 | INFO | EM.print | epoch: 35/ iteration: 1/ loss_train: 3.5074031 | task_loss:0.2495 cont_loss:6.8095 adv_loss:0.0048
2025-10-19 11:28:07 | INFO | EM.print | epoch: 0035 loss_train: 3.5331 task_loss: 0.1579 cont_loss: 6.9355 adv_loss: 0.0037 auroc_train: 0.9675 auprc_train: 0.9658 precision_train: 0.8918 recall_train: 0.9113 f1_train: 0.9015 cm_train: (tn=1908, fp=237, fn=190, tp=1953)
2025-10-19 11:28:07 | INFO | EM.print | -------- Epoch 36 --------
2025-10-19 11:28:07 | INFO | EM.print | [AUG][online][epoch=36][iter=0] start name=random_permute_features noise_std=0.02 mask_rate=0.05 seed=35000
2025-10-19 11:28:07 | INFO | EM.print | [AUG][online][epoch=36][iter=0] done name=random_permute_features shape=(1140, 1140)
2025-10-19 11:28:07 | INFO | EM.print | [ONLINE-AUG] mode=online name=random_permute_features noise_std=0.02 mask_rate=0.05 base_seed=0
2025-10-19 11:28:07 | INFO | EM.print | epoch: 36/ iteration: 1/ loss_train: 3.4844792 | task_loss:0.1380 cont_loss:6.8543 adv_loss:0.0036
2025-10-19 11:28:08 | INFO | EM.print | epoch: 0036 loss_train: 3.5392 task_loss: 0.2696 cont_loss: 6.8592 adv_loss: 0.0029 auroc_train: 0.9669 auprc_train: 0.9651 precision_train: 0.8810 recall_train: 0.9147 f1_train: 0.8975 cm_train: (tn=1878, fp=265, fn=183, tp=1962)
2025-10-19 11:28:08 | INFO | EM.print | -------- Epoch 37 --------
2025-10-19 11:28:08 | INFO | EM.print | [AUG][online][epoch=37][iter=0] start name=random_permute_features noise_std=0.02 mask_rate=0.05 seed=36000
2025-10-19 11:28:08 | INFO | EM.print | [AUG][online][epoch=37][iter=0] done name=random_permute_features shape=(1140, 1140)
2025-10-19 11:28:08 | INFO | EM.print | [ONLINE-AUG] mode=online name=random_permute_features noise_std=0.02 mask_rate=0.05 base_seed=0
2025-10-19 11:28:08 | INFO | EM.print | epoch: 37/ iteration: 1/ loss_train: 3.5477939 | task_loss:0.3249 cont_loss:6.8324 adv_loss:0.0027
2025-10-19 11:28:10 | INFO | EM.print | epoch: 0037 loss_train: 3.5368 task_loss: 0.2077 cont_loss: 6.9033 adv_loss: 0.0035 auroc_train: 0.9676 auprc_train: 0.9660 precision_train: 0.8897 recall_train: 0.9138 f1_train: 0.9016 cm_train: (tn=1900, fp=243, fn=185, tp=1960)
2025-10-19 11:28:10 | INFO | EM.print | -------- Epoch 38 --------
2025-10-19 11:28:10 | INFO | EM.print | [AUG][online][epoch=38][iter=0] start name=random_permute_features noise_std=0.02 mask_rate=0.05 seed=37000
2025-10-19 11:28:10 | INFO | EM.print | [AUG][online][epoch=38][iter=0] done name=random_permute_features shape=(1140, 1140)
2025-10-19 11:28:10 | INFO | EM.print | [ONLINE-AUG] mode=online name=random_permute_features noise_std=0.02 mask_rate=0.05 base_seed=0
2025-10-19 11:28:10 | INFO | EM.print | epoch: 38/ iteration: 1/ loss_train: 3.5394046 | task_loss:0.2980 cont_loss:6.8335 adv_loss:0.0057
2025-10-19 11:28:11 | INFO | EM.print | epoch: 0038 loss_train: 3.5512 task_loss: 0.2387 cont_loss: 6.9062 adv_loss: 0.0043 auroc_train: 0.9682 auprc_train: 0.9668 precision_train: 0.8878 recall_train: 0.9072 f1_train: 0.8974 cm_train: (tn=1897, fp=246, fn=199, tp=1946)
2025-10-19 11:28:11 | INFO | EM.print | -------- Epoch 39 --------
2025-10-19 11:28:11 | INFO | EM.print | [AUG][online][epoch=39][iter=0] start name=random_permute_features noise_std=0.02 mask_rate=0.05 seed=38000
2025-10-19 11:28:11 | INFO | EM.print | [AUG][online][epoch=39][iter=0] done name=random_permute_features shape=(1140, 1140)
2025-10-19 11:28:11 | INFO | EM.print | [ONLINE-AUG] mode=online name=random_permute_features noise_std=0.02 mask_rate=0.05 base_seed=0
2025-10-19 11:28:11 | INFO | EM.print | epoch: 39/ iteration: 1/ loss_train: 3.5678995 | task_loss:0.3230 cont_loss:6.8700 adv_loss:0.0062
2025-10-19 11:28:13 | INFO | EM.print | epoch: 0039 loss_train: 3.5216 task_loss: 0.2522 cont_loss: 6.8373 adv_loss: 0.0035 auroc_train: 0.9694 auprc_train: 0.9681 precision_train: 0.8908 recall_train: 0.9170 f1_train: 0.9037 cm_train: (tn=1903, fp=241, fn=178, tp=1966)
2025-10-19 11:28:13 | INFO | EM.print | -------- Epoch 40 --------
2025-10-19 11:28:13 | INFO | EM.print | [AUG][online][epoch=40][iter=0] start name=random_permute_features noise_std=0.02 mask_rate=0.05 seed=39000
2025-10-19 11:28:13 | INFO | EM.print | [AUG][online][epoch=40][iter=0] done name=random_permute_features shape=(1140, 1140)
2025-10-19 11:28:13 | INFO | EM.print | [ONLINE-AUG] mode=online name=random_permute_features noise_std=0.02 mask_rate=0.05 base_seed=0
2025-10-19 11:28:13 | INFO | EM.print | epoch: 40/ iteration: 1/ loss_train: 3.5429394 | task_loss:0.1441 cont_loss:6.9668 adv_loss:0.0032
2025-10-19 11:28:15 | INFO | EM.print | epoch: 0040 loss_train: 3.5228 task_loss: 0.2146 cont_loss: 6.8616 adv_loss: 0.0102 auroc_train: 0.9711 auprc_train: 0.9694 precision_train: 0.8970 recall_train: 0.9245 f1_train: 0.9106 cm_train: (tn=1913, fp=228, fn=162, tp=1985)
2025-10-19 11:28:15 | INFO | EM.print | -------- Epoch 41 --------
2025-10-19 11:28:15 | INFO | EM.print | [AUG][online][epoch=41][iter=0] start name=random_permute_features noise_std=0.02 mask_rate=0.05 seed=40000
2025-10-19 11:28:15 | INFO | EM.print | [AUG][online][epoch=41][iter=0] done name=random_permute_features shape=(1140, 1140)
2025-10-19 11:28:15 | INFO | EM.print | [ONLINE-AUG] mode=online name=random_permute_features noise_std=0.02 mask_rate=0.05 base_seed=0
2025-10-19 11:28:15 | INFO | EM.print | epoch: 41/ iteration: 1/ loss_train: 3.571867 | task_loss:0.2861 cont_loss:6.9114 adv_loss:0.0029
2025-10-19 11:28:16 | INFO | EM.print | epoch: 0041 loss_train: 3.5414 task_loss: 0.2776 cont_loss: 6.8556 adv_loss: 0.0042 auroc_train: 0.9679 auprc_train: 0.9661 precision_train: 0.8919 recall_train: 0.9156 f1_train: 0.9036 cm_train: (tn=1905, fp=238, fn=181, tp=1964)
2025-10-19 11:28:16 | INFO | EM.print | -------- Epoch 42 --------
2025-10-19 11:28:16 | INFO | EM.print | [AUG][online][epoch=42][iter=0] start name=random_permute_features noise_std=0.02 mask_rate=0.05 seed=41000
2025-10-19 11:28:16 | INFO | EM.print | [AUG][online][epoch=42][iter=0] done name=random_permute_features shape=(1140, 1140)
2025-10-19 11:28:16 | INFO | EM.print | [ONLINE-AUG] mode=online name=random_permute_features noise_std=0.02 mask_rate=0.05 base_seed=0
2025-10-19 11:28:16 | INFO | EM.print | epoch: 42/ iteration: 1/ loss_train: 3.5572326 | task_loss:0.2400 cont_loss:6.9190 adv_loss:0.0028
2025-10-19 11:28:18 | INFO | EM.print | epoch: 0042 loss_train: 3.5055 task_loss: 0.1100 cont_loss: 6.9190 adv_loss: 0.0034 auroc_train: 0.9732 auprc_train: 0.9717 precision_train: 0.8955 recall_train: 0.9230 f1_train: 0.9090 cm_train: (tn=1913, fp=231, fn=165, tp=1979)
2025-10-19 11:28:18 | INFO | EM.print | -------- Epoch 43 --------
2025-10-19 11:28:18 | INFO | EM.print | [AUG][online][epoch=43][iter=0] start name=random_permute_features noise_std=0.02 mask_rate=0.05 seed=42000
2025-10-19 11:28:18 | INFO | EM.print | [AUG][online][epoch=43][iter=0] done name=random_permute_features shape=(1140, 1140)
2025-10-19 11:28:18 | INFO | EM.print | [ONLINE-AUG] mode=online name=random_permute_features noise_std=0.02 mask_rate=0.05 base_seed=0
2025-10-19 11:28:18 | INFO | EM.print | epoch: 43/ iteration: 1/ loss_train: 3.4869277 | task_loss:0.1600 cont_loss:6.8431 adv_loss:0.0023
2025-10-19 11:28:19 | INFO | EM.print | epoch: 0043 loss_train: 3.5571 task_loss: 0.2271 cont_loss: 6.9302 adv_loss: 0.0019 auroc_train: 0.9724 auprc_train: 0.9706 precision_train: 0.9018 recall_train: 0.9254 f1_train: 0.9134 cm_train: (tn=1928, fp=216, fn=160, tp=1984)
2025-10-19 11:28:19 | INFO | EM.print | -------- Epoch 44 --------
2025-10-19 11:28:19 | INFO | EM.print | [AUG][online][epoch=44][iter=0] start name=random_permute_features noise_std=0.02 mask_rate=0.05 seed=43000
2025-10-19 11:28:19 | INFO | EM.print | [AUG][online][epoch=44][iter=0] done name=random_permute_features shape=(1140, 1140)
2025-10-19 11:28:19 | INFO | EM.print | [ONLINE-AUG] mode=online name=random_permute_features noise_std=0.02 mask_rate=0.05 base_seed=0
2025-10-19 11:28:19 | INFO | EM.print | epoch: 44/ iteration: 1/ loss_train: 3.5326557 | task_loss:0.1650 cont_loss:6.9272 adv_loss:0.0051
2025-10-19 11:28:21 | INFO | EM.print | epoch: 0044 loss_train: 3.5027 task_loss: 0.0394 cont_loss: 6.9692 adv_loss: 0.0038 auroc_train: 0.9732 auprc_train: 0.9715 precision_train: 0.9057 recall_train: 0.9276 f1_train: 0.9165 cm_train: (tn=1939, fp=207, fn=155, tp=1987)
2025-10-19 11:28:21 | INFO | EM.print | -------- Epoch 45 --------
2025-10-19 11:28:21 | INFO | EM.print | [AUG][online][epoch=45][iter=0] start name=random_permute_features noise_std=0.02 mask_rate=0.05 seed=44000
2025-10-19 11:28:21 | INFO | EM.print | [AUG][online][epoch=45][iter=0] done name=random_permute_features shape=(1140, 1140)
2025-10-19 11:28:21 | INFO | EM.print | [ONLINE-AUG] mode=online name=random_permute_features noise_std=0.02 mask_rate=0.05 base_seed=0
2025-10-19 11:28:21 | INFO | EM.print | epoch: 45/ iteration: 1/ loss_train: 3.4752638 | task_loss:0.1212 cont_loss:6.8504 adv_loss:0.0026
2025-10-19 11:28:22 | INFO | EM.print | epoch: 0045 loss_train: 3.5155 task_loss: 0.1556 cont_loss: 6.9044 adv_loss: 0.0019 auroc_train: 0.9742 auprc_train: 0.9727 precision_train: 0.8959 recall_train: 0.9301 f1_train: 0.9127 cm_train: (tn=1909, fp=232, fn=150, tp=1997)
2025-10-19 11:28:22 | INFO | EM.print | -------- Epoch 46 --------
2025-10-19 11:28:22 | INFO | EM.print | [AUG][online][epoch=46][iter=0] start name=random_permute_features noise_std=0.02 mask_rate=0.05 seed=45000
2025-10-19 11:28:22 | INFO | EM.print | [AUG][online][epoch=46][iter=0] done name=random_permute_features shape=(1140, 1140)
2025-10-19 11:28:22 | INFO | EM.print | [ONLINE-AUG] mode=online name=random_permute_features noise_std=0.02 mask_rate=0.05 base_seed=0
2025-10-19 11:28:22 | INFO | EM.print | epoch: 46/ iteration: 1/ loss_train: 3.510214 | task_loss:0.1619 cont_loss:6.8875 adv_loss:0.0029
2025-10-19 11:28:24 | INFO | EM.print | epoch: 0046 loss_train: 3.5232 task_loss: 0.1964 cont_loss: 6.8847 adv_loss: 0.0038 auroc_train: 0.9735 auprc_train: 0.9720 precision_train: 0.9015 recall_train: 0.9183 f1_train: 0.9098 cm_train: (tn=1931, fp=215, fn=175, tp=1967)
2025-10-19 11:28:24 | INFO | EM.print | -------- Epoch 47 --------
2025-10-19 11:28:24 | INFO | EM.print | [AUG][online][epoch=47][iter=0] start name=random_permute_features noise_std=0.02 mask_rate=0.05 seed=46000
2025-10-19 11:28:24 | INFO | EM.print | [AUG][online][epoch=47][iter=0] done name=random_permute_features shape=(1140, 1140)
2025-10-19 11:28:24 | INFO | EM.print | [ONLINE-AUG] mode=online name=random_permute_features noise_std=0.02 mask_rate=0.05 base_seed=0
2025-10-19 11:28:24 | INFO | EM.print | epoch: 47/ iteration: 1/ loss_train: 3.5270655 | task_loss:0.2184 cont_loss:6.8764 adv_loss:0.0025
2025-10-19 11:28:25 | INFO | EM.print | epoch: 0047 loss_train: 3.5334 task_loss: 0.1388 cont_loss: 6.9467 adv_loss: 0.0076 auroc_train: 0.9744 auprc_train: 0.9728 precision_train: 0.9005 recall_train: 0.9295 f1_train: 0.9148 cm_train: (tn=1926, fp=220, fn=151, tp=1991)
2025-10-19 11:28:25 | INFO | EM.print | -------- Epoch 48 --------
2025-10-19 11:28:25 | INFO | EM.print | [AUG][online][epoch=48][iter=0] start name=random_permute_features noise_std=0.02 mask_rate=0.05 seed=47000
2025-10-19 11:28:25 | INFO | EM.print | [AUG][online][epoch=48][iter=0] done name=random_permute_features shape=(1140, 1140)
2025-10-19 11:28:25 | INFO | EM.print | [ONLINE-AUG] mode=online name=random_permute_features noise_std=0.02 mask_rate=0.05 base_seed=0
2025-10-19 11:28:26 | INFO | EM.print | epoch: 48/ iteration: 1/ loss_train: 3.4969432 | task_loss:0.1976 cont_loss:6.8337 adv_loss:0.0017
2025-10-19 11:28:27 | INFO | EM.print | epoch: 0048 loss_train: 3.4975 task_loss: 0.2626 cont_loss: 6.7805 adv_loss: 0.0036 auroc_train: 0.9758 auprc_train: 0.9737 precision_train: 0.9128 recall_train: 0.9286 f1_train: 0.9207 cm_train: (tn=1955, fp=190, fn=153, tp=1990)
2025-10-19 11:28:27 | INFO | EM.print | -------- Epoch 49 --------
2025-10-19 11:28:27 | INFO | EM.print | [AUG][online][epoch=49][iter=0] start name=random_permute_features noise_std=0.02 mask_rate=0.05 seed=48000
2025-10-19 11:28:27 | INFO | EM.print | [AUG][online][epoch=49][iter=0] done name=random_permute_features shape=(1140, 1140)
2025-10-19 11:28:27 | INFO | EM.print | [ONLINE-AUG] mode=online name=random_permute_features noise_std=0.02 mask_rate=0.05 base_seed=0
2025-10-19 11:28:27 | INFO | EM.print | epoch: 49/ iteration: 1/ loss_train: 3.5039113 | task_loss:0.1242 cont_loss:6.9051 adv_loss:0.0028
2025-10-19 11:28:29 | INFO | EM.print | epoch: 0049 loss_train: 3.5368 task_loss: 0.2481 cont_loss: 6.8717 adv_loss: 0.0028 auroc_train: 0.9762 auprc_train: 0.9749 precision_train: 0.9075 recall_train: 0.9338 f1_train: 0.9205 cm_train: (tn=1940, fp=204, fn=142, tp=2002)
2025-10-19 11:28:29 | INFO | EM.print | -------- Epoch 50 --------
2025-10-19 11:28:29 | INFO | EM.print | [AUG][online][epoch=50][iter=0] start name=random_permute_features noise_std=0.02 mask_rate=0.05 seed=49000
2025-10-19 11:28:29 | INFO | EM.print | [AUG][online][epoch=50][iter=0] done name=random_permute_features shape=(1140, 1140)
2025-10-19 11:28:29 | INFO | EM.print | [ONLINE-AUG] mode=online name=random_permute_features noise_std=0.02 mask_rate=0.05 base_seed=0
2025-10-19 11:28:29 | INFO | EM.print | epoch: 50/ iteration: 1/ loss_train: 3.5904746 | task_loss:0.2955 cont_loss:6.9412 adv_loss:0.0028
2025-10-19 11:28:30 | INFO | EM.print | epoch: 0050 loss_train: 3.5438 task_loss: 0.2661 cont_loss: 6.8706 adv_loss: 0.0034 auroc_train: 0.9763 auprc_train: 0.9750 precision_train: 0.9094 recall_train: 0.9281 f1_train: 0.9187 cm_train: (tn=1948, fp=198, fn=154, tp=1988)
2025-10-19 11:28:30 | INFO | EM.print | Optimization Finished!
2025-10-19 11:28:30 | INFO | EM.result.save | Saved result text: /root/OUTPUT/result/LMI_B_013_data_20251019_112357/metrics/train_epoch_metrics_fold_3_20251019_112357.csv.txt
2025-10-19 11:28:30 | INFO | EM.print | [SAVE] Per-epoch train metrics saved: train_epoch_metrics_fold_3_20251019_112357.csv
2025-10-19 11:28:31 | INFO | EM.print | loss_test: 3.5360 auroc_test: 0.9547 auprc_test: 0.9545 precision_test: 0.8728 recall_test: 0.8814 f1_test: 0.8771 cm_test: (tn=453, fp=65, fn=60, tp=446)
2025-10-19 11:28:31 | INFO | EM | Fold 3 completed.
2025-10-19 11:28:31 | INFO | EM | === Fold 4/5 ===
2025-10-19 11:28:31 | INFO | EM.result.save | Saved result text: /root/OUTPUT/result/LMI_B_013_data_20251019_112357/metrics/adv_config_fold_4_20251019_112357.json.txt
2025-10-19 11:28:31 | INFO | EM.print | [SAVE] adv config saved: metrics/adv_config_fold_4_20251019_112357.json
2025-10-19 11:28:31 | INFO | EM.print | Start Training...
2025-10-19 11:28:31 | INFO | EM.print | -------- Epoch 1 --------
2025-10-19 11:28:31 | INFO | EM.print | [AUG][online][epoch=1][iter=0] start name=random_permute_features noise_std=0.02 mask_rate=0.05 seed=0
2025-10-19 11:28:31 | INFO | EM.print | [AUG][online][epoch=1][iter=0] done name=random_permute_features shape=(1140, 1140)
2025-10-19 11:28:31 | INFO | EM.print | [ONLINE-AUG] mode=online name=random_permute_features noise_std=0.02 mask_rate=0.05 base_seed=0
2025-10-19 11:28:31 | INFO | EM.print | epoch: 1/ iteration: 1/ loss_train: 2.3490648 | task_loss:0.7082 cont_loss:3.2911 adv_loss:0.7004
2025-10-19 11:28:33 | INFO | EM.print | epoch: 0001 loss_train: 3.9262 task_loss: 0.4778 cont_loss: 6.9280 adv_loss: 0.4519 auroc_train: 0.7657 auprc_train: 0.7585 precision_train: 0.6778 recall_train: 0.7021 f1_train: 0.6898 cm_train: (tn=1431, fp=715, fn=638, tp=1504)
2025-10-19 11:28:33 | INFO | EM.print | -------- Epoch 2 --------
2025-10-19 11:28:33 | INFO | EM.print | [AUG][online][epoch=2][iter=0] start name=random_permute_features noise_std=0.02 mask_rate=0.05 seed=1000
2025-10-19 11:28:33 | INFO | EM.print | [AUG][online][epoch=2][iter=0] done name=random_permute_features shape=(1140, 1140)
2025-10-19 11:28:33 | INFO | EM.print | [ONLINE-AUG] mode=online name=random_permute_features noise_std=0.02 mask_rate=0.05 base_seed=0
2025-10-19 11:28:33 | INFO | EM.print | epoch: 2/ iteration: 1/ loss_train: 3.9389675 | task_loss:0.5009 cont_loss:6.9277 adv_loss:0.4579
2025-10-19 11:28:34 | INFO | EM.print | epoch: 0002 loss_train: 3.7153 task_loss: 0.4251 cont_loss: 6.9265 adv_loss: 0.1367 auroc_train: 0.9103 auprc_train: 0.9035 precision_train: 0.8306 recall_train: 0.8353 f1_train: 0.8329 cm_train: (tn=1780, fp=365, fn=353, tp=1790)
2025-10-19 11:28:34 | INFO | EM.print | -------- Epoch 3 --------
2025-10-19 11:28:34 | INFO | EM.print | [AUG][online][epoch=3][iter=0] start name=random_permute_features noise_std=0.02 mask_rate=0.05 seed=2000
2025-10-19 11:28:34 | INFO | EM.print | [AUG][online][epoch=3][iter=0] done name=random_permute_features shape=(1140, 1140)
2025-10-19 11:28:34 | INFO | EM.print | [ONLINE-AUG] mode=online name=random_permute_features noise_std=0.02 mask_rate=0.05 base_seed=0
2025-10-19 11:28:34 | INFO | EM.print | epoch: 3/ iteration: 1/ loss_train: 3.6194587 | task_loss:0.2081 cont_loss:6.9285 adv_loss:0.1199
2025-10-19 11:28:36 | INFO | EM.print | epoch: 0003 loss_train: 3.5899 task_loss: 0.2484 cont_loss: 6.9164 adv_loss: 0.0539 auroc_train: 0.9228 auprc_train: 0.9168 precision_train: 0.8424 recall_train: 0.8424 f1_train: 0.8424 cm_train: (tn=1806, fp=338, fn=338, tp=1806)
2025-10-19 11:28:36 | INFO | EM.print | -------- Epoch 4 --------
2025-10-19 11:28:36 | INFO | EM.print | [AUG][online][epoch=4][iter=0] start name=random_permute_features noise_std=0.02 mask_rate=0.05 seed=3000
2025-10-19 11:28:36 | INFO | EM.print | [AUG][online][epoch=4][iter=0] done name=random_permute_features shape=(1140, 1140)
2025-10-19 11:28:36 | INFO | EM.print | [ONLINE-AUG] mode=online name=random_permute_features noise_std=0.02 mask_rate=0.05 base_seed=0
2025-10-19 11:28:36 | INFO | EM.print | epoch: 4/ iteration: 1/ loss_train: 3.597819 | task_loss:0.2438 cont_loss:6.9299 adv_loss:0.0590
2025-10-19 11:28:37 | INFO | EM.print | epoch: 0004 loss_train: 3.5789 task_loss: 0.2639 cont_loss: 6.9081 adv_loss: 0.0322 auroc_train: 0.9306 auprc_train: 0.9251 precision_train: 0.8469 recall_train: 0.8662 f1_train: 0.8564 cm_train: (tn=1807, fp=336, fn=287, tp=1858)
2025-10-19 11:28:37 | INFO | EM.print | -------- Epoch 5 --------
2025-10-19 11:28:37 | INFO | EM.print | [AUG][online][epoch=5][iter=0] start name=random_permute_features noise_std=0.02 mask_rate=0.05 seed=4000
2025-10-19 11:28:37 | INFO | EM.print | [AUG][online][epoch=5][iter=0] done name=random_permute_features shape=(1140, 1140)
2025-10-19 11:28:37 | INFO | EM.print | [ONLINE-AUG] mode=online name=random_permute_features noise_std=0.02 mask_rate=0.05 base_seed=0
2025-10-19 11:28:37 | INFO | EM.print | epoch: 5/ iteration: 1/ loss_train: 3.5814755 | task_loss:0.2506 cont_loss:6.9154 adv_loss:0.0393
2025-10-19 11:28:39 | INFO | EM.print | epoch: 0005 loss_train: 3.5723 task_loss: 0.2786 cont_loss: 6.8956 adv_loss: 0.0218 auroc_train: 0.9372 auprc_train: 0.9333 precision_train: 0.8573 recall_train: 0.8633 f1_train: 0.8603 cm_train: (tn=1837, fp=308, fn=293, tp=1850)
2025-10-19 11:28:39 | INFO | EM.print | -------- Epoch 6 --------
2025-10-19 11:28:39 | INFO | EM.print | [AUG][online][epoch=6][iter=0] start name=random_permute_features noise_std=0.02 mask_rate=0.05 seed=5000
2025-10-19 11:28:39 | INFO | EM.print | [AUG][online][epoch=6][iter=0] done name=random_permute_features shape=(1140, 1140)
2025-10-19 11:28:39 | INFO | EM.print | [ONLINE-AUG] mode=online name=random_permute_features noise_std=0.02 mask_rate=0.05 base_seed=0
2025-10-19 11:28:39 | INFO | EM.print | epoch: 6/ iteration: 1/ loss_train: 3.5873573 | task_loss:0.2802 cont_loss:6.9226 adv_loss:0.0233
2025-10-19 11:28:40 | INFO | EM.print | epoch: 0006 loss_train: 3.6338 task_loss: 0.3790 cont_loss: 6.9381 adv_loss: 0.0219 auroc_train: 0.9337 auprc_train: 0.9291 precision_train: 0.8587 recall_train: 0.8583 f1_train: 0.8585 cm_train: (tn=1840, fp=303, fn=304, tp=1841)
2025-10-19 11:28:40 | INFO | EM.print | -------- Epoch 7 --------
2025-10-19 11:28:40 | INFO | EM.print | [AUG][online][epoch=7][iter=0] start name=random_permute_features noise_std=0.02 mask_rate=0.05 seed=6000
2025-10-19 11:28:40 | INFO | EM.print | [AUG][online][epoch=7][iter=0] done name=random_permute_features shape=(1140, 1140)
2025-10-19 11:28:40 | INFO | EM.print | [ONLINE-AUG] mode=online name=random_permute_features noise_std=0.02 mask_rate=0.05 base_seed=0
2025-10-19 11:28:40 | INFO | EM.print | epoch: 7/ iteration: 1/ loss_train: 3.6310937 | task_loss:0.4052 cont_loss:6.9090 adv_loss:0.0242
2025-10-19 11:28:41 | INFO | EM.print | epoch: 0007 loss_train: 3.5963 task_loss: 0.3068 cont_loss: 6.9267 adv_loss: 0.0171 auroc_train: 0.9440 auprc_train: 0.9396 precision_train: 0.8633 recall_train: 0.8758 f1_train: 0.8695 cm_train: (tn=1849, fp=297, fn=266, tp=1876)
2025-10-19 11:28:41 | INFO | EM.print | -------- Epoch 8 --------
2025-10-19 11:28:41 | INFO | EM.print | [AUG][online][epoch=8][iter=0] start name=random_permute_features noise_std=0.02 mask_rate=0.05 seed=7000
2025-10-19 11:28:41 | INFO | EM.print | [AUG][online][epoch=8][iter=0] done name=random_permute_features shape=(1140, 1140)
2025-10-19 11:28:41 | INFO | EM.print | [ONLINE-AUG] mode=online name=random_permute_features noise_std=0.02 mask_rate=0.05 base_seed=0
2025-10-19 11:28:42 | INFO | EM.print | epoch: 8/ iteration: 1/ loss_train: 3.584916 | task_loss:0.2846 cont_loss:6.9267 adv_loss:0.0128
2025-10-19 11:28:43 | INFO | EM.print | epoch: 0008 loss_train: 3.5815 task_loss: 0.2791 cont_loss: 6.9159 adv_loss: 0.0199 auroc_train: 0.9458 auprc_train: 0.9424 precision_train: 0.8643 recall_train: 0.8788 f1_train: 0.8715 cm_train: (tn=1847, fp=296, fn=260, tp=1885)
2025-10-19 11:28:43 | INFO | EM.print | -------- Epoch 9 --------
2025-10-19 11:28:43 | INFO | EM.print | [AUG][online][epoch=9][iter=0] start name=random_permute_features noise_std=0.02 mask_rate=0.05 seed=8000
2025-10-19 11:28:43 | INFO | EM.print | [AUG][online][epoch=9][iter=0] done name=random_permute_features shape=(1140, 1140)
2025-10-19 11:28:43 | INFO | EM.print | [ONLINE-AUG] mode=online name=random_permute_features noise_std=0.02 mask_rate=0.05 base_seed=0
2025-10-19 11:28:43 | INFO | EM.print | epoch: 9/ iteration: 1/ loss_train: 3.5290565 | task_loss:0.1718 cont_loss:6.9062 adv_loss:0.0121
2025-10-19 11:28:44 | INFO | EM.print | epoch: 0009 loss_train: 3.5353 task_loss: 0.1740 cont_loss: 6.9124 adv_loss: 0.0158 auroc_train: 0.9476 auprc_train: 0.9444 precision_train: 0.8704 recall_train: 0.8875 f1_train: 0.8789 cm_train: (tn=1863, fp=283, fn=241, tp=1901)
2025-10-19 11:28:44 | INFO | EM.print | -------- Epoch 10 --------
2025-10-19 11:28:44 | INFO | EM.print | [AUG][online][epoch=10][iter=0] start name=random_permute_features noise_std=0.02 mask_rate=0.05 seed=9000
2025-10-19 11:28:44 | INFO | EM.print | [AUG][online][epoch=10][iter=0] done name=random_permute_features shape=(1140, 1140)
2025-10-19 11:28:44 | INFO | EM.print | [ONLINE-AUG] mode=online name=random_permute_features noise_std=0.02 mask_rate=0.05 base_seed=0
2025-10-19 11:28:44 | INFO | EM.print | epoch: 10/ iteration: 1/ loss_train: 3.538864 | task_loss:0.1965 cont_loss:6.9011 adv_loss:0.0162
2025-10-19 11:28:46 | INFO | EM.print | epoch: 0010 loss_train: 3.5887 task_loss: 0.3552 cont_loss: 6.8853 adv_loss: 0.0066 auroc_train: 0.9487 auprc_train: 0.9442 precision_train: 0.8694 recall_train: 0.8824 f1_train: 0.8758 cm_train: (tn=1862, fp=284, fn=252, tp=1890)
2025-10-19 11:28:46 | INFO | EM.print | -------- Epoch 11 --------
2025-10-19 11:28:46 | INFO | EM.print | [AUG][online][epoch=11][iter=0] start name=random_permute_features noise_std=0.02 mask_rate=0.05 seed=10000
2025-10-19 11:28:46 | INFO | EM.print | [AUG][online][epoch=11][iter=0] done name=random_permute_features shape=(1140, 1140)
2025-10-19 11:28:46 | INFO | EM.print | [ONLINE-AUG] mode=online name=random_permute_features noise_std=0.02 mask_rate=0.05 base_seed=0
2025-10-19 11:28:46 | INFO | EM.print | epoch: 11/ iteration: 1/ loss_train: 3.5609357 | task_loss:0.2627 cont_loss:6.8984 adv_loss:0.0111
2025-10-19 11:28:48 | INFO | EM.print | epoch: 0011 loss_train: 3.5911 task_loss: 0.3195 cont_loss: 6.9149 adv_loss: 0.0098 auroc_train: 0.9498 auprc_train: 0.9463 precision_train: 0.8664 recall_train: 0.8886 f1_train: 0.8774 cm_train: (tn=1848, fp=294, fn=239, tp=1907)
2025-10-19 11:28:48 | INFO | EM.print | -------- Epoch 12 --------
2025-10-19 11:28:48 | INFO | EM.print | [AUG][online][epoch=12][iter=0] start name=random_permute_features noise_std=0.02 mask_rate=0.05 seed=11000
2025-10-19 11:28:48 | INFO | EM.print | [AUG][online][epoch=12][iter=0] done name=random_permute_features shape=(1140, 1140)
2025-10-19 11:28:48 | INFO | EM.print | [ONLINE-AUG] mode=online name=random_permute_features noise_std=0.02 mask_rate=0.05 base_seed=0
2025-10-19 11:28:48 | INFO | EM.print | epoch: 12/ iteration: 1/ loss_train: 3.55997 | task_loss:0.2664 cont_loss:6.8936 adv_loss:0.0110
2025-10-19 11:28:49 | INFO | EM.print | epoch: 0012 loss_train: 3.5492 task_loss: 0.1871 cont_loss: 6.9314 adv_loss: 0.0144 auroc_train: 0.9521 auprc_train: 0.9490 precision_train: 0.8701 recall_train: 0.8936 f1_train: 0.8817 cm_train: (tn=1859, fp=286, fn=228, tp=1915)
2025-10-19 11:28:49 | INFO | EM.print | -------- Epoch 13 --------
2025-10-19 11:28:49 | INFO | EM.print | [AUG][online][epoch=13][iter=0] start name=random_permute_features noise_std=0.02 mask_rate=0.05 seed=12000
2025-10-19 11:28:49 | INFO | EM.print | [AUG][online][epoch=13][iter=0] done name=random_permute_features shape=(1140, 1140)
2025-10-19 11:28:49 | INFO | EM.print | [ONLINE-AUG] mode=online name=random_permute_features noise_std=0.02 mask_rate=0.05 base_seed=0
2025-10-19 11:28:49 | INFO | EM.print | epoch: 13/ iteration: 1/ loss_train: 3.5612054 | task_loss:0.2085 cont_loss:6.9426 adv_loss:0.0108
2025-10-19 11:28:51 | INFO | EM.print | epoch: 0013 loss_train: 3.6086 task_loss: 0.4060 cont_loss: 6.8845 adv_loss: 0.0066 auroc_train: 0.9518 auprc_train: 0.9486 precision_train: 0.8721 recall_train: 0.8912 f1_train: 0.8816 cm_train: (tn=1866, fp=280, fn=233, tp=1909)
2025-10-19 11:28:51 | INFO | EM.print | -------- Epoch 14 --------
2025-10-19 11:28:51 | INFO | EM.print | [AUG][online][epoch=14][iter=0] start name=random_permute_features noise_std=0.02 mask_rate=0.05 seed=13000
2025-10-19 11:28:51 | INFO | EM.print | [AUG][online][epoch=14][iter=0] done name=random_permute_features shape=(1140, 1140)
2025-10-19 11:28:51 | INFO | EM.print | [ONLINE-AUG] mode=online name=random_permute_features noise_std=0.02 mask_rate=0.05 base_seed=0
2025-10-19 11:28:51 | INFO | EM.print | epoch: 14/ iteration: 1/ loss_train: 3.5281346 | task_loss:0.2054 cont_loss:6.8828 adv_loss:0.0077
2025-10-19 11:28:52 | INFO | EM.print | epoch: 0014 loss_train: 3.6329 task_loss: 0.4080 cont_loss: 6.9314 adv_loss: 0.0067 auroc_train: 0.9550 auprc_train: 0.9525 precision_train: 0.8763 recall_train: 0.8975 f1_train: 0.8867 cm_train: (tn=1870, fp=272, fn=220, tp=1926)
2025-10-19 11:28:52 | INFO | EM.print | -------- Epoch 15 --------
2025-10-19 11:28:52 | INFO | EM.print | [AUG][online][epoch=15][iter=0] start name=random_permute_features noise_std=0.02 mask_rate=0.05 seed=14000
2025-10-19 11:28:52 | INFO | EM.print | [AUG][online][epoch=15][iter=0] done name=random_permute_features shape=(1140, 1140)
2025-10-19 11:28:52 | INFO | EM.print | [ONLINE-AUG] mode=online name=random_permute_features noise_std=0.02 mask_rate=0.05 base_seed=0
2025-10-19 11:28:52 | INFO | EM.print | epoch: 15/ iteration: 1/ loss_train: 3.5367942 | task_loss:0.2103 cont_loss:6.8971 adv_loss:0.0069
2025-10-19 11:28:54 | INFO | EM.print | epoch: 0015 loss_train: 3.6140 task_loss: 0.3968 cont_loss: 6.8974 adv_loss: 0.0109 auroc_train: 0.9544 auprc_train: 0.9522 precision_train: 0.8723 recall_train: 0.8979 f1_train: 0.8850 cm_train: (tn=1860, fp=282, fn=219, tp=1927)
2025-10-19 11:28:54 | INFO | EM.print | -------- Epoch 16 --------
2025-10-19 11:28:54 | INFO | EM.print | [AUG][online][epoch=16][iter=0] start name=random_permute_features noise_std=0.02 mask_rate=0.05 seed=15000
2025-10-19 11:28:54 | INFO | EM.print | [AUG][online][epoch=16][iter=0] done name=random_permute_features shape=(1140, 1140)
2025-10-19 11:28:54 | INFO | EM.print | [ONLINE-AUG] mode=online name=random_permute_features noise_std=0.02 mask_rate=0.05 base_seed=0
2025-10-19 11:28:54 | INFO | EM.print | epoch: 16/ iteration: 1/ loss_train: 3.5772667 | task_loss:0.3266 cont_loss:6.8827 adv_loss:0.0088
2025-10-19 11:28:55 | INFO | EM.print | epoch: 0016 loss_train: 3.5825 task_loss: 0.2951 cont_loss: 6.9160 adv_loss: 0.0108 auroc_train: 0.9543 auprc_train: 0.9529 precision_train: 0.8711 recall_train: 0.8996 f1_train: 0.8851 cm_train: (tn=1862, fp=285, fn=215, tp=1926)
2025-10-19 11:28:55 | INFO | EM.print | -------- Epoch 17 --------
2025-10-19 11:28:55 | INFO | EM.print | [AUG][online][epoch=17][iter=0] start name=random_permute_features noise_std=0.02 mask_rate=0.05 seed=16000
2025-10-19 11:28:55 | INFO | EM.print | [AUG][online][epoch=17][iter=0] done name=random_permute_features shape=(1140, 1140)
2025-10-19 11:28:55 | INFO | EM.print | [ONLINE-AUG] mode=online name=random_permute_features noise_std=0.02 mask_rate=0.05 base_seed=0
2025-10-19 11:28:55 | INFO | EM.print | epoch: 17/ iteration: 1/ loss_train: 3.536422 | task_loss:0.2152 cont_loss:6.8879 adv_loss:0.0107
2025-10-19 11:28:57 | INFO | EM.print | epoch: 0017 loss_train: 3.5912 task_loss: 0.3213 cont_loss: 6.9153 adv_loss: 0.0084 auroc_train: 0.9566 auprc_train: 0.9540 precision_train: 0.8732 recall_train: 0.8968 f1_train: 0.8848 cm_train: (tn=1867, fp=279, fn=221, tp=1921)
2025-10-19 11:28:57 | INFO | EM.print | -------- Epoch 18 --------
2025-10-19 11:28:57 | INFO | EM.print | [AUG][online][epoch=18][iter=0] start name=random_permute_features noise_std=0.02 mask_rate=0.05 seed=17000
2025-10-19 11:28:57 | INFO | EM.print | [AUG][online][epoch=18][iter=0] done name=random_permute_features shape=(1140, 1140)
2025-10-19 11:28:57 | INFO | EM.print | [ONLINE-AUG] mode=online name=random_permute_features noise_std=0.02 mask_rate=0.05 base_seed=0
2025-10-19 11:28:57 | INFO | EM.print | epoch: 18/ iteration: 1/ loss_train: 3.5304427 | task_loss:0.2336 cont_loss:6.8640 adv_loss:0.0083
2025-10-19 11:28:58 | INFO | EM.print | epoch: 0018 loss_train: 3.5613 task_loss: 0.2689 cont_loss: 6.9022 adv_loss: 0.0044 auroc_train: 0.9570 auprc_train: 0.9545 precision_train: 0.8700 recall_train: 0.8955 f1_train: 0.8826 cm_train: (tn=1857, fp=287, fn=224, tp=1920)
2025-10-19 11:28:58 | INFO | EM.print | -------- Epoch 19 --------
2025-10-19 11:28:58 | INFO | EM.print | [AUG][online][epoch=19][iter=0] start name=random_permute_features noise_std=0.02 mask_rate=0.05 seed=18000
2025-10-19 11:28:58 | INFO | EM.print | [AUG][online][epoch=19][iter=0] done name=random_permute_features shape=(1140, 1140)
2025-10-19 11:28:58 | INFO | EM.print | [ONLINE-AUG] mode=online name=random_permute_features noise_std=0.02 mask_rate=0.05 base_seed=0
2025-10-19 11:28:58 | INFO | EM.print | epoch: 19/ iteration: 1/ loss_train: 3.5886226 | task_loss:0.3051 cont_loss:6.9246 adv_loss:0.0072
2025-10-19 11:29:00 | INFO | EM.print | epoch: 0019 loss_train: 3.5524 task_loss: 0.2476 cont_loss: 6.9014 adv_loss: 0.0045 auroc_train: 0.9603 auprc_train: 0.9589 precision_train: 0.8769 recall_train: 0.9007 f1_train: 0.8886 cm_train: (tn=1873, fp=271, fn=213, tp=1931)
2025-10-19 11:29:00 | INFO | EM.print | -------- Epoch 20 --------
2025-10-19 11:29:00 | INFO | EM.print | [AUG][online][epoch=20][iter=0] start name=random_permute_features noise_std=0.02 mask_rate=0.05 seed=19000
2025-10-19 11:29:00 | INFO | EM.print | [AUG][online][epoch=20][iter=0] done name=random_permute_features shape=(1140, 1140)
2025-10-19 11:29:00 | INFO | EM.print | [ONLINE-AUG] mode=online name=random_permute_features noise_std=0.02 mask_rate=0.05 base_seed=0
2025-10-19 11:29:00 | INFO | EM.print | epoch: 20/ iteration: 1/ loss_train: 3.568783 | task_loss:0.2628 cont_loss:6.9127 adv_loss:0.0122
2025-10-19 11:29:01 | INFO | EM.print | epoch: 0020 loss_train: 3.5699 task_loss: 0.2686 cont_loss: 6.9201 adv_loss: 0.0040 auroc_train: 0.9589 auprc_train: 0.9577 precision_train: 0.8810 recall_train: 0.9003 f1_train: 0.8905 cm_train: (tn=1881, fp=261, fn=214, tp=1932)
2025-10-19 11:29:01 | INFO | EM.print | -------- Epoch 21 --------
2025-10-19 11:29:01 | INFO | EM.print | [AUG][online][epoch=21][iter=0] start name=random_permute_features noise_std=0.02 mask_rate=0.05 seed=20000
2025-10-19 11:29:01 | INFO | EM.print | [AUG][online][epoch=21][iter=0] done name=random_permute_features shape=(1140, 1140)
2025-10-19 11:29:01 | INFO | EM.print | [ONLINE-AUG] mode=online name=random_permute_features noise_std=0.02 mask_rate=0.05 base_seed=0
2025-10-19 11:29:01 | INFO | EM.print | epoch: 21/ iteration: 1/ loss_train: 3.5793188 | task_loss:0.3016 cont_loss:6.9105 adv_loss:0.0057
2025-10-19 11:29:03 | INFO | EM.print | epoch: 0021 loss_train: 3.5370 task_loss: 0.1992 cont_loss: 6.9097 adv_loss: 0.0041 auroc_train: 0.9618 auprc_train: 0.9593 precision_train: 0.8862 recall_train: 0.8970 f1_train: 0.8916 cm_train: (tn=1896, fp=247, fn=221, tp=1924)
2025-10-19 11:29:03 | INFO | EM.print | -------- Epoch 22 --------
2025-10-19 11:29:03 | INFO | EM.print | [AUG][online][epoch=22][iter=0] start name=random_permute_features noise_std=0.02 mask_rate=0.05 seed=21000
2025-10-19 11:29:03 | INFO | EM.print | [AUG][online][epoch=22][iter=0] done name=random_permute_features shape=(1140, 1140)
2025-10-19 11:29:03 | INFO | EM.print | [ONLINE-AUG] mode=online name=random_permute_features noise_std=0.02 mask_rate=0.05 base_seed=0
2025-10-19 11:29:03 | INFO | EM.print | epoch: 22/ iteration: 1/ loss_train: 3.5510597 | task_loss:0.2096 cont_loss:6.9271 adv_loss:0.0061
2025-10-19 11:29:04 | INFO | EM.print | epoch: 0022 loss_train: 3.5622 task_loss: 0.2540 cont_loss: 6.9104 adv_loss: 0.0089 auroc_train: 0.9596 auprc_train: 0.9578 precision_train: 0.8799 recall_train: 0.9021 f1_train: 0.8909 cm_train: (tn=1879, fp=264, fn=210, tp=1935)
2025-10-19 11:29:04 | INFO | EM.print | -------- Epoch 23 --------
2025-10-19 11:29:04 | INFO | EM.print | [AUG][online][epoch=23][iter=0] start name=random_permute_features noise_std=0.02 mask_rate=0.05 seed=22000
2025-10-19 11:29:04 | INFO | EM.print | [AUG][online][epoch=23][iter=0] done name=random_permute_features shape=(1140, 1140)
2025-10-19 11:29:04 | INFO | EM.print | [ONLINE-AUG] mode=online name=random_permute_features noise_std=0.02 mask_rate=0.05 base_seed=0
2025-10-19 11:29:04 | INFO | EM.print | epoch: 23/ iteration: 1/ loss_train: 3.5296247 | task_loss:0.2091 cont_loss:6.8862 adv_loss:0.0048
2025-10-19 11:29:06 | INFO | EM.print | epoch: 0023 loss_train: 3.5849 task_loss: 0.3075 cont_loss: 6.9125 adv_loss: 0.0094 auroc_train: 0.9592 auprc_train: 0.9574 precision_train: 0.8761 recall_train: 0.8941 f1_train: 0.8850 cm_train: (tn=1874, fp=271, fn=227, tp=1916)
2025-10-19 11:29:06 | INFO | EM.print | -------- Epoch 24 --------
2025-10-19 11:29:06 | INFO | EM.print | [AUG][online][epoch=24][iter=0] start name=random_permute_features noise_std=0.02 mask_rate=0.05 seed=23000
2025-10-19 11:29:06 | INFO | EM.print | [AUG][online][epoch=24][iter=0] done name=random_permute_features shape=(1140, 1140)
2025-10-19 11:29:06 | INFO | EM.print | [ONLINE-AUG] mode=online name=random_permute_features noise_std=0.02 mask_rate=0.05 base_seed=0
2025-10-19 11:29:06 | INFO | EM.print | epoch: 24/ iteration: 1/ loss_train: 3.526785 | task_loss:0.2464 cont_loss:6.8502 adv_loss:0.0052
2025-10-19 11:29:08 | INFO | EM.print | epoch: 0024 loss_train: 3.5845 task_loss: 0.3233 cont_loss: 6.9065 adv_loss: 0.0032 auroc_train: 0.9618 auprc_train: 0.9586 precision_train: 0.8813 recall_train: 0.9010 f1_train: 0.8910 cm_train: (tn=1886, fp=260, fn=212, tp=1930)
2025-10-19 11:29:08 | INFO | EM.print | -------- Epoch 25 --------
2025-10-19 11:29:08 | INFO | EM.print | [AUG][online][epoch=25][iter=0] start name=random_permute_features noise_std=0.02 mask_rate=0.05 seed=24000
2025-10-19 11:29:08 | INFO | EM.print | [AUG][online][epoch=25][iter=0] done name=random_permute_features shape=(1140, 1140)
2025-10-19 11:29:08 | INFO | EM.print | [ONLINE-AUG] mode=online name=random_permute_features noise_std=0.02 mask_rate=0.05 base_seed=0
2025-10-19 11:29:08 | INFO | EM.print | epoch: 25/ iteration: 1/ loss_train: 3.591912 | task_loss:0.3536 cont_loss:6.8963 adv_loss:0.0038
2025-10-19 11:29:09 | INFO | EM.print | epoch: 0025 loss_train: 3.5858 task_loss: 0.3132 cont_loss: 6.9165 adv_loss: 0.0037 auroc_train: 0.9631 auprc_train: 0.9612 precision_train: 0.8804 recall_train: 0.9047 f1_train: 0.8924 cm_train: (tn=1885, fp=263, fn=204, tp=1936)
2025-10-19 11:29:09 | INFO | EM.print | -------- Epoch 26 --------
2025-10-19 11:29:09 | INFO | EM.print | [AUG][online][epoch=26][iter=0] start name=random_permute_features noise_std=0.02 mask_rate=0.05 seed=25000
2025-10-19 11:29:09 | INFO | EM.print | [AUG][online][epoch=26][iter=0] done name=random_permute_features shape=(1140, 1140)
2025-10-19 11:29:09 | INFO | EM.print | [ONLINE-AUG] mode=online name=random_permute_features noise_std=0.02 mask_rate=0.05 base_seed=0
2025-10-19 11:29:09 | INFO | EM.print | epoch: 26/ iteration: 1/ loss_train: 3.5666246 | task_loss:0.2751 cont_loss:6.9047 adv_loss:0.0071
2025-10-19 11:29:11 | INFO | EM.print | epoch: 0026 loss_train: 3.5307 task_loss: 0.2217 cont_loss: 6.8795 adv_loss: 0.0037 auroc_train: 0.9617 auprc_train: 0.9592 precision_train: 0.8730 recall_train: 0.9109 f1_train: 0.8916 cm_train: (tn=1860, fp=284, fn=191, tp=1953)
2025-10-19 11:29:11 | INFO | EM.print | -------- Epoch 27 --------
2025-10-19 11:29:11 | INFO | EM.print | [AUG][online][epoch=27][iter=0] start name=random_permute_features noise_std=0.02 mask_rate=0.05 seed=26000
2025-10-19 11:29:11 | INFO | EM.print | [AUG][online][epoch=27][iter=0] done name=random_permute_features shape=(1140, 1140)
2025-10-19 11:29:11 | INFO | EM.print | [ONLINE-AUG] mode=online name=random_permute_features noise_std=0.02 mask_rate=0.05 base_seed=0
2025-10-19 11:29:11 | INFO | EM.print | epoch: 27/ iteration: 1/ loss_train: 3.5977402 | task_loss:0.3233 cont_loss:6.9322 adv_loss:0.0038
2025-10-19 11:29:12 | INFO | EM.print | epoch: 0027 loss_train: 3.5300 task_loss: 0.2192 cont_loss: 6.8804 adv_loss: 0.0036 auroc_train: 0.9611 auprc_train: 0.9593 precision_train: 0.8734 recall_train: 0.9044 f1_train: 0.8886 cm_train: (tn=1863, fp=281, fn=205, tp=1939)
2025-10-19 11:29:12 | INFO | EM.print | -------- Epoch 28 --------
2025-10-19 11:29:12 | INFO | EM.print | [AUG][online][epoch=28][iter=0] start name=random_permute_features noise_std=0.02 mask_rate=0.05 seed=27000
2025-10-19 11:29:12 | INFO | EM.print | [AUG][online][epoch=28][iter=0] done name=random_permute_features shape=(1140, 1140)
2025-10-19 11:29:12 | INFO | EM.print | [ONLINE-AUG] mode=online name=random_permute_features noise_std=0.02 mask_rate=0.05 base_seed=0
2025-10-19 11:29:12 | INFO | EM.print | epoch: 28/ iteration: 1/ loss_train: 3.5745676 | task_loss:0.3028 cont_loss:6.9019 adv_loss:0.0041
2025-10-19 11:29:13 | INFO | EM.print | epoch: 0028 loss_train: 3.5820 task_loss: 0.3194 cont_loss: 6.9044 adv_loss: 0.0033 auroc_train: 0.9636 auprc_train: 0.9618 precision_train: 0.8805 recall_train: 0.9068 f1_train: 0.8934 cm_train: (tn=1879, fp=264, fn=200, tp=1945)
2025-10-19 11:29:13 | INFO | EM.print | -------- Epoch 29 --------
2025-10-19 11:29:14 | INFO | EM.print | [AUG][online][epoch=29][iter=0] start name=random_permute_features noise_std=0.02 mask_rate=0.05 seed=28000
2025-10-19 11:29:14 | INFO | EM.print | [AUG][online][epoch=29][iter=0] done name=random_permute_features shape=(1140, 1140)
2025-10-19 11:29:14 | INFO | EM.print | [ONLINE-AUG] mode=online name=random_permute_features noise_std=0.02 mask_rate=0.05 base_seed=0
2025-10-19 11:29:14 | INFO | EM.print | epoch: 29/ iteration: 1/ loss_train: 3.5571046 | task_loss:0.2192 cont_loss:6.9319 adv_loss:0.0058
2025-10-19 11:29:15 | INFO | EM.print | epoch: 0029 loss_train: 3.5925 task_loss: 0.3498 cont_loss: 6.9016 adv_loss: 0.0031 auroc_train: 0.9643 auprc_train: 0.9633 precision_train: 0.8844 recall_train: 0.9050 f1_train: 0.8946 cm_train: (tn=1887, fp=254, fn=204, tp=1943)
2025-10-19 11:29:15 | INFO | EM.print | -------- Epoch 30 --------
2025-10-19 11:29:15 | INFO | EM.print | [AUG][online][epoch=30][iter=0] start name=random_permute_features noise_std=0.02 mask_rate=0.05 seed=29000
2025-10-19 11:29:15 | INFO | EM.print | [AUG][online][epoch=30][iter=0] done name=random_permute_features shape=(1140, 1140)
2025-10-19 11:29:15 | INFO | EM.print | [ONLINE-AUG] mode=online name=random_permute_features noise_std=0.02 mask_rate=0.05 base_seed=0
2025-10-19 11:29:15 | INFO | EM.print | epoch: 30/ iteration: 1/ loss_train: 3.534317 | task_loss:0.1809 cont_loss:6.9191 adv_loss:0.0040
2025-10-19 11:29:17 | INFO | EM.print | epoch: 0030 loss_train: 3.6025 task_loss: 0.4009 cont_loss: 6.8800 adv_loss: 0.0037 auroc_train: 0.9642 auprc_train: 0.9630 precision_train: 0.8818 recall_train: 0.9094 f1_train: 0.8954 cm_train: (tn=1885, fp=261, fn=194, tp=1948)
2025-10-19 11:29:17 | INFO | EM.print | -------- Epoch 31 --------
2025-10-19 11:29:17 | INFO | EM.print | [AUG][online][epoch=31][iter=0] start name=random_permute_features noise_std=0.02 mask_rate=0.05 seed=30000
2025-10-19 11:29:17 | INFO | EM.print | [AUG][online][epoch=31][iter=0] done name=random_permute_features shape=(1140, 1140)
2025-10-19 11:29:17 | INFO | EM.print | [ONLINE-AUG] mode=online name=random_permute_features noise_std=0.02 mask_rate=0.05 base_seed=0
2025-10-19 11:29:17 | INFO | EM.print | epoch: 31/ iteration: 1/ loss_train: 3.512973 | task_loss:0.1062 cont_loss:6.9318 adv_loss:0.0076
2025-10-19 11:29:18 | INFO | EM.print | epoch: 0031 loss_train: 3.5608 task_loss: 0.2573 cont_loss: 6.9122 adv_loss: 0.0030 auroc_train: 0.9656 auprc_train: 0.9635 precision_train: 0.8831 recall_train: 0.9152 f1_train: 0.8989 cm_train: (tn=1882, fp=260, fn=182, tp=1964)
2025-10-19 11:29:18 | INFO | EM.print | -------- Epoch 32 --------
2025-10-19 11:29:18 | INFO | EM.print | [AUG][online][epoch=32][iter=0] start name=random_permute_features noise_std=0.02 mask_rate=0.05 seed=31000
2025-10-19 11:29:18 | INFO | EM.print | [AUG][online][epoch=32][iter=0] done name=random_permute_features shape=(1140, 1140)
2025-10-19 11:29:18 | INFO | EM.print | [ONLINE-AUG] mode=online name=random_permute_features noise_std=0.02 mask_rate=0.05 base_seed=0
2025-10-19 11:29:18 | INFO | EM.print | epoch: 32/ iteration: 1/ loss_train: 3.532894 | task_loss:0.1935 cont_loss:6.9075 adv_loss:0.0029
2025-10-19 11:29:20 | INFO | EM.print | epoch: 0032 loss_train: 3.5426 task_loss: 0.2229 cont_loss: 6.9004 adv_loss: 0.0054 auroc_train: 0.9656 auprc_train: 0.9638 precision_train: 0.8832 recall_train: 0.9038 f1_train: 0.8934 cm_train: (tn=1891, fp=256, fn=206, tp=1935)
2025-10-19 11:29:20 | INFO | EM.print | -------- Epoch 33 --------
2025-10-19 11:29:20 | INFO | EM.print | [AUG][online][epoch=33][iter=0] start name=random_permute_features noise_std=0.02 mask_rate=0.05 seed=32000
2025-10-19 11:29:20 | INFO | EM.print | [AUG][online][epoch=33][iter=0] done name=random_permute_features shape=(1140, 1140)
2025-10-19 11:29:20 | INFO | EM.print | [ONLINE-AUG] mode=online name=random_permute_features noise_std=0.02 mask_rate=0.05 base_seed=0
2025-10-19 11:29:20 | INFO | EM.print | epoch: 33/ iteration: 1/ loss_train: 3.5872402 | task_loss:0.2910 cont_loss:6.9382 adv_loss:0.0029
2025-10-19 11:29:21 | INFO | EM.print | epoch: 0033 loss_train: 3.5685 task_loss: 0.2573 cont_loss: 6.9258 adv_loss: 0.0045 auroc_train: 0.9669 auprc_train: 0.9652 precision_train: 0.8820 recall_train: 0.9157 f1_train: 0.8985 cm_train: (tn=1878, fp=263, fn=181, tp=1966)
2025-10-19 11:29:21 | INFO | EM.print | -------- Epoch 34 --------
2025-10-19 11:29:21 | INFO | EM.print | [AUG][online][epoch=34][iter=0] start name=random_permute_features noise_std=0.02 mask_rate=0.05 seed=33000
2025-10-19 11:29:21 | INFO | EM.print | [AUG][online][epoch=34][iter=0] done name=random_permute_features shape=(1140, 1140)
2025-10-19 11:29:21 | INFO | EM.print | [ONLINE-AUG] mode=online name=random_permute_features noise_std=0.02 mask_rate=0.05 base_seed=0
2025-10-19 11:29:21 | INFO | EM.print | epoch: 34/ iteration: 1/ loss_train: 3.5429738 | task_loss:0.1745 cont_loss:6.9427 adv_loss:0.0031
2025-10-19 11:29:23 | INFO | EM.print | epoch: 0034 loss_train: 3.5350 task_loss: 0.1530 cont_loss: 6.9404 adv_loss: 0.0060 auroc_train: 0.9664 auprc_train: 0.9648 precision_train: 0.8829 recall_train: 0.9109 f1_train: 0.8966 cm_train: (tn=1886, fp=259, fn=191, tp=1952)
2025-10-19 11:29:23 | INFO | EM.print | -------- Epoch 35 --------
2025-10-19 11:29:23 | INFO | EM.print | [AUG][online][epoch=35][iter=0] start name=random_permute_features noise_std=0.02 mask_rate=0.05 seed=34000
2025-10-19 11:29:23 | INFO | EM.print | [AUG][online][epoch=35][iter=0] done name=random_permute_features shape=(1140, 1140)
2025-10-19 11:29:23 | INFO | EM.print | [ONLINE-AUG] mode=online name=random_permute_features noise_std=0.02 mask_rate=0.05 base_seed=0
2025-10-19 11:29:23 | INFO | EM.print | epoch: 35/ iteration: 1/ loss_train: 3.5265288 | task_loss:0.2010 cont_loss:6.8895 adv_loss:0.0023
2025-10-19 11:29:24 | INFO | EM.print | epoch: 0035 loss_train: 3.5744 task_loss: 0.2776 cont_loss: 6.9193 adv_loss: 0.0062 auroc_train: 0.9673 auprc_train: 0.9658 precision_train: 0.8863 recall_train: 0.9165 f1_train: 0.9012 cm_train: (tn=1892, fp=252, fn=179, tp=1965)
2025-10-19 11:29:24 | INFO | EM.print | -------- Epoch 36 --------
2025-10-19 11:29:24 | INFO | EM.print | [AUG][online][epoch=36][iter=0] start name=random_permute_features noise_std=0.02 mask_rate=0.05 seed=35000
2025-10-19 11:29:24 | INFO | EM.print | [AUG][online][epoch=36][iter=0] done name=random_permute_features shape=(1140, 1140)
2025-10-19 11:29:24 | INFO | EM.print | [ONLINE-AUG] mode=online name=random_permute_features noise_std=0.02 mask_rate=0.05 base_seed=0
2025-10-19 11:29:25 | INFO | EM.print | epoch: 36/ iteration: 1/ loss_train: 3.5419621 | task_loss:0.2028 cont_loss:6.9112 adv_loss:0.0087
2025-10-19 11:29:26 | INFO | EM.print | epoch: 0036 loss_train: 3.5295 task_loss: 0.1588 cont_loss: 6.9282 adv_loss: 0.0030 auroc_train: 0.9664 auprc_train: 0.9648 precision_train: 0.8834 recall_train: 0.9164 f1_train: 0.8996 cm_train: (tn=1887, fp=259, fn=179, tp=1963)
2025-10-19 11:29:26 | INFO | EM.print | -------- Epoch 37 --------
2025-10-19 11:29:26 | INFO | EM.print | [AUG][online][epoch=37][iter=0] start name=random_permute_features noise_std=0.02 mask_rate=0.05 seed=36000
2025-10-19 11:29:26 | INFO | EM.print | [AUG][online][epoch=37][iter=0] done name=random_permute_features shape=(1140, 1140)
2025-10-19 11:29:26 | INFO | EM.print | [ONLINE-AUG] mode=online name=random_permute_features noise_std=0.02 mask_rate=0.05 base_seed=0
2025-10-19 11:29:26 | INFO | EM.print | epoch: 37/ iteration: 1/ loss_train: 3.5396373 | task_loss:0.2356 cont_loss:6.8865 adv_loss:0.0036
2025-10-19 11:29:28 | INFO | EM.print | epoch: 0037 loss_train: 3.5524 task_loss: 0.2410 cont_loss: 6.9066 adv_loss: 0.0044 auroc_train: 0.9659 auprc_train: 0.9639 precision_train: 0.8885 recall_train: 0.9184 f1_train: 0.9032 cm_train: (tn=1897, fp=247, fn=175, tp=1969)
2025-10-19 11:29:28 | INFO | EM.print | -------- Epoch 38 --------
2025-10-19 11:29:28 | INFO | EM.print | [AUG][online][epoch=38][iter=0] start name=random_permute_features noise_std=0.02 mask_rate=0.05 seed=37000
2025-10-19 11:29:28 | INFO | EM.print | [AUG][online][epoch=38][iter=0] done name=random_permute_features shape=(1140, 1140)
2025-10-19 11:29:28 | INFO | EM.print | [ONLINE-AUG] mode=online name=random_permute_features noise_std=0.02 mask_rate=0.05 base_seed=0
2025-10-19 11:29:28 | INFO | EM.print | epoch: 38/ iteration: 1/ loss_train: 3.5544086 | task_loss:0.2326 cont_loss:6.9187 adv_loss:0.0034
2025-10-19 11:29:29 | INFO | EM.print | epoch: 0038 loss_train: 3.5680 task_loss: 0.2427 cont_loss: 6.9387 adv_loss: 0.0027 auroc_train: 0.9667 auprc_train: 0.9647 precision_train: 0.8829 recall_train: 0.9179 f1_train: 0.9001 cm_train: (tn=1883, fp=261, fn=176, tp=1968)
2025-10-19 11:29:29 | INFO | EM.print | -------- Epoch 39 --------
2025-10-19 11:29:29 | INFO | EM.print | [AUG][online][epoch=39][iter=0] start name=random_permute_features noise_std=0.02 mask_rate=0.05 seed=38000
2025-10-19 11:29:29 | INFO | EM.print | [AUG][online][epoch=39][iter=0] done name=random_permute_features shape=(1140, 1140)
2025-10-19 11:29:29 | INFO | EM.print | [ONLINE-AUG] mode=online name=random_permute_features noise_std=0.02 mask_rate=0.05 base_seed=0
2025-10-19 11:29:29 | INFO | EM.print | epoch: 39/ iteration: 1/ loss_train: 3.5555353 | task_loss:0.2594 cont_loss:6.9014 adv_loss:0.0018
2025-10-19 11:29:31 | INFO | EM.print | epoch: 0039 loss_train: 3.5856 task_loss: 0.3478 cont_loss: 6.8888 adv_loss: 0.0036 auroc_train: 0.9667 auprc_train: 0.9660 precision_train: 0.8787 recall_train: 0.9165 f1_train: 0.8972 cm_train: (tn=1874, fp=271, fn=179, tp=1964)
2025-10-19 11:29:31 | INFO | EM.print | -------- Epoch 40 --------
2025-10-19 11:29:31 | INFO | EM.print | [AUG][online][epoch=40][iter=0] start name=random_permute_features noise_std=0.02 mask_rate=0.05 seed=39000
2025-10-19 11:29:31 | INFO | EM.print | [AUG][online][epoch=40][iter=0] done name=random_permute_features shape=(1140, 1140)
2025-10-19 11:29:31 | INFO | EM.print | [ONLINE-AUG] mode=online name=random_permute_features noise_std=0.02 mask_rate=0.05 base_seed=0
2025-10-19 11:29:31 | INFO | EM.print | epoch: 40/ iteration: 1/ loss_train: 3.5158267 | task_loss:0.1831 cont_loss:6.8792 adv_loss:0.0050
2025-10-19 11:29:32 | INFO | EM.print | epoch: 0040 loss_train: 3.5517 task_loss: 0.2411 cont_loss: 6.9064 adv_loss: 0.0035 auroc_train: 0.9685 auprc_train: 0.9670 precision_train: 0.8869 recall_train: 0.9150 f1_train: 0.9007 cm_train: (tn=1896, fp=250, fn=182, tp=1960)
2025-10-19 11:29:32 | INFO | EM.print | -------- Epoch 41 --------
2025-10-19 11:29:32 | INFO | EM.print | [AUG][online][epoch=41][iter=0] start name=random_permute_features noise_std=0.02 mask_rate=0.05 seed=40000
2025-10-19 11:29:32 | INFO | EM.print | [AUG][online][epoch=41][iter=0] done name=random_permute_features shape=(1140, 1140)
2025-10-19 11:29:32 | INFO | EM.print | [ONLINE-AUG] mode=online name=random_permute_features noise_std=0.02 mask_rate=0.05 base_seed=0
2025-10-19 11:29:32 | INFO | EM.print | epoch: 41/ iteration: 1/ loss_train: 3.5347219 | task_loss:0.2054 cont_loss:6.9016 adv_loss:0.0029
2025-10-19 11:29:34 | INFO | EM.print | epoch: 0041 loss_train: 3.5334 task_loss: 0.2234 cont_loss: 6.8839 adv_loss: 0.0034 auroc_train: 0.9690 auprc_train: 0.9671 precision_train: 0.8861 recall_train: 0.9221 f1_train: 0.9038 cm_train: (tn=1890, fp=254, fn=167, tp=1977)
2025-10-19 11:29:34 | INFO | EM.print | -------- Epoch 42 --------
2025-10-19 11:29:34 | INFO | EM.print | [AUG][online][epoch=42][iter=0] start name=random_permute_features noise_std=0.02 mask_rate=0.05 seed=41000
2025-10-19 11:29:34 | INFO | EM.print | [AUG][online][epoch=42][iter=0] done name=random_permute_features shape=(1140, 1140)
2025-10-19 11:29:34 | INFO | EM.print | [ONLINE-AUG] mode=online name=random_permute_features noise_std=0.02 mask_rate=0.05 base_seed=0
2025-10-19 11:29:34 | INFO | EM.print | epoch: 42/ iteration: 1/ loss_train: 3.5421255 | task_loss:0.2534 cont_loss:6.8742 adv_loss:0.0061
2025-10-19 11:29:35 | INFO | EM.print | epoch: 0042 loss_train: 3.5731 task_loss: 0.3025 cont_loss: 6.9001 adv_loss: 0.0035 auroc_train: 0.9695 auprc_train: 0.9673 precision_train: 0.8942 recall_train: 0.9180 f1_train: 0.9060 cm_train: (tn=1909, fp=233, fn=176, tp=1970)
2025-10-19 11:29:35 | INFO | EM.print | -------- Epoch 43 --------
2025-10-19 11:29:35 | INFO | EM.print | [AUG][online][epoch=43][iter=0] start name=random_permute_features noise_std=0.02 mask_rate=0.05 seed=42000
2025-10-19 11:29:35 | INFO | EM.print | [AUG][online][epoch=43][iter=0] done name=random_permute_features shape=(1140, 1140)
2025-10-19 11:29:35 | INFO | EM.print | [ONLINE-AUG] mode=online name=random_permute_features noise_std=0.02 mask_rate=0.05 base_seed=0
2025-10-19 11:29:36 | INFO | EM.print | epoch: 43/ iteration: 1/ loss_train: 3.5509996 | task_loss:0.2076 cont_loss:6.9325 adv_loss:0.0029
2025-10-19 11:29:37 | INFO | EM.print | epoch: 0043 loss_train: 3.5494 task_loss: 0.2408 cont_loss: 6.9036 adv_loss: 0.0022 auroc_train: 0.9714 auprc_train: 0.9700 precision_train: 0.8900 recall_train: 0.9315 f1_train: 0.9103 cm_train: (tn=1896, fp=247, fn=147, tp=1998)
2025-10-19 11:29:37 | INFO | EM.print | -------- Epoch 44 --------
2025-10-19 11:29:37 | INFO | EM.print | [AUG][online][epoch=44][iter=0] start name=random_permute_features noise_std=0.02 mask_rate=0.05 seed=43000
2025-10-19 11:29:37 | INFO | EM.print | [AUG][online][epoch=44][iter=0] done name=random_permute_features shape=(1140, 1140)
2025-10-19 11:29:37 | INFO | EM.print | [ONLINE-AUG] mode=online name=random_permute_features noise_std=0.02 mask_rate=0.05 base_seed=0
2025-10-19 11:29:37 | INFO | EM.print | epoch: 44/ iteration: 1/ loss_train: 3.5222955 | task_loss:0.1536 cont_loss:6.9122 adv_loss:0.0080
2025-10-19 11:29:38 | INFO | EM.print | epoch: 0044 loss_train: 3.5076 task_loss: 0.1404 cont_loss: 6.8906 adv_loss: 0.0103 auroc_train: 0.9711 auprc_train: 0.9700 precision_train: 0.8921 recall_train: 0.9234 f1_train: 0.9075 cm_train: (tn=1908, fp=239, fn=164, tp=1977)
2025-10-19 11:29:38 | INFO | EM.print | -------- Epoch 45 --------
2025-10-19 11:29:38 | INFO | EM.print | [AUG][online][epoch=45][iter=0] start name=random_permute_features noise_std=0.02 mask_rate=0.05 seed=44000
2025-10-19 11:29:38 | INFO | EM.print | [AUG][online][epoch=45][iter=0] done name=random_permute_features shape=(1140, 1140)
2025-10-19 11:29:38 | INFO | EM.print | [ONLINE-AUG] mode=online name=random_permute_features noise_std=0.02 mask_rate=0.05 base_seed=0
2025-10-19 11:29:39 | INFO | EM.print | epoch: 45/ iteration: 1/ loss_train: 3.5155644 | task_loss:0.1637 cont_loss:6.8978 adv_loss:0.0020
2025-10-19 11:29:40 | INFO | EM.print | epoch: 0045 loss_train: 3.5226 task_loss: 0.1833 cont_loss: 6.8954 adv_loss: 0.0026 auroc_train: 0.9711 auprc_train: 0.9691 precision_train: 0.9006 recall_train: 0.9300 f1_train: 0.9151 cm_train: (tn=1925, fp=220, fn=150, tp=1993)
2025-10-19 11:29:40 | INFO | EM.print | -------- Epoch 46 --------
2025-10-19 11:29:40 | INFO | EM.print | [AUG][online][epoch=46][iter=0] start name=random_permute_features noise_std=0.02 mask_rate=0.05 seed=45000
2025-10-19 11:29:40 | INFO | EM.print | [AUG][online][epoch=46][iter=0] done name=random_permute_features shape=(1140, 1140)
2025-10-19 11:29:40 | INFO | EM.print | [ONLINE-AUG] mode=online name=random_permute_features noise_std=0.02 mask_rate=0.05 base_seed=0
2025-10-19 11:29:40 | INFO | EM.print | epoch: 46/ iteration: 1/ loss_train: 3.5696728 | task_loss:0.2657 cont_loss:6.9200 adv_loss:0.0057
2025-10-19 11:29:41 | INFO | EM.print | epoch: 0046 loss_train: 3.5408 task_loss: 0.2331 cont_loss: 6.8933 adv_loss: 0.0015 auroc_train: 0.9722 auprc_train: 0.9713 precision_train: 0.8971 recall_train: 0.9272 f1_train: 0.9119 cm_train: (tn=1916, fp=228, fn=156, tp=1988)
2025-10-19 11:29:41 | INFO | EM.print | -------- Epoch 47 --------
2025-10-19 11:29:41 | INFO | EM.print | [AUG][online][epoch=47][iter=0] start name=random_permute_features noise_std=0.02 mask_rate=0.05 seed=46000
2025-10-19 11:29:41 | INFO | EM.print | [AUG][online][epoch=47][iter=0] done name=random_permute_features shape=(1140, 1140)
2025-10-19 11:29:41 | INFO | EM.print | [ONLINE-AUG] mode=online name=random_permute_features noise_std=0.02 mask_rate=0.05 base_seed=0
2025-10-19 11:29:42 | INFO | EM.print | epoch: 47/ iteration: 1/ loss_train: 3.5162292 | task_loss:0.1530 cont_loss:6.9078 adv_loss:0.0019
2025-10-19 11:29:43 | INFO | EM.print | epoch: 0047 loss_train: 3.5083 task_loss: 0.2195 cont_loss: 6.8372 adv_loss: 0.0032 auroc_train: 0.9740 auprc_train: 0.9722 precision_train: 0.9046 recall_train: 0.9291 f1_train: 0.9167 cm_train: (tn=1934, fp=210, fn=152, tp=1992)
2025-10-19 11:29:43 | INFO | EM.print | -------- Epoch 48 --------
2025-10-19 11:29:43 | INFO | EM.print | [AUG][online][epoch=48][iter=0] start name=random_permute_features noise_std=0.02 mask_rate=0.05 seed=47000
2025-10-19 11:29:43 | INFO | EM.print | [AUG][online][epoch=48][iter=0] done name=random_permute_features shape=(1140, 1140)
2025-10-19 11:29:43 | INFO | EM.print | [ONLINE-AUG] mode=online name=random_permute_features noise_std=0.02 mask_rate=0.05 base_seed=0
2025-10-19 11:29:43 | INFO | EM.print | epoch: 48/ iteration: 1/ loss_train: 3.5469542 | task_loss:0.1665 cont_loss:6.9583 adv_loss:0.0020
2025-10-19 11:29:44 | INFO | EM.print | epoch: 0048 loss_train: 3.4992 task_loss: 0.1218 cont_loss: 6.8993 adv_loss: 0.0015 auroc_train: 0.9725 auprc_train: 0.9711 precision_train: 0.8993 recall_train: 0.9311 f1_train: 0.9149 cm_train: (tn=1916, fp=224, fn=148, tp=2000)
2025-10-19 11:29:44 | INFO | EM.print | -------- Epoch 49 --------
2025-10-19 11:29:44 | INFO | EM.print | [AUG][online][epoch=49][iter=0] start name=random_permute_features noise_std=0.02 mask_rate=0.05 seed=48000
2025-10-19 11:29:44 | INFO | EM.print | [AUG][online][epoch=49][iter=0] done name=random_permute_features shape=(1140, 1140)
2025-10-19 11:29:44 | INFO | EM.print | [ONLINE-AUG] mode=online name=random_permute_features noise_std=0.02 mask_rate=0.05 base_seed=0
2025-10-19 11:29:45 | INFO | EM.print | epoch: 49/ iteration: 1/ loss_train: 3.5273805 | task_loss:0.1952 cont_loss:6.8954 adv_loss:0.0026
2025-10-19 11:29:46 | INFO | EM.print | epoch: 0049 loss_train: 3.5252 task_loss: 0.2160 cont_loss: 6.8720 adv_loss: 0.0047 auroc_train: 0.9733 auprc_train: 0.9719 precision_train: 0.9005 recall_train: 0.9249 f1_train: 0.9125 cm_train: (tn=1926, fp=219, fn=161, tp=1982)
2025-10-19 11:29:46 | INFO | EM.print | -------- Epoch 50 --------
2025-10-19 11:29:46 | INFO | EM.print | [AUG][online][epoch=50][iter=0] start name=random_permute_features noise_std=0.02 mask_rate=0.05 seed=49000
2025-10-19 11:29:46 | INFO | EM.print | [AUG][online][epoch=50][iter=0] done name=random_permute_features shape=(1140, 1140)
2025-10-19 11:29:46 | INFO | EM.print | [ONLINE-AUG] mode=online name=random_permute_features noise_std=0.02 mask_rate=0.05 base_seed=0
2025-10-19 11:29:46 | INFO | EM.print | epoch: 50/ iteration: 1/ loss_train: 3.5062592 | task_loss:0.2120 cont_loss:6.8390 adv_loss:0.0033
2025-10-19 11:29:47 | INFO | EM.print | epoch: 0050 loss_train: 3.5094 task_loss: 0.1717 cont_loss: 6.8793 adv_loss: 0.0018 auroc_train: 0.9763 auprc_train: 0.9746 precision_train: 0.9138 recall_train: 0.9295 f1_train: 0.9216 cm_train: (tn=1957, fp=188, fn=151, tp=1992)
2025-10-19 11:29:47 | INFO | EM.print | Optimization Finished!
2025-10-19 11:29:47 | INFO | EM.result.save | Saved result text: /root/OUTPUT/result/LMI_B_013_data_20251019_112357/metrics/train_epoch_metrics_fold_4_20251019_112357.csv.txt
2025-10-19 11:29:47 | INFO | EM.print | [SAVE] Per-epoch train metrics saved: train_epoch_metrics_fold_4_20251019_112357.csv
2025-10-19 11:29:48 | INFO | EM.print | loss_test: 3.5754 auroc_test: 0.9533 auprc_test: 0.9531 precision_test: 0.8669 recall_test: 0.8669 f1_test: 0.8669 cm_test: (tn=445, fp=68, fn=68, tp=443)
2025-10-19 11:29:48 | INFO | EM | Fold 4 completed.
2025-10-19 11:29:48 | INFO | EM | === Fold 5/5 ===
2025-10-19 11:29:48 | INFO | EM.result.save | Saved result text: /root/OUTPUT/result/LMI_B_013_data_20251019_112357/metrics/adv_config_fold_5_20251019_112357.json.txt
2025-10-19 11:29:48 | INFO | EM.print | [SAVE] adv config saved: metrics/adv_config_fold_5_20251019_112357.json
2025-10-19 11:29:48 | INFO | EM.print | Start Training...
2025-10-19 11:29:48 | INFO | EM.print | -------- Epoch 1 --------
2025-10-19 11:29:48 | INFO | EM.print | [AUG][online][epoch=1][iter=0] start name=random_permute_features noise_std=0.02 mask_rate=0.05 seed=0
2025-10-19 11:29:48 | INFO | EM.print | [AUG][online][epoch=1][iter=0] done name=random_permute_features shape=(1140, 1140)
2025-10-19 11:29:48 | INFO | EM.print | [ONLINE-AUG] mode=online name=random_permute_features noise_std=0.02 mask_rate=0.05 base_seed=0
2025-10-19 11:29:49 | INFO | EM.print | epoch: 1/ iteration: 1/ loss_train: 2.8079648 | task_loss:0.7746 cont_loss:4.1552 adv_loss:0.7009
2025-10-19 11:29:50 | INFO | EM.print | epoch: 0001 loss_train: 3.9412 task_loss: 0.4382 cont_loss: 6.9236 adv_loss: 0.5069 auroc_train: 0.7878 auprc_train: 0.7792 precision_train: 0.7022 recall_train: 0.7186 f1_train: 0.7103 cm_train: (tn=1492, fp=653, fn=603, tp=1540)
2025-10-19 11:29:50 | INFO | EM.print | -------- Epoch 2 --------
2025-10-19 11:29:50 | INFO | EM.print | [AUG][online][epoch=2][iter=0] start name=random_permute_features noise_std=0.02 mask_rate=0.05 seed=1000
2025-10-19 11:29:50 | INFO | EM.print | [AUG][online][epoch=2][iter=0] done name=random_permute_features shape=(1140, 1140)
2025-10-19 11:29:50 | INFO | EM.print | [ONLINE-AUG] mode=online name=random_permute_features noise_std=0.02 mask_rate=0.05 base_seed=0
2025-10-19 11:29:50 | INFO | EM.print | epoch: 2/ iteration: 1/ loss_train: 3.884789 | task_loss:0.3142 cont_loss:6.9222 adv_loss:0.4967
2025-10-19 11:29:52 | INFO | EM.print | epoch: 0002 loss_train: 3.6939 task_loss: 0.3286 cont_loss: 6.9304 adv_loss: 0.1622 auroc_train: 0.9173 auprc_train: 0.9125 precision_train: 0.8379 recall_train: 0.8476 f1_train: 0.8427 cm_train: (tn=1790, fp=352, fn=327, tp=1819)
2025-10-19 11:29:52 | INFO | EM.print | -------- Epoch 3 --------
2025-10-19 11:29:52 | INFO | EM.print | [AUG][online][epoch=3][iter=0] start name=random_permute_features noise_std=0.02 mask_rate=0.05 seed=2000
2025-10-19 11:29:52 | INFO | EM.print | [AUG][online][epoch=3][iter=0] done name=random_permute_features shape=(1140, 1140)
2025-10-19 11:29:52 | INFO | EM.print | [ONLINE-AUG] mode=online name=random_permute_features noise_std=0.02 mask_rate=0.05 base_seed=0
2025-10-19 11:29:52 | INFO | EM.print | epoch: 3/ iteration: 1/ loss_train: 3.691528 | task_loss:0.3052 cont_loss:6.9228 adv_loss:0.1801
2025-10-19 11:29:53 | INFO | EM.print | epoch: 0003 loss_train: 3.6216 task_loss: 0.2934 cont_loss: 6.9208 adv_loss: 0.0730 auroc_train: 0.9281 auprc_train: 0.9256 precision_train: 0.8430 recall_train: 0.8512 f1_train: 0.8471 cm_train: (tn=1804, fp=340, fn=319, tp=1825)
2025-10-19 11:29:53 | INFO | EM.print | -------- Epoch 4 --------
2025-10-19 11:29:53 | INFO | EM.print | [AUG][online][epoch=4][iter=0] start name=random_permute_features noise_std=0.02 mask_rate=0.05 seed=3000
2025-10-19 11:29:53 | INFO | EM.print | [AUG][online][epoch=4][iter=0] done name=random_permute_features shape=(1140, 1140)
2025-10-19 11:29:53 | INFO | EM.print | [ONLINE-AUG] mode=online name=random_permute_features noise_std=0.02 mask_rate=0.05 base_seed=0
2025-10-19 11:29:53 | INFO | EM.print | epoch: 4/ iteration: 1/ loss_train: 3.6340582 | task_loss:0.3349 cont_loss:6.9208 adv_loss:0.0662
2025-10-19 11:29:55 | INFO | EM.print | epoch: 0004 loss_train: 3.5749 task_loss: 0.2395 cont_loss: 6.9131 adv_loss: 0.0376 auroc_train: 0.9347 auprc_train: 0.9329 precision_train: 0.8575 recall_train: 0.8583 f1_train: 0.8579 cm_train: (tn=1837, fp=306, fn=304, tp=1841)
2025-10-19 11:29:55 | INFO | EM.print | -------- Epoch 5 --------
2025-10-19 11:29:55 | INFO | EM.print | [AUG][online][epoch=5][iter=0] start name=random_permute_features noise_std=0.02 mask_rate=0.05 seed=4000
2025-10-19 11:29:55 | INFO | EM.print | [AUG][online][epoch=5][iter=0] done name=random_permute_features shape=(1140, 1140)
2025-10-19 11:29:55 | INFO | EM.print | [ONLINE-AUG] mode=online name=random_permute_features noise_std=0.02 mask_rate=0.05 base_seed=0
2025-10-19 11:29:55 | INFO | EM.print | epoch: 5/ iteration: 1/ loss_train: 3.621093 | task_loss:0.3599 cont_loss:6.9084 adv_loss:0.0382
2025-10-19 11:29:56 | INFO | EM.print | epoch: 0005 loss_train: 3.6151 task_loss: 0.3611 cont_loss: 6.9060 adv_loss: 0.0295 auroc_train: 0.9404 auprc_train: 0.9377 precision_train: 0.8655 recall_train: 0.8647 f1_train: 0.8651 cm_train: (tn=1856, fp=288, fn=290, tp=1854)
2025-10-19 11:29:56 | INFO | EM.print | -------- Epoch 6 --------
2025-10-19 11:29:56 | INFO | EM.print | [AUG][online][epoch=6][iter=0] start name=random_permute_features noise_std=0.02 mask_rate=0.05 seed=5000
2025-10-19 11:29:56 | INFO | EM.print | [AUG][online][epoch=6][iter=0] done name=random_permute_features shape=(1140, 1140)
2025-10-19 11:29:56 | INFO | EM.print | [ONLINE-AUG] mode=online name=random_permute_features noise_std=0.02 mask_rate=0.05 base_seed=0
2025-10-19 11:29:56 | INFO | EM.print | epoch: 6/ iteration: 1/ loss_train: 3.6121528 | task_loss:0.3502 cont_loss:6.8995 adv_loss:0.0373
2025-10-19 11:29:58 | INFO | EM.print | epoch: 0006 loss_train: 3.6466 task_loss: 0.4201 cont_loss: 6.9216 adv_loss: 0.0297 auroc_train: 0.9452 auprc_train: 0.9436 precision_train: 0.8679 recall_train: 0.8736 f1_train: 0.8708 cm_train: (tn=1859, fp=285, fn=271, tp=1873)
2025-10-19 11:29:58 | INFO | EM.print | -------- Epoch 7 --------
2025-10-19 11:29:58 | INFO | EM.print | [AUG][online][epoch=7][iter=0] start name=random_permute_features noise_std=0.02 mask_rate=0.05 seed=6000
2025-10-19 11:29:58 | INFO | EM.print | [AUG][online][epoch=7][iter=0] done name=random_permute_features shape=(1140, 1140)
2025-10-19 11:29:58 | INFO | EM.print | [ONLINE-AUG] mode=online name=random_permute_features noise_std=0.02 mask_rate=0.05 base_seed=0
2025-10-19 11:29:58 | INFO | EM.print | epoch: 7/ iteration: 1/ loss_train: 3.5933235 | task_loss:0.3046 cont_loss:6.9137 adv_loss:0.0244
2025-10-19 11:29:59 | INFO | EM.print | epoch: 0007 loss_train: 3.6137 task_loss: 0.3541 cont_loss: 6.9231 adv_loss: 0.0175 auroc_train: 0.9439 auprc_train: 0.9423 precision_train: 0.8685 recall_train: 0.8697 f1_train: 0.8691 cm_train: (tn=1865, fp=282, fn=279, tp=1862)
2025-10-19 11:29:59 | INFO | EM.print | -------- Epoch 8 --------
2025-10-19 11:29:59 | INFO | EM.print | [AUG][online][epoch=8][iter=0] start name=random_permute_features noise_std=0.02 mask_rate=0.05 seed=7000
2025-10-19 11:29:59 | INFO | EM.print | [AUG][online][epoch=8][iter=0] done name=random_permute_features shape=(1140, 1140)
2025-10-19 11:29:59 | INFO | EM.print | [ONLINE-AUG] mode=online name=random_permute_features noise_std=0.02 mask_rate=0.05 base_seed=0
2025-10-19 11:29:59 | INFO | EM.print | epoch: 8/ iteration: 1/ loss_train: 3.5694652 | task_loss:0.2005 cont_loss:6.9397 adv_loss:0.0324
2025-10-19 11:30:01 | INFO | EM.print | epoch: 0008 loss_train: 3.6090 task_loss: 0.3523 cont_loss: 6.9051 adv_loss: 0.0259 auroc_train: 0.9472 auprc_train: 0.9450 precision_train: 0.8704 recall_train: 0.8740 f1_train: 0.8722 cm_train: (tn=1866, fp=279, fn=270, tp=1873)
2025-10-19 11:30:01 | INFO | EM.print | -------- Epoch 9 --------
2025-10-19 11:30:01 | INFO | EM.print | [AUG][online][epoch=9][iter=0] start name=random_permute_features noise_std=0.02 mask_rate=0.05 seed=8000
2025-10-19 11:30:01 | INFO | EM.print | [AUG][online][epoch=9][iter=0] done name=random_permute_features shape=(1140, 1140)
2025-10-19 11:30:01 | INFO | EM.print | [ONLINE-AUG] mode=online name=random_permute_features noise_std=0.02 mask_rate=0.05 base_seed=0
2025-10-19 11:30:01 | INFO | EM.print | epoch: 9/ iteration: 1/ loss_train: 3.6288056 | task_loss:0.3746 cont_loss:6.9361 adv_loss:0.0182
2025-10-19 11:30:02 | INFO | EM.print | epoch: 0009 loss_train: 3.6499 task_loss: 0.4544 cont_loss: 6.9151 adv_loss: 0.0178 auroc_train: 0.9476 auprc_train: 0.9457 precision_train: 0.8709 recall_train: 0.8741 f1_train: 0.8725 cm_train: (tn=1865, fp=278, fn=270, tp=1875)
2025-10-19 11:30:02 | INFO | EM.print | -------- Epoch 10 --------
2025-10-19 11:30:02 | INFO | EM.print | [AUG][online][epoch=10][iter=0] start name=random_permute_features noise_std=0.02 mask_rate=0.05 seed=9000
2025-10-19 11:30:02 | INFO | EM.print | [AUG][online][epoch=10][iter=0] done name=random_permute_features shape=(1140, 1140)
2025-10-19 11:30:02 | INFO | EM.print | [ONLINE-AUG] mode=online name=random_permute_features noise_std=0.02 mask_rate=0.05 base_seed=0
2025-10-19 11:30:02 | INFO | EM.print | epoch: 10/ iteration: 1/ loss_train: 3.5496867 | task_loss:0.1988 cont_loss:6.9241 adv_loss:0.0135
2025-10-19 11:30:04 | INFO | EM.print | epoch: 0010 loss_train: 3.5552 task_loss: 0.2462 cont_loss: 6.8921 adv_loss: 0.0177 auroc_train: 0.9496 auprc_train: 0.9474 precision_train: 0.8690 recall_train: 0.8811 f1_train: 0.8750 cm_train: (tn=1858, fp=285, fn=255, tp=1890)
2025-10-19 11:30:04 | INFO | EM.print | -------- Epoch 11 --------
2025-10-19 11:30:04 | INFO | EM.print | [AUG][online][epoch=11][iter=0] start name=random_permute_features noise_std=0.02 mask_rate=0.05 seed=10000
2025-10-19 11:30:04 | INFO | EM.print | [AUG][online][epoch=11][iter=0] done name=random_permute_features shape=(1140, 1140)
2025-10-19 11:30:04 | INFO | EM.print | [ONLINE-AUG] mode=online name=random_permute_features noise_std=0.02 mask_rate=0.05 base_seed=0
2025-10-19 11:30:04 | INFO | EM.print | epoch: 11/ iteration: 1/ loss_train: 3.570415 | task_loss:0.2631 cont_loss:6.9110 adv_loss:0.0161
2025-10-19 11:30:05 | INFO | EM.print | epoch: 0011 loss_train: 3.5766 task_loss: 0.2594 cont_loss: 6.9278 adv_loss: 0.0149 auroc_train: 0.9529 auprc_train: 0.9503 precision_train: 0.8737 recall_train: 0.8872 f1_train: 0.8804 cm_train: (tn=1868, fp=275, fn=242, tp=1903)
2025-10-19 11:30:05 | INFO | EM.print | -------- Epoch 12 --------
2025-10-19 11:30:05 | INFO | EM.print | [AUG][online][epoch=12][iter=0] start name=random_permute_features noise_std=0.02 mask_rate=0.05 seed=11000
2025-10-19 11:30:05 | INFO | EM.print | [AUG][online][epoch=12][iter=0] done name=random_permute_features shape=(1140, 1140)
2025-10-19 11:30:05 | INFO | EM.print | [ONLINE-AUG] mode=online name=random_permute_features noise_std=0.02 mask_rate=0.05 base_seed=0
2025-10-19 11:30:05 | INFO | EM.print | epoch: 12/ iteration: 1/ loss_train: 3.578553 | task_loss:0.2681 cont_loss:6.9245 adv_loss:0.0151
2025-10-19 11:30:07 | INFO | EM.print | epoch: 0012 loss_train: 3.5646 task_loss: 0.2663 cont_loss: 6.8895 adv_loss: 0.0223 auroc_train: 0.9517 auprc_train: 0.9501 precision_train: 0.8698 recall_train: 0.8811 f1_train: 0.8754 cm_train: (tn=1860, fp=283, fn=255, tp=1890)
2025-10-19 11:30:07 | INFO | EM.print | -------- Epoch 13 --------
2025-10-19 11:30:07 | INFO | EM.print | [AUG][online][epoch=13][iter=0] start name=random_permute_features noise_std=0.02 mask_rate=0.05 seed=12000
2025-10-19 11:30:07 | INFO | EM.print | [AUG][online][epoch=13][iter=0] done name=random_permute_features shape=(1140, 1140)
2025-10-19 11:30:07 | INFO | EM.print | [ONLINE-AUG] mode=online name=random_permute_features noise_std=0.02 mask_rate=0.05 base_seed=0
2025-10-19 11:30:07 | INFO | EM.print | epoch: 13/ iteration: 1/ loss_train: 3.5702698 | task_loss:0.2506 cont_loss:6.9253 adv_loss:0.0123
2025-10-19 11:30:08 | INFO | EM.print | epoch: 0013 loss_train: 3.5895 task_loss: 0.3104 cont_loss: 6.8926 adv_loss: 0.0319 auroc_train: 0.9552 auprc_train: 0.9536 precision_train: 0.8812 recall_train: 0.8829 f1_train: 0.8821 cm_train: (tn=1890, fp=255, fn=251, tp=1892)
2025-10-19 11:30:08 | INFO | EM.print | -------- Epoch 14 --------
2025-10-19 11:30:08 | INFO | EM.print | [AUG][online][epoch=14][iter=0] start name=random_permute_features noise_std=0.02 mask_rate=0.05 seed=13000
2025-10-19 11:30:08 | INFO | EM.print | [AUG][online][epoch=14][iter=0] done name=random_permute_features shape=(1140, 1140)
2025-10-19 11:30:08 | INFO | EM.print | [ONLINE-AUG] mode=online name=random_permute_features noise_std=0.02 mask_rate=0.05 base_seed=0
2025-10-19 11:30:08 | INFO | EM.print | epoch: 14/ iteration: 1/ loss_train: 3.5833797 | task_loss:0.2922 cont_loss:6.9156 adv_loss:0.0145
2025-10-19 11:30:10 | INFO | EM.print | epoch: 0014 loss_train: 3.5805 task_loss: 0.2979 cont_loss: 6.9101 adv_loss: 0.0104 auroc_train: 0.9568 auprc_train: 0.9552 precision_train: 0.8870 recall_train: 0.8937 f1_train: 0.8903 cm_train: (tn=1900, fp=244, fn=228, tp=1916)
2025-10-19 11:30:10 | INFO | EM.print | -------- Epoch 15 --------
2025-10-19 11:30:10 | INFO | EM.print | [AUG][online][epoch=15][iter=0] start name=random_permute_features noise_std=0.02 mask_rate=0.05 seed=14000
2025-10-19 11:30:10 | INFO | EM.print | [AUG][online][epoch=15][iter=0] done name=random_permute_features shape=(1140, 1140)
2025-10-19 11:30:10 | INFO | EM.print | [ONLINE-AUG] mode=online name=random_permute_features noise_std=0.02 mask_rate=0.05 base_seed=0
2025-10-19 11:30:10 | INFO | EM.print | epoch: 15/ iteration: 1/ loss_train: 3.588485 | task_loss:0.3276 cont_loss:6.9020 adv_loss:0.0107
2025-10-19 11:30:11 | INFO | EM.print | epoch: 0015 loss_train: 3.5714 task_loss: 0.2549 cont_loss: 6.9246 adv_loss: 0.0119 auroc_train: 0.9575 auprc_train: 0.9560 precision_train: 0.8786 recall_train: 0.8992 f1_train: 0.8888 cm_train: (tn=1880, fp=266, fn=216, tp=1926)
2025-10-19 11:30:11 | INFO | EM.print | -------- Epoch 16 --------
2025-10-19 11:30:11 | INFO | EM.print | [AUG][online][epoch=16][iter=0] start name=random_permute_features noise_std=0.02 mask_rate=0.05 seed=15000
2025-10-19 11:30:11 | INFO | EM.print | [AUG][online][epoch=16][iter=0] done name=random_permute_features shape=(1140, 1140)
2025-10-19 11:30:11 | INFO | EM.print | [ONLINE-AUG] mode=online name=random_permute_features noise_std=0.02 mask_rate=0.05 base_seed=0
2025-10-19 11:30:11 | INFO | EM.print | epoch: 16/ iteration: 1/ loss_train: 3.5658576 | task_loss:0.2817 cont_loss:6.8994 adv_loss:0.0058
2025-10-19 11:30:13 | INFO | EM.print | epoch: 0016 loss_train: 3.5926 task_loss: 0.2959 cont_loss: 6.9384 adv_loss: 0.0085 auroc_train: 0.9589 auprc_train: 0.9577 precision_train: 0.8819 recall_train: 0.8852 f1_train: 0.8835 cm_train: (tn=1892, fp=254, fn=246, tp=1896)
2025-10-19 11:30:13 | INFO | EM.print | -------- Epoch 17 --------
2025-10-19 11:30:13 | INFO | EM.print | [AUG][online][epoch=17][iter=0] start name=random_permute_features noise_std=0.02 mask_rate=0.05 seed=16000
2025-10-19 11:30:13 | INFO | EM.print | [AUG][online][epoch=17][iter=0] done name=random_permute_features shape=(1140, 1140)
2025-10-19 11:30:13 | INFO | EM.print | [ONLINE-AUG] mode=online name=random_permute_features noise_std=0.02 mask_rate=0.05 base_seed=0
2025-10-19 11:30:13 | INFO | EM.print | epoch: 17/ iteration: 1/ loss_train: 3.542102 | task_loss:0.2349 cont_loss:6.8845 adv_loss:0.0098
2025-10-19 11:30:14 | INFO | EM.print | epoch: 0017 loss_train: 3.5717 task_loss: 0.2563 cont_loss: 6.9271 adv_loss: 0.0094 auroc_train: 0.9591 auprc_train: 0.9580 precision_train: 0.8830 recall_train: 0.8900 f1_train: 0.8865 cm_train: (tn=1890, fp=253, fn=236, tp=1909)
2025-10-19 11:30:14 | INFO | EM.print | -------- Epoch 18 --------
2025-10-19 11:30:14 | INFO | EM.print | [AUG][online][epoch=18][iter=0] start name=random_permute_features noise_std=0.02 mask_rate=0.05 seed=17000
2025-10-19 11:30:14 | INFO | EM.print | [AUG][online][epoch=18][iter=0] done name=random_permute_features shape=(1140, 1140)
2025-10-19 11:30:14 | INFO | EM.print | [ONLINE-AUG] mode=online name=random_permute_features noise_std=0.02 mask_rate=0.05 base_seed=0
2025-10-19 11:30:15 | INFO | EM.print | epoch: 18/ iteration: 1/ loss_train: 3.6064124 | task_loss:0.3746 cont_loss:6.9036 adv_loss:0.0080
2025-10-19 11:30:16 | INFO | EM.print | epoch: 0018 loss_train: 3.5988 task_loss: 0.3620 cont_loss: 6.8954 adv_loss: 0.0105 auroc_train: 0.9584 auprc_train: 0.9571 precision_train: 0.8812 recall_train: 0.8890 f1_train: 0.8851 cm_train: (tn=1886, fp=257, fn=238, tp=1907)
2025-10-19 11:30:16 | INFO | EM.print | -------- Epoch 19 --------
2025-10-19 11:30:16 | INFO | EM.print | [AUG][online][epoch=19][iter=0] start name=random_permute_features noise_std=0.02 mask_rate=0.05 seed=18000
2025-10-19 11:30:16 | INFO | EM.print | [AUG][online][epoch=19][iter=0] done name=random_permute_features shape=(1140, 1140)
2025-10-19 11:30:16 | INFO | EM.print | [ONLINE-AUG] mode=online name=random_permute_features noise_std=0.02 mask_rate=0.05 base_seed=0
2025-10-19 11:30:16 | INFO | EM.print | epoch: 19/ iteration: 1/ loss_train: 3.5493336 | task_loss:0.1993 cont_loss:6.9305 adv_loss:0.0073
2025-10-19 11:30:17 | INFO | EM.print | epoch: 0019 loss_train: 3.5332 task_loss: 0.1841 cont_loss: 6.9087 adv_loss: 0.0086 auroc_train: 0.9608 auprc_train: 0.9607 precision_train: 0.8784 recall_train: 0.8947 f1_train: 0.8865 cm_train: (tn=1875, fp=266, fn=226, tp=1921)
2025-10-19 11:30:17 | INFO | EM.print | -------- Epoch 20 --------
2025-10-19 11:30:17 | INFO | EM.print | [AUG][online][epoch=20][iter=0] start name=random_permute_features noise_std=0.02 mask_rate=0.05 seed=19000
2025-10-19 11:30:17 | INFO | EM.print | [AUG][online][epoch=20][iter=0] done name=random_permute_features shape=(1140, 1140)
2025-10-19 11:30:17 | INFO | EM.print | [ONLINE-AUG] mode=online name=random_permute_features noise_std=0.02 mask_rate=0.05 base_seed=0
2025-10-19 11:30:17 | INFO | EM.print | epoch: 20/ iteration: 1/ loss_train: 3.5393035 | task_loss:0.2124 cont_loss:6.9010 adv_loss:0.0064
2025-10-19 11:30:19 | INFO | EM.print | epoch: 0020 loss_train: 3.5526 task_loss: 0.2558 cont_loss: 6.8949 adv_loss: 0.0048 auroc_train: 0.9603 auprc_train: 0.9588 precision_train: 0.8785 recall_train: 0.8970 f1_train: 0.8877 cm_train: (tn=1877, fp=266, fn=221, tp=1924)
2025-10-19 11:30:19 | INFO | EM.print | -------- Epoch 21 --------
2025-10-19 11:30:19 | INFO | EM.print | [AUG][online][epoch=21][iter=0] start name=random_permute_features noise_std=0.02 mask_rate=0.05 seed=20000
2025-10-19 11:30:19 | INFO | EM.print | [AUG][online][epoch=21][iter=0] done name=random_permute_features shape=(1140, 1140)
2025-10-19 11:30:19 | INFO | EM.print | [ONLINE-AUG] mode=online name=random_permute_features noise_std=0.02 mask_rate=0.05 base_seed=0
2025-10-19 11:30:19 | INFO | EM.print | epoch: 21/ iteration: 1/ loss_train: 3.5569916 | task_loss:0.2238 cont_loss:6.9282 adv_loss:0.0056
2025-10-19 11:30:20 | INFO | EM.print | epoch: 0021 loss_train: 3.5529 task_loss: 0.2509 cont_loss: 6.8964 adv_loss: 0.0073 auroc_train: 0.9632 auprc_train: 0.9619 precision_train: 0.8818 recall_train: 0.8913 f1_train: 0.8865 cm_train: (tn=1889, fp=256, fn=233, tp=1910)
2025-10-19 11:30:20 | INFO | EM.print | -------- Epoch 22 --------
2025-10-19 11:30:20 | INFO | EM.print | [AUG][online][epoch=22][iter=0] start name=random_permute_features noise_std=0.02 mask_rate=0.05 seed=21000
2025-10-19 11:30:20 | INFO | EM.print | [AUG][online][epoch=22][iter=0] done name=random_permute_features shape=(1140, 1140)
2025-10-19 11:30:20 | INFO | EM.print | [ONLINE-AUG] mode=online name=random_permute_features noise_std=0.02 mask_rate=0.05 base_seed=0
2025-10-19 11:30:20 | INFO | EM.print | epoch: 22/ iteration: 1/ loss_train: 3.5341027 | task_loss:0.1681 cont_loss:6.9238 adv_loss:0.0083
2025-10-19 11:30:22 | INFO | EM.print | epoch: 0022 loss_train: 3.5776 task_loss: 0.2989 cont_loss: 6.9110 adv_loss: 0.0043 auroc_train: 0.9612 auprc_train: 0.9593 precision_train: 0.8836 recall_train: 0.8997 f1_train: 0.8916 cm_train: (tn=1890, fp=254, fn=215, tp=1929)
2025-10-19 11:30:22 | INFO | EM.print | -------- Epoch 23 --------
2025-10-19 11:30:22 | INFO | EM.print | [AUG][online][epoch=23][iter=0] start name=random_permute_features noise_std=0.02 mask_rate=0.05 seed=22000
2025-10-19 11:30:22 | INFO | EM.print | [AUG][online][epoch=23][iter=0] done name=random_permute_features shape=(1140, 1140)
2025-10-19 11:30:22 | INFO | EM.print | [ONLINE-AUG] mode=online name=random_permute_features noise_std=0.02 mask_rate=0.05 base_seed=0
2025-10-19 11:30:22 | INFO | EM.print | epoch: 23/ iteration: 1/ loss_train: 3.5420363 | task_loss:0.2550 cont_loss:6.8718 adv_loss:0.0069
2025-10-19 11:30:23 | INFO | EM.print | epoch: 0023 loss_train: 3.5542 task_loss: 0.2289 cont_loss: 6.9170 adv_loss: 0.0070 auroc_train: 0.9622 auprc_train: 0.9619 precision_train: 0.8806 recall_train: 0.8966 f1_train: 0.8885 cm_train: (tn=1880, fp=261, fn=222, tp=1925)
2025-10-19 11:30:23 | INFO | EM.print | -------- Epoch 24 --------
2025-10-19 11:30:23 | INFO | EM.print | [AUG][online][epoch=24][iter=0] start name=random_permute_features noise_std=0.02 mask_rate=0.05 seed=23000
2025-10-19 11:30:23 | INFO | EM.print | [AUG][online][epoch=24][iter=0] done name=random_permute_features shape=(1140, 1140)
2025-10-19 11:30:23 | INFO | EM.print | [ONLINE-AUG] mode=online name=random_permute_features noise_std=0.02 mask_rate=0.05 base_seed=0
2025-10-19 11:30:24 | INFO | EM.print | epoch: 24/ iteration: 1/ loss_train: 3.5523853 | task_loss:0.2025 cont_loss:6.9342 adv_loss:0.0071
2025-10-19 11:30:25 | INFO | EM.print | epoch: 0024 loss_train: 3.5239 task_loss: 0.1690 cont_loss: 6.9069 adv_loss: 0.0048 auroc_train: 0.9629 auprc_train: 0.9616 precision_train: 0.8820 recall_train: 0.9029 f1_train: 0.8923 cm_train: (tn=1886, fp=259, fn=208, tp=1935)
2025-10-19 11:30:25 | INFO | EM.print | -------- Epoch 25 --------
2025-10-19 11:30:25 | INFO | EM.print | [AUG][online][epoch=25][iter=0] start name=random_permute_features noise_std=0.02 mask_rate=0.05 seed=24000
2025-10-19 11:30:25 | INFO | EM.print | [AUG][online][epoch=25][iter=0] done name=random_permute_features shape=(1140, 1140)
2025-10-19 11:30:25 | INFO | EM.print | [ONLINE-AUG] mode=online name=random_permute_features noise_std=0.02 mask_rate=0.05 base_seed=0
2025-10-19 11:30:25 | INFO | EM.print | epoch: 25/ iteration: 1/ loss_train: 3.5498228 | task_loss:0.2399 cont_loss:6.9010 adv_loss:0.0056
2025-10-19 11:30:26 | INFO | EM.print | epoch: 0025 loss_train: 3.5252 task_loss: 0.1661 cont_loss: 6.9136 adv_loss: 0.0034 auroc_train: 0.9631 auprc_train: 0.9617 precision_train: 0.8872 recall_train: 0.9021 f1_train: 0.8945 cm_train: (tn=1898, fp=246, fn=210, tp=1934)
2025-10-19 11:30:26 | INFO | EM.print | -------- Epoch 26 --------
2025-10-19 11:30:26 | INFO | EM.print | [AUG][online][epoch=26][iter=0] start name=random_permute_features noise_std=0.02 mask_rate=0.05 seed=25000
2025-10-19 11:30:26 | INFO | EM.print | [AUG][online][epoch=26][iter=0] done name=random_permute_features shape=(1140, 1140)
2025-10-19 11:30:26 | INFO | EM.print | [ONLINE-AUG] mode=online name=random_permute_features noise_std=0.02 mask_rate=0.05 base_seed=0
2025-10-19 11:30:26 | INFO | EM.print | epoch: 26/ iteration: 1/ loss_train: 3.5416555 | task_loss:0.2046 cont_loss:6.9154 adv_loss:0.0035
2025-10-19 11:30:28 | INFO | EM.print | epoch: 0026 loss_train: 3.5662 task_loss: 0.2573 cont_loss: 6.9203 adv_loss: 0.0052 auroc_train: 0.9626 auprc_train: 0.9612 precision_train: 0.8881 recall_train: 0.8997 f1_train: 0.8939 cm_train: (tn=1901, fp=243, fn=215, tp=1929)
2025-10-19 11:30:28 | INFO | EM.print | -------- Epoch 27 --------
2025-10-19 11:30:28 | INFO | EM.print | [AUG][online][epoch=27][iter=0] start name=random_permute_features noise_std=0.02 mask_rate=0.05 seed=26000
2025-10-19 11:30:28 | INFO | EM.print | [AUG][online][epoch=27][iter=0] done name=random_permute_features shape=(1140, 1140)
2025-10-19 11:30:28 | INFO | EM.print | [ONLINE-AUG] mode=online name=random_permute_features noise_std=0.02 mask_rate=0.05 base_seed=0
2025-10-19 11:30:28 | INFO | EM.print | epoch: 27/ iteration: 1/ loss_train: 3.5471945 | task_loss:0.1883 cont_loss:6.9379 adv_loss:0.0049
2025-10-19 11:30:29 | INFO | EM.print | epoch: 0027 loss_train: 3.5373 task_loss: 0.1937 cont_loss: 6.9143 adv_loss: 0.0043 auroc_train: 0.9656 auprc_train: 0.9637 precision_train: 0.8883 recall_train: 0.9057 f1_train: 0.8970 cm_train: (tn=1901, fp=244, fn=202, tp=1941)
2025-10-19 11:30:29 | INFO | EM.print | -------- Epoch 28 --------
2025-10-19 11:30:29 | INFO | EM.print | [AUG][online][epoch=28][iter=0] start name=random_permute_features noise_std=0.02 mask_rate=0.05 seed=27000
2025-10-19 11:30:29 | INFO | EM.print | [AUG][online][epoch=28][iter=0] done name=random_permute_features shape=(1140, 1140)
2025-10-19 11:30:29 | INFO | EM.print | [ONLINE-AUG] mode=online name=random_permute_features noise_std=0.02 mask_rate=0.05 base_seed=0
2025-10-19 11:30:29 | INFO | EM.print | epoch: 28/ iteration: 1/ loss_train: 3.54839 | task_loss:0.2068 cont_loss:6.9264 adv_loss:0.0042
2025-10-19 11:30:31 | INFO | EM.print | epoch: 0028 loss_train: 3.5840 task_loss: 0.2884 cont_loss: 6.9271 adv_loss: 0.0084 auroc_train: 0.9660 auprc_train: 0.9638 precision_train: 0.8868 recall_train: 0.9095 f1_train: 0.8980 cm_train: (tn=1895, fp=249, fn=194, tp=1950)
2025-10-19 11:30:31 | INFO | EM.print | -------- Epoch 29 --------
2025-10-19 11:30:31 | INFO | EM.print | [AUG][online][epoch=29][iter=0] start name=random_permute_features noise_std=0.02 mask_rate=0.05 seed=28000
2025-10-19 11:30:31 | INFO | EM.print | [AUG][online][epoch=29][iter=0] done name=random_permute_features shape=(1140, 1140)
2025-10-19 11:30:31 | INFO | EM.print | [ONLINE-AUG] mode=online name=random_permute_features noise_std=0.02 mask_rate=0.05 base_seed=0
2025-10-19 11:30:31 | INFO | EM.print | epoch: 29/ iteration: 1/ loss_train: 3.5699604 | task_loss:0.2720 cont_loss:6.9162 adv_loss:0.0050
2025-10-19 11:30:32 | INFO | EM.print | epoch: 0029 loss_train: 3.5568 task_loss: 0.2284 cont_loss: 6.9274 adv_loss: 0.0030 auroc_train: 0.9654 auprc_train: 0.9643 precision_train: 0.8901 recall_train: 0.9001 f1_train: 0.8951 cm_train: (tn=1908, fp=238, fn=214, tp=1928)
2025-10-19 11:30:33 | INFO | EM.print | -------- Epoch 30 --------
2025-10-19 11:30:33 | INFO | EM.print | [AUG][online][epoch=30][iter=0] start name=random_permute_features noise_std=0.02 mask_rate=0.05 seed=29000
2025-10-19 11:30:33 | INFO | EM.print | [AUG][online][epoch=30][iter=0] done name=random_permute_features shape=(1140, 1140)
2025-10-19 11:30:33 | INFO | EM.print | [ONLINE-AUG] mode=online name=random_permute_features noise_std=0.02 mask_rate=0.05 base_seed=0
2025-10-19 11:30:33 | INFO | EM.print | epoch: 30/ iteration: 1/ loss_train: 3.5656416 | task_loss:0.2812 cont_loss:6.8998 adv_loss:0.0054
2025-10-19 11:30:34 | INFO | EM.print | epoch: 0030 loss_train: 3.6000 task_loss: 0.3470 cont_loss: 6.9159 adv_loss: 0.0054 auroc_train: 0.9674 auprc_train: 0.9662 precision_train: 0.8935 recall_train: 0.9118 f1_train: 0.9026 cm_train: (tn=1911, fp=233, fn=189, tp=1955)
2025-10-19 11:30:34 | INFO | EM.print | -------- Epoch 31 --------
2025-10-19 11:30:34 | INFO | EM.print | [AUG][online][epoch=31][iter=0] start name=random_permute_features noise_std=0.02 mask_rate=0.05 seed=30000
2025-10-19 11:30:34 | INFO | EM.print | [AUG][online][epoch=31][iter=0] done name=random_permute_features shape=(1140, 1140)
2025-10-19 11:30:34 | INFO | EM.print | [ONLINE-AUG] mode=online name=random_permute_features noise_std=0.02 mask_rate=0.05 base_seed=0
2025-10-19 11:30:34 | INFO | EM.print | epoch: 31/ iteration: 1/ loss_train: 3.5367367 | task_loss:0.2062 cont_loss:6.9048 adv_loss:0.0032
2025-10-19 11:30:36 | INFO | EM.print | epoch: 0031 loss_train: 3.5491 task_loss: 0.2158 cont_loss: 6.9164 adv_loss: 0.0077 auroc_train: 0.9671 auprc_train: 0.9649 precision_train: 0.8885 recall_train: 0.9104 f1_train: 0.8993 cm_train: (tn=1899, fp=245, fn=192, tp=1952)
2025-10-19 11:30:36 | INFO | EM.print | -------- Epoch 32 --------
2025-10-19 11:30:36 | INFO | EM.print | [AUG][online][epoch=32][iter=0] start name=random_permute_features noise_std=0.02 mask_rate=0.05 seed=31000
2025-10-19 11:30:36 | INFO | EM.print | [AUG][online][epoch=32][iter=0] done name=random_permute_features shape=(1140, 1140)
2025-10-19 11:30:36 | INFO | EM.print | [ONLINE-AUG] mode=online name=random_permute_features noise_std=0.02 mask_rate=0.05 base_seed=0
2025-10-19 11:30:36 | INFO | EM.print | epoch: 32/ iteration: 1/ loss_train: 3.5832362 | task_loss:0.2929 cont_loss:6.9287 adv_loss:0.0029
2025-10-19 11:30:37 | INFO | EM.print | epoch: 0032 loss_train: 3.5338 task_loss: 0.1789 cont_loss: 6.9210 adv_loss: 0.0029 auroc_train: 0.9688 auprc_train: 0.9669 precision_train: 0.8861 recall_train: 0.9146 f1_train: 0.9001 cm_train: (tn=1893, fp=252, fn=183, tp=1960)
2025-10-19 11:30:37 | INFO | EM.print | -------- Epoch 33 --------
2025-10-19 11:30:37 | INFO | EM.print | [AUG][online][epoch=33][iter=0] start name=random_permute_features noise_std=0.02 mask_rate=0.05 seed=32000
2025-10-19 11:30:37 | INFO | EM.print | [AUG][online][epoch=33][iter=0] done name=random_permute_features shape=(1140, 1140)
2025-10-19 11:30:37 | INFO | EM.print | [ONLINE-AUG] mode=online name=random_permute_features noise_std=0.02 mask_rate=0.05 base_seed=0
2025-10-19 11:30:37 | INFO | EM.print | epoch: 33/ iteration: 1/ loss_train: 3.5461147 | task_loss:0.2401 cont_loss:6.8936 adv_loss:0.0055
2025-10-19 11:30:39 | INFO | EM.print | epoch: 0033 loss_train: 3.5397 task_loss: 0.2230 cont_loss: 6.8974 adv_loss: 0.0029 auroc_train: 0.9688 auprc_train: 0.9671 precision_train: 0.8950 recall_train: 0.9104 f1_train: 0.9026 cm_train: (tn=1916, fp=229, fn=192, tp=1951)
2025-10-19 11:30:39 | INFO | EM.print | -------- Epoch 34 --------
2025-10-19 11:30:39 | INFO | EM.print | [AUG][online][epoch=34][iter=0] start name=random_permute_features noise_std=0.02 mask_rate=0.05 seed=33000
2025-10-19 11:30:39 | INFO | EM.print | [AUG][online][epoch=34][iter=0] done name=random_permute_features shape=(1140, 1140)
2025-10-19 11:30:39 | INFO | EM.print | [ONLINE-AUG] mode=online name=random_permute_features noise_std=0.02 mask_rate=0.05 base_seed=0
2025-10-19 11:30:39 | INFO | EM.print | epoch: 34/ iteration: 1/ loss_train: 3.5196557 | task_loss:0.1855 cont_loss:6.8861 adv_loss:0.0040
2025-10-19 11:30:40 | INFO | EM.print | epoch: 0034 loss_train: 3.5488 task_loss: 0.2250 cont_loss: 6.9134 adv_loss: 0.0035 auroc_train: 0.9720 auprc_train: 0.9707 precision_train: 0.9022 recall_train: 0.9114 f1_train: 0.9068 cm_train: (tn=1931, fp=212, fn=190, tp=1955)
2025-10-19 11:30:40 | INFO | EM.print | -------- Epoch 35 --------
2025-10-19 11:30:40 | INFO | EM.print | [AUG][online][epoch=35][iter=0] start name=random_permute_features noise_std=0.02 mask_rate=0.05 seed=34000
2025-10-19 11:30:40 | INFO | EM.print | [AUG][online][epoch=35][iter=0] done name=random_permute_features shape=(1140, 1140)
2025-10-19 11:30:40 | INFO | EM.print | [ONLINE-AUG] mode=online name=random_permute_features noise_std=0.02 mask_rate=0.05 base_seed=0
2025-10-19 11:30:40 | INFO | EM.print | epoch: 35/ iteration: 1/ loss_train: 3.5118158 | task_loss:0.1238 cont_loss:6.9189 adv_loss:0.0047
2025-10-19 11:30:42 | INFO | EM.print | epoch: 0035 loss_train: 3.5343 task_loss: 0.1697 cont_loss: 6.9290 adv_loss: 0.0032 auroc_train: 0.9714 auprc_train: 0.9699 precision_train: 0.9029 recall_train: 0.9240 f1_train: 0.9133 cm_train: (tn=1931, fp=213, fn=163, tp=1981)
2025-10-19 11:30:42 | INFO | EM.print | -------- Epoch 36 --------
2025-10-19 11:30:42 | INFO | EM.print | [AUG][online][epoch=36][iter=0] start name=random_permute_features noise_std=0.02 mask_rate=0.05 seed=35000
2025-10-19 11:30:42 | INFO | EM.print | [AUG][online][epoch=36][iter=0] done name=random_permute_features shape=(1140, 1140)
2025-10-19 11:30:42 | INFO | EM.print | [ONLINE-AUG] mode=online name=random_permute_features noise_std=0.02 mask_rate=0.05 base_seed=0
2025-10-19 11:30:42 | INFO | EM.print | epoch: 36/ iteration: 1/ loss_train: 3.516502 | task_loss:0.1227 cont_loss:6.9302 adv_loss:0.0039
2025-10-19 11:30:43 | INFO | EM.print | epoch: 0036 loss_train: 3.5202 task_loss: 0.2032 cont_loss: 6.8730 adv_loss: 0.0041 auroc_train: 0.9710 auprc_train: 0.9688 precision_train: 0.8943 recall_train: 0.9226 f1_train: 0.9083 cm_train: (tn=1908, fp=234, fn=166, tp=1980)
2025-10-19 11:30:43 | INFO | EM.print | -------- Epoch 37 --------
2025-10-19 11:30:43 | INFO | EM.print | [AUG][online][epoch=37][iter=0] start name=random_permute_features noise_std=0.02 mask_rate=0.05 seed=36000
2025-10-19 11:30:43 | INFO | EM.print | [AUG][online][epoch=37][iter=0] done name=random_permute_features shape=(1140, 1140)
2025-10-19 11:30:43 | INFO | EM.print | [ONLINE-AUG] mode=online name=random_permute_features noise_std=0.02 mask_rate=0.05 base_seed=0
2025-10-19 11:30:43 | INFO | EM.print | epoch: 37/ iteration: 1/ loss_train: 3.5915933 | task_loss:0.3001 cont_loss:6.9372 adv_loss:0.0049
2025-10-19 11:30:45 | INFO | EM.print | epoch: 0037 loss_train: 3.5229 task_loss: 0.1924 cont_loss: 6.8841 adv_loss: 0.0065 auroc_train: 0.9730 auprc_train: 0.9716 precision_train: 0.9029 recall_train: 0.9286 f1_train: 0.9156 cm_train: (tn=1930, fp=214, fn=153, tp=1991)
2025-10-19 11:30:45 | INFO | EM.print | -------- Epoch 38 --------
2025-10-19 11:30:45 | INFO | EM.print | [AUG][online][epoch=38][iter=0] start name=random_permute_features noise_std=0.02 mask_rate=0.05 seed=37000
2025-10-19 11:30:45 | INFO | EM.print | [AUG][online][epoch=38][iter=0] done name=random_permute_features shape=(1140, 1140)
2025-10-19 11:30:45 | INFO | EM.print | [ONLINE-AUG] mode=online name=random_permute_features noise_std=0.02 mask_rate=0.05 base_seed=0
2025-10-19 11:30:45 | INFO | EM.print | epoch: 38/ iteration: 1/ loss_train: 3.5309637 | task_loss:0.2143 cont_loss:6.8849 adv_loss:0.0046
2025-10-19 11:30:46 | INFO | EM.print | epoch: 0038 loss_train: 3.5764 task_loss: 0.2996 cont_loss: 6.9078 adv_loss: 0.0044 auroc_train: 0.9718 auprc_train: 0.9700 precision_train: 0.9005 recall_train: 0.9202 f1_train: 0.9103 cm_train: (tn=1926, fp=218, fn=171, tp=1973)
2025-10-19 11:30:46 | INFO | EM.print | -------- Epoch 39 --------
2025-10-19 11:30:46 | INFO | EM.print | [AUG][online][epoch=39][iter=0] start name=random_permute_features noise_std=0.02 mask_rate=0.05 seed=38000
2025-10-19 11:30:46 | INFO | EM.print | [AUG][online][epoch=39][iter=0] done name=random_permute_features shape=(1140, 1140)
2025-10-19 11:30:46 | INFO | EM.print | [ONLINE-AUG] mode=online name=random_permute_features noise_std=0.02 mask_rate=0.05 base_seed=0
2025-10-19 11:30:46 | INFO | EM.print | epoch: 39/ iteration: 1/ loss_train: 3.5677326 | task_loss:0.3110 cont_loss:6.8832 adv_loss:0.0029
2025-10-19 11:30:48 | INFO | EM.print | epoch: 0039 loss_train: 3.5058 task_loss: 0.1751 cont_loss: 6.8611 adv_loss: 0.0086 auroc_train: 0.9732 auprc_train: 0.9703 precision_train: 0.9043 recall_train: 0.9296 f1_train: 0.9168 cm_train: (tn=1932, fp=211, fn=151, tp=1994)
2025-10-19 11:30:48 | INFO | EM.print | -------- Epoch 40 --------
2025-10-19 11:30:48 | INFO | EM.print | [AUG][online][epoch=40][iter=0] start name=random_permute_features noise_std=0.02 mask_rate=0.05 seed=39000
2025-10-19 11:30:48 | INFO | EM.print | [AUG][online][epoch=40][iter=0] done name=random_permute_features shape=(1140, 1140)
2025-10-19 11:30:48 | INFO | EM.print | [ONLINE-AUG] mode=online name=random_permute_features noise_std=0.02 mask_rate=0.05 base_seed=0
2025-10-19 11:30:48 | INFO | EM.print | epoch: 40/ iteration: 1/ loss_train: 3.558438 | task_loss:0.2816 cont_loss:6.8882 adv_loss:0.0029
2025-10-19 11:30:49 | INFO | EM.print | epoch: 0040 loss_train: 3.5345 task_loss: 0.1974 cont_loss: 6.9073 adv_loss: 0.0031 auroc_train: 0.9737 auprc_train: 0.9721 precision_train: 0.9062 recall_train: 0.9277 f1_train: 0.9168 cm_train: (tn=1938, fp=206, fn=155, tp=1989)
2025-10-19 11:30:49 | INFO | EM.print | -------- Epoch 41 --------
2025-10-19 11:30:49 | INFO | EM.print | [AUG][online][epoch=41][iter=0] start name=random_permute_features noise_std=0.02 mask_rate=0.05 seed=40000
2025-10-19 11:30:49 | INFO | EM.print | [AUG][online][epoch=41][iter=0] done name=random_permute_features shape=(1140, 1140)
2025-10-19 11:30:49 | INFO | EM.print | [ONLINE-AUG] mode=online name=random_permute_features noise_std=0.02 mask_rate=0.05 base_seed=0
2025-10-19 11:30:49 | INFO | EM.print | epoch: 41/ iteration: 1/ loss_train: 3.5169551 | task_loss:0.1763 cont_loss:6.8886 adv_loss:0.0036
2025-10-19 11:30:50 | INFO | EM.print | epoch: 0041 loss_train: 3.5250 task_loss: 0.1729 cont_loss: 6.9074 adv_loss: 0.0036 auroc_train: 0.9746 auprc_train: 0.9724 precision_train: 0.9090 recall_train: 0.9268 f1_train: 0.9178 cm_train: (tn=1944, fp=199, fn=157, tp=1988)
2025-10-19 11:30:50 | INFO | EM.print | -------- Epoch 42 --------
2025-10-19 11:30:50 | INFO | EM.print | [AUG][online][epoch=42][iter=0] start name=random_permute_features noise_std=0.02 mask_rate=0.05 seed=41000
2025-10-19 11:30:50 | INFO | EM.print | [AUG][online][epoch=42][iter=0] done name=random_permute_features shape=(1140, 1140)
2025-10-19 11:30:50 | INFO | EM.print | [ONLINE-AUG] mode=online name=random_permute_features noise_std=0.02 mask_rate=0.05 base_seed=0
2025-10-19 11:30:50 | INFO | EM.print | epoch: 42/ iteration: 1/ loss_train: 3.5683439 | task_loss:0.3011 cont_loss:6.8909 adv_loss:0.0041
2025-10-19 11:30:52 | INFO | EM.print | epoch: 0042 loss_train: 3.5012 task_loss: 0.1536 cont_loss: 6.8760 adv_loss: 0.0029 auroc_train: 0.9748 auprc_train: 0.9734 precision_train: 0.9098 recall_train: 0.9263 f1_train: 0.9180 cm_train: (tn=1946, fp=197, fn=158, tp=1987)
2025-10-19 11:30:52 | INFO | EM.print | -------- Epoch 43 --------
2025-10-19 11:30:52 | INFO | EM.print | [AUG][online][epoch=43][iter=0] start name=random_permute_features noise_std=0.02 mask_rate=0.05 seed=42000
2025-10-19 11:30:52 | INFO | EM.print | [AUG][online][epoch=43][iter=0] done name=random_permute_features shape=(1140, 1140)
2025-10-19 11:30:52 | INFO | EM.print | [ONLINE-AUG] mode=online name=random_permute_features noise_std=0.02 mask_rate=0.05 base_seed=0
2025-10-19 11:30:52 | INFO | EM.print | epoch: 43/ iteration: 1/ loss_train: 3.5211673 | task_loss:0.1638 cont_loss:6.9075 adv_loss:0.0031
2025-10-19 11:30:53 | INFO | EM.print | epoch: 0043 loss_train: 3.5284 task_loss: 0.2188 cont_loss: 6.8759 adv_loss: 0.0049 auroc_train: 0.9747 auprc_train: 0.9727 precision_train: 0.9102 recall_train: 0.9314 f1_train: 0.9207 cm_train: (tn=1947, fp=197, fn=147, tp=1997)
2025-10-19 11:30:53 | INFO | EM.print | -------- Epoch 44 --------
2025-10-19 11:30:53 | INFO | EM.print | [AUG][online][epoch=44][iter=0] start name=random_permute_features noise_std=0.02 mask_rate=0.05 seed=43000
2025-10-19 11:30:53 | INFO | EM.print | [AUG][online][epoch=44][iter=0] done name=random_permute_features shape=(1140, 1140)
2025-10-19 11:30:53 | INFO | EM.print | [ONLINE-AUG] mode=online name=random_permute_features noise_std=0.02 mask_rate=0.05 base_seed=0
2025-10-19 11:30:54 | INFO | EM.print | epoch: 44/ iteration: 1/ loss_train: 3.525111 | task_loss:0.1906 cont_loss:6.8946 adv_loss:0.0026
2025-10-19 11:30:55 | INFO | EM.print | epoch: 0044 loss_train: 3.5011 task_loss: 0.1710 cont_loss: 6.8611 adv_loss: 0.0036 auroc_train: 0.9750 auprc_train: 0.9732 precision_train: 0.9054 recall_train: 0.9333 f1_train: 0.9192 cm_train: (tn=1935, fp=209, fn=143, tp=2001)
2025-10-19 11:30:55 | INFO | EM.print | -------- Epoch 45 --------
2025-10-19 11:30:55 | INFO | EM.print | [AUG][online][epoch=45][iter=0] start name=random_permute_features noise_std=0.02 mask_rate=0.05 seed=44000
2025-10-19 11:30:55 | INFO | EM.print | [AUG][online][epoch=45][iter=0] done name=random_permute_features shape=(1140, 1140)
2025-10-19 11:30:55 | INFO | EM.print | [ONLINE-AUG] mode=online name=random_permute_features noise_std=0.02 mask_rate=0.05 base_seed=0
2025-10-19 11:30:55 | INFO | EM.print | epoch: 45/ iteration: 1/ loss_train: 3.526748 | task_loss:0.1493 cont_loss:6.9308 adv_loss:0.0027
2025-10-19 11:30:57 | INFO | EM.print | epoch: 0045 loss_train: 3.5040 task_loss: 0.1898 cont_loss: 6.8523 adv_loss: 0.0032 auroc_train: 0.9759 auprc_train: 0.9734 precision_train: 0.9098 recall_train: 0.9361 f1_train: 0.9227 cm_train: (tn=1946, fp=199, fn=137, tp=2006)
2025-10-19 11:30:57 | INFO | EM.print | -------- Epoch 46 --------
2025-10-19 11:30:57 | INFO | EM.print | [AUG][online][epoch=46][iter=0] start name=random_permute_features noise_std=0.02 mask_rate=0.05 seed=45000
2025-10-19 11:30:57 | INFO | EM.print | [AUG][online][epoch=46][iter=0] done name=random_permute_features shape=(1140, 1140)
2025-10-19 11:30:57 | INFO | EM.print | [ONLINE-AUG] mode=online name=random_permute_features noise_std=0.02 mask_rate=0.05 base_seed=0
2025-10-19 11:30:57 | INFO | EM.print | epoch: 46/ iteration: 1/ loss_train: 3.536688 | task_loss:0.1999 cont_loss:6.9086 adv_loss:0.0040
2025-10-19 11:30:58 | INFO | EM.print | epoch: 0046 loss_train: 3.5083 task_loss: 0.1410 cont_loss: 6.8998 adv_loss: 0.0034 auroc_train: 0.9756 auprc_train: 0.9738 precision_train: 0.9133 recall_train: 0.9282 f1_train: 0.9207 cm_train: (tn=1954, fp=189, fn=154, tp=1991)
2025-10-19 11:30:58 | INFO | EM.print | -------- Epoch 47 --------
2025-10-19 11:30:58 | INFO | EM.print | [AUG][online][epoch=47][iter=0] start name=random_permute_features noise_std=0.02 mask_rate=0.05 seed=46000
2025-10-19 11:30:58 | INFO | EM.print | [AUG][online][epoch=47][iter=0] done name=random_permute_features shape=(1140, 1140)
2025-10-19 11:30:58 | INFO | EM.print | [ONLINE-AUG] mode=online name=random_permute_features noise_std=0.02 mask_rate=0.05 base_seed=0
2025-10-19 11:30:58 | INFO | EM.print | epoch: 47/ iteration: 1/ loss_train: 3.5509856 | task_loss:0.2577 cont_loss:6.8923 adv_loss:0.0029
2025-10-19 11:31:00 | INFO | EM.print | epoch: 0047 loss_train: 3.5090 task_loss: 0.1164 cont_loss: 6.9179 adv_loss: 0.0058 auroc_train: 0.9773 auprc_train: 0.9751 precision_train: 0.9133 recall_train: 0.9388 f1_train: 0.9259 cm_train: (tn=1955, fp=191, fn=131, tp=2011)
2025-10-19 11:31:00 | INFO | EM.print | -------- Epoch 48 --------
2025-10-19 11:31:00 | INFO | EM.print | [AUG][online][epoch=48][iter=0] start name=random_permute_features noise_std=0.02 mask_rate=0.05 seed=47000
2025-10-19 11:31:00 | INFO | EM.print | [AUG][online][epoch=48][iter=0] done name=random_permute_features shape=(1140, 1140)
2025-10-19 11:31:00 | INFO | EM.print | [ONLINE-AUG] mode=online name=random_permute_features noise_std=0.02 mask_rate=0.05 base_seed=0
2025-10-19 11:31:00 | INFO | EM.print | epoch: 48/ iteration: 1/ loss_train: 3.530676 | task_loss:0.2076 cont_loss:6.8927 adv_loss:0.0022
2025-10-19 11:31:01 | INFO | EM.print | epoch: 0048 loss_train: 3.5821 task_loss: 0.3223 cont_loss: 6.9033 adv_loss: 0.0026 auroc_train: 0.9768 auprc_train: 0.9748 precision_train: 0.9103 recall_train: 0.9370 f1_train: 0.9235 cm_train: (tn=1946, fp=198, fn=135, tp=2009)
2025-10-19 11:31:01 | INFO | EM.print | -------- Epoch 49 --------
2025-10-19 11:31:01 | INFO | EM.print | [AUG][online][epoch=49][iter=0] start name=random_permute_features noise_std=0.02 mask_rate=0.05 seed=48000
2025-10-19 11:31:01 | INFO | EM.print | [AUG][online][epoch=49][iter=0] done name=random_permute_features shape=(1140, 1140)
2025-10-19 11:31:01 | INFO | EM.print | [ONLINE-AUG] mode=online name=random_permute_features noise_std=0.02 mask_rate=0.05 base_seed=0
2025-10-19 11:31:01 | INFO | EM.print | epoch: 49/ iteration: 1/ loss_train: 3.5604417 | task_loss:0.2519 cont_loss:6.9144 adv_loss:0.0042
2025-10-19 11:31:03 | INFO | EM.print | epoch: 0049 loss_train: 3.5034 task_loss: 0.1494 cont_loss: 6.8826 adv_loss: 0.0040 auroc_train: 0.9789 auprc_train: 0.9764 precision_train: 0.9139 recall_train: 0.9408 f1_train: 0.9272 cm_train: (tn=1953, fp=190, fn=127, tp=2018)
2025-10-19 11:31:03 | INFO | EM.print | -------- Epoch 50 --------
2025-10-19 11:31:03 | INFO | EM.print | [AUG][online][epoch=50][iter=0] start name=random_permute_features noise_std=0.02 mask_rate=0.05 seed=49000
2025-10-19 11:31:03 | INFO | EM.print | [AUG][online][epoch=50][iter=0] done name=random_permute_features shape=(1140, 1140)
2025-10-19 11:31:03 | INFO | EM.print | [ONLINE-AUG] mode=online name=random_permute_features noise_std=0.02 mask_rate=0.05 base_seed=0
2025-10-19 11:31:03 | INFO | EM.print | epoch: 50/ iteration: 1/ loss_train: 3.5377214 | task_loss:0.2365 cont_loss:6.8831 adv_loss:0.0026
2025-10-19 11:31:04 | INFO | EM.print | epoch: 0050 loss_train: 3.5081 task_loss: 0.1752 cont_loss: 6.8737 adv_loss: 0.0019 auroc_train: 0.9788 auprc_train: 0.9775 precision_train: 0.9164 recall_train: 0.9365 f1_train: 0.9263 cm_train: (tn=1963, fp=183, fn=136, tp=2006)
2025-10-19 11:31:04 | INFO | EM.print | Optimization Finished!
2025-10-19 11:31:04 | INFO | EM.result.save | Saved result text: /root/OUTPUT/result/LMI_B_013_data_20251019_112357/metrics/train_epoch_metrics_fold_5_20251019_112357.csv.txt
2025-10-19 11:31:04 | INFO | EM.print | [SAVE] Per-epoch train metrics saved: train_epoch_metrics_fold_5_20251019_112357.csv
2025-10-19 11:31:05 | INFO | EM.print | loss_test: 3.5529 auroc_test: 0.9534 auprc_test: 0.9519 precision_test: 0.8731 recall_test: 0.9123 f1_test: 0.8923 cm_test: (tn=443, fp=68, fn=45, tp=468)
2025-10-19 11:31:05 | INFO | EM | Fold 5 completed.
2025-10-19 11:31:05 | INFO | EM | === 5-Fold Cross Validation Results ===
2025-10-19 11:31:05 | INFO | EM | AUROC: 0.9517 ± 0.0029
2025-10-19 11:31:05 | INFO | EM | AUPRC: 0.9493 ± 0.0049
2025-10-19 11:31:05 | INFO | EM | F1-Score: 0.8762 ± 0.0091
2025-10-19 11:31:05 | INFO | EM | Loss: 3.5591 ± 0.0216
2025-10-19 11:31:05 | INFO | EM.result.save | Saved result text: /root/OUTPUT/result/LMI_B_013_data_20251019_112357/result_summary_20251019_112357.txt
2025-10-19 11:31:05 | INFO | EM | Detailed Results:
2025-10-19 11:31:05 | INFO | EM | Fold 1: AUROC=0.9467, AUPRC=0.9431, F1=0.8680
2025-10-19 11:31:05 | INFO | EM | Fold 2: AUROC=0.9501, AUPRC=0.9438, F1=0.8768
2025-10-19 11:31:05 | INFO | EM | Fold 3: AUROC=0.9547, AUPRC=0.9545, F1=0.8771
2025-10-19 11:31:05 | INFO | EM | Fold 4: AUROC=0.9533, AUPRC=0.9531, F1=0.8669
2025-10-19 11:31:05 | INFO | EM | Fold 5: AUROC=0.9534, AUPRC=0.9519, F1=0.8923
2025-10-19 11:31:05 | INFO | EM.result.save | Saved result text: /root/OUTPUT/result/LMI_B_013_data_20251019_112357/per_fold_20251019_112357.txt
2025-10-19 11:31:05 | INFO | EM.result.save | Saved result text: /root/OUTPUT/result/LMI_B_013_data_20251019_112357/metrics/result_extra_20251019_112357.txt
2025-10-19 11:31:05 | INFO | EM | Precision: 0.8745 ± 0.0081
2025-10-19 11:31:05 | INFO | EM | Recall: 0.8782 ± 0.0181
2025-10-19 11:31:05 | INFO | EM | Confusion Matrix (sum): tn=2236, fp=323, fn=312, tp=2249
2025-10-19 11:31:05 | INFO | EM | All folds completed!
2025-10-19 11:31:05 | INFO | EM | ================================================================================
2025-10-19 11:31:05 | INFO | EM | RUN END   | run_id=20251019_112357 | run_name=LMI_B_013
2025-10-19 11:31:05 | INFO | EM | RESULT DIR: /root/OUTPUT/result/LMI_B_013_data_20251019_112357
2025-10-19 11:31:05 | INFO | EM | ================================================================================
