2026-01-27 14:45:57,969 - TaskEvaluator_LDA - INFO - TaskEvaluator初始化完成，任务类型: LDA, 设备: cpu
2026-01-27 14:45:57,969 - TaskEvaluator_LDA - WARNING - 使用CPU模式，仅用于测试目的
2026-01-27 14:45:57,970 - StateManager - INFO - StateManager初始化完成，检查点目录: checkpoints
2026-01-27 14:45:57,970 - BayesianOptimizer_LDA - INFO - BayesianOptimizer初始化完成，任务类型: LDA
2026-01-27 14:45:57,971 - BayesianOptimizer_LDA - INFO - 参数空间包含 18 个参数
2026-01-27 14:45:57,971 - BayesianOptimizer_LDA - INFO - 采集函数: EI
2026-01-27 14:45:57,971 - BayesianOptimizer_LDA - INFO - 初始采样点数: 5
2026-01-27 14:45:57,973 - BayesianOptimizer_LDA - INFO - 初始化贝叶斯优化器...
2026-01-27 14:45:57,973 - BayesianOptimizer_LDA - INFO - 优化器初始化完成
2026-01-27 14:45:57,973 - BayesianOptimizer_LDA - INFO - 开始贝叶斯优化，最大迭代次数: 10
2026-01-27 14:45:57,974 - BayesianOptimizer_LDA - INFO - 第 1 次迭代，评估参数: {'dimensions': 425.1991226454899, 'hidden1': np.int64(148), 'hidden2': np.int64(48), 'decoder1': 791.5786463175915, 'lr': np.float64(1.916602470698173e-05), 'dropout': 0.48781117581837796, 'weight_decay': np.float64(4.3646845600015046e-05), 'alpha': 1.5935221800262123, 'beta': 0.3434159020835371, 'gamma': 0.9557332820015775, 'gat_heads': np.int64(2), 'gt_heads': np.int64(8), 'fusion_heads': np.int64(16), 'batch': np.int64(64), 'moco_K': np.int64(8192), 'fusion_strategy': np.str_('hybrid'), 'feature_type': np.str_('uniform'), 'moco_type': np.str_('double_tau')}
2026-01-27 14:45:57,974 - TaskEvaluator_LDA - INFO - 开始评估参数组合: {'dimensions': 425.1991226454899, 'hidden1': np.int64(148), 'hidden2': np.int64(48), 'decoder1': 791.5786463175915, 'lr': np.float64(1.916602470698173e-05), 'dropout': 0.48781117581837796, 'weight_decay': np.float64(4.3646845600015046e-05), 'alpha': 1.5935221800262123, 'beta': 0.3434159020835371, 'gamma': 0.9557332820015775, 'gat_heads': np.int64(2), 'gt_heads': np.int64(8), 'fusion_heads': np.int64(16), 'batch': np.int64(64), 'moco_K': np.int64(8192), 'fusion_strategy': np.str_('hybrid'), 'feature_type': np.str_('uniform'), 'moco_type': np.str_('double_tau')}
2026-01-27 14:45:57,974 - TaskEvaluator_LDA - INFO - 开始5折交叉验证
2026-01-27 14:45:57,979 - TaskEvaluator_LDA - WARNING - 未知参数: alpha
2026-01-27 14:45:57,979 - TaskEvaluator_LDA - WARNING - 未知参数: beta
2026-01-27 14:45:57,979 - TaskEvaluator_LDA - WARNING - 未知参数: gamma
2026-01-27 14:45:57,981 - TaskEvaluator_LDA - INFO - 执行第1折训练
2026-01-27 14:45:58,082 - TaskEvaluator_LDA - INFO - 第1折完成，AUROC: 0.7553
2026-01-27 14:45:58,083 - TaskEvaluator_LDA - INFO - 执行第2折训练
2026-01-27 14:45:58,183 - TaskEvaluator_LDA - INFO - 第2折完成，AUROC: 0.7574
2026-01-27 14:45:58,184 - TaskEvaluator_LDA - INFO - 执行第3折训练
2026-01-27 14:45:58,285 - TaskEvaluator_LDA - INFO - 第3折完成，AUROC: 0.7179
2026-01-27 14:45:58,286 - TaskEvaluator_LDA - INFO - 执行第4折训练
2026-01-27 14:45:58,387 - TaskEvaluator_LDA - INFO - 第4折完成，AUROC: 0.7352
2026-01-27 14:45:58,387 - TaskEvaluator_LDA - INFO - 执行第5折训练
2026-01-27 14:45:58,488 - TaskEvaluator_LDA - INFO - 第5折完成，AUROC: 0.7499
2026-01-27 14:45:58,489 - TaskEvaluator_LDA - INFO - 评估完成，AUROC: 0.7431±0.0148
2026-01-27 14:45:58,490 - BayesianOptimizer_LDA - INFO - 模型更新完成，当前最佳值: 0.743134
2026-01-27 14:45:58,490 - BayesianOptimizer_LDA - INFO - 第 1 次迭代完成，目标值: 0.743134, 耗时: 0.5s
2026-01-27 14:45:58,491 - BayesianOptimizer_LDA - INFO - 第 2 次迭代，评估参数: {'dimensions': 378.4829168771497, 'hidden1': np.int64(144), 'hidden2': 32.391461598654914, 'decoder1': 900.5152633684711, 'lr': np.float64(0.0005773366697718479), 'dropout': 0.11235261510181221, 'weight_decay': np.float64(0.0010166444339727277), 'alpha': 0.6010151752089119, 'beta': 0.8979580284609092, 'gamma': 0.9569596353021068, 'gat_heads': np.int64(4), 'gt_heads': np.int64(4), 'fusion_heads': np.int64(8), 'batch': np.int64(64), 'moco_K': np.int64(1024), 'fusion_strategy': np.str_('co_attention'), 'feature_type': np.str_('one_hot'), 'moco_type': np.str_('basic')}
2026-01-27 14:45:58,491 - TaskEvaluator_LDA - INFO - 开始评估参数组合: {'dimensions': 378.4829168771497, 'hidden1': np.int64(144), 'hidden2': 32.391461598654914, 'decoder1': 900.5152633684711, 'lr': np.float64(0.0005773366697718479), 'dropout': 0.11235261510181221, 'weight_decay': np.float64(0.0010166444339727277), 'alpha': 0.6010151752089119, 'beta': 0.8979580284609092, 'gamma': 0.9569596353021068, 'gat_heads': np.int64(4), 'gt_heads': np.int64(4), 'fusion_heads': np.int64(8), 'batch': np.int64(64), 'moco_K': np.int64(1024), 'fusion_strategy': np.str_('co_attention'), 'feature_type': np.str_('one_hot'), 'moco_type': np.str_('basic')}
2026-01-27 14:45:58,491 - TaskEvaluator_LDA - INFO - 开始5折交叉验证
2026-01-27 14:45:58,495 - TaskEvaluator_LDA - WARNING - 未知参数: alpha
2026-01-27 14:45:58,495 - TaskEvaluator_LDA - WARNING - 未知参数: beta
2026-01-27 14:45:58,495 - TaskEvaluator_LDA - WARNING - 未知参数: gamma
2026-01-27 14:45:58,496 - TaskEvaluator_LDA - INFO - 执行第1折训练
2026-01-27 14:45:58,596 - TaskEvaluator_LDA - INFO - 第1折完成，AUROC: 0.8934
2026-01-27 14:45:58,597 - TaskEvaluator_LDA - INFO - 执行第2折训练
2026-01-27 14:45:58,698 - TaskEvaluator_LDA - INFO - 第2折完成，AUROC: 0.8954
2026-01-27 14:45:58,699 - TaskEvaluator_LDA - INFO - 执行第3折训练
2026-01-27 14:45:58,799 - TaskEvaluator_LDA - INFO - 第3折完成，AUROC: 0.8560
2026-01-27 14:45:58,799 - TaskEvaluator_LDA - INFO - 执行第4折训练
2026-01-27 14:45:58,900 - TaskEvaluator_LDA - INFO - 第4折完成，AUROC: 0.8733
2026-01-27 14:45:58,901 - TaskEvaluator_LDA - INFO - 执行第5折训练
2026-01-27 14:45:59,002 - TaskEvaluator_LDA - INFO - 第5折完成，AUROC: 0.8880
2026-01-27 14:45:59,003 - TaskEvaluator_LDA - INFO - 评估完成，AUROC: 0.8812±0.0148
2026-01-27 14:45:59,088 - BayesianOptimizer_LDA - INFO - 模型更新完成，当前最佳值: 0.881205
2026-01-27 14:45:59,088 - BayesianOptimizer_LDA - INFO - 第 2 次迭代完成，目标值: 0.881205, 耗时: 0.6s
2026-01-27 14:45:59,089 - BayesianOptimizer_LDA - INFO - 第 3 次迭代，评估参数: {'dimensions': 175.0651557147667, 'hidden1': np.int64(136), 'hidden2': np.int64(32), 'decoder1': 1000.3332721749161, 'lr': np.float64(3.068678385558073e-05), 'dropout': 0.4286468367783858, 'weight_decay': np.float64(4.489325387107763e-06), 'alpha': 0.7421277030352429, 'beta': 1.3876733530230196, 'gamma': 1.271414925971427, 'gat_heads': np.int64(8), 'gt_heads': np.int64(16), 'fusion_heads': np.int64(2), 'batch': np.int64(25), 'moco_K': np.int64(2048), 'fusion_strategy': np.str_('transformer_multihead'), 'feature_type': np.str_('one_hot'), 'moco_type': np.str_('double_tau')}
2026-01-27 14:45:59,090 - TaskEvaluator_LDA - INFO - 开始评估参数组合: {'dimensions': 175.0651557147667, 'hidden1': np.int64(136), 'hidden2': np.int64(32), 'decoder1': 1000.3332721749161, 'lr': np.float64(3.068678385558073e-05), 'dropout': 0.4286468367783858, 'weight_decay': np.float64(4.489325387107763e-06), 'alpha': 0.7421277030352429, 'beta': 1.3876733530230196, 'gamma': 1.271414925971427, 'gat_heads': np.int64(8), 'gt_heads': np.int64(16), 'fusion_heads': np.int64(2), 'batch': np.int64(25), 'moco_K': np.int64(2048), 'fusion_strategy': np.str_('transformer_multihead'), 'feature_type': np.str_('one_hot'), 'moco_type': np.str_('double_tau')}
2026-01-27 14:45:59,090 - TaskEvaluator_LDA - INFO - 开始5折交叉验证
2026-01-27 14:45:59,094 - TaskEvaluator_LDA - WARNING - 未知参数: alpha
2026-01-27 14:45:59,094 - TaskEvaluator_LDA - WARNING - 未知参数: beta
2026-01-27 14:45:59,095 - TaskEvaluator_LDA - WARNING - 未知参数: gamma
2026-01-27 14:45:59,095 - TaskEvaluator_LDA - INFO - 执行第1折训练
2026-01-27 14:45:59,196 - TaskEvaluator_LDA - INFO - 第1折完成，AUROC: 0.7553
2026-01-27 14:45:59,196 - TaskEvaluator_LDA - INFO - 执行第2折训练
2026-01-27 14:45:59,297 - TaskEvaluator_LDA - INFO - 第2折完成，AUROC: 0.7574
2026-01-27 14:45:59,298 - TaskEvaluator_LDA - INFO - 执行第3折训练
2026-01-27 14:45:59,398 - TaskEvaluator_LDA - INFO - 第3折完成，AUROC: 0.7179
2026-01-27 14:45:59,399 - TaskEvaluator_LDA - INFO - 执行第4折训练
2026-01-27 14:45:59,499 - TaskEvaluator_LDA - INFO - 第4折完成，AUROC: 0.7352
2026-01-27 14:45:59,500 - TaskEvaluator_LDA - INFO - 执行第5折训练
2026-01-27 14:45:59,601 - TaskEvaluator_LDA - INFO - 第5折完成，AUROC: 0.7499
2026-01-27 14:45:59,601 - TaskEvaluator_LDA - INFO - 评估完成，AUROC: 0.7431±0.0148
2026-01-27 14:45:59,682 - BayesianOptimizer_LDA - INFO - 模型更新完成，当前最佳值: 0.881205
2026-01-27 14:45:59,682 - BayesianOptimizer_LDA - INFO - 第 3 次迭代完成，目标值: 0.743134, 耗时: 0.6s
2026-01-27 14:45:59,683 - BayesianOptimizer_LDA - INFO - 第 4 次迭代，评估参数: {'dimensions': 348.08217226784217, 'hidden1': np.int64(248), 'hidden2': np.int64(64), 'decoder1': 879.3800450633782, 'lr': np.float64(0.00033938025027627276), 'dropout': 0.3896698361988937, 'weight_decay': np.float64(0.00152916101646897), 'alpha': 1.2300345082476487, 'beta': 0.8762982891022933, 'gamma': 1.3754252356291157, 'gat_heads': np.int64(4), 'gt_heads': np.int64(16), 'fusion_heads': np.int64(16), 'batch': np.int64(64), 'moco_K': np.int64(1024), 'fusion_strategy': np.str_('hybrid'), 'feature_type': np.str_('one_hot'), 'moco_type': np.str_('double_tau')}
2026-01-27 14:45:59,684 - TaskEvaluator_LDA - INFO - 开始评估参数组合: {'dimensions': 348.08217226784217, 'hidden1': np.int64(248), 'hidden2': np.int64(64), 'decoder1': 879.3800450633782, 'lr': np.float64(0.00033938025027627276), 'dropout': 0.3896698361988937, 'weight_decay': np.float64(0.00152916101646897), 'alpha': 1.2300345082476487, 'beta': 0.8762982891022933, 'gamma': 1.3754252356291157, 'gat_heads': np.int64(4), 'gt_heads': np.int64(16), 'fusion_heads': np.int64(16), 'batch': np.int64(64), 'moco_K': np.int64(1024), 'fusion_strategy': np.str_('hybrid'), 'feature_type': np.str_('one_hot'), 'moco_type': np.str_('double_tau')}
2026-01-27 14:45:59,684 - TaskEvaluator_LDA - INFO - 开始5折交叉验证
2026-01-27 14:45:59,688 - TaskEvaluator_LDA - WARNING - 未知参数: alpha
2026-01-27 14:45:59,688 - TaskEvaluator_LDA - WARNING - 未知参数: beta
2026-01-27 14:45:59,688 - TaskEvaluator_LDA - WARNING - 未知参数: gamma
2026-01-27 14:45:59,689 - TaskEvaluator_LDA - INFO - 执行第1折训练
2026-01-27 14:45:59,790 - TaskEvaluator_LDA - INFO - 第1折完成，AUROC: 0.8818
2026-01-27 14:45:59,791 - TaskEvaluator_LDA - INFO - 执行第2折训练
2026-01-27 14:45:59,891 - TaskEvaluator_LDA - INFO - 第2折完成，AUROC: 0.8839
2026-01-27 14:45:59,892 - TaskEvaluator_LDA - INFO - 执行第3折训练
2026-01-27 14:45:59,993 - TaskEvaluator_LDA - INFO - 第3折完成，AUROC: 0.8445
2026-01-27 14:45:59,993 - TaskEvaluator_LDA - INFO - 执行第4折训练
2026-01-27 14:46:00,094 - TaskEvaluator_LDA - INFO - 第4折完成，AUROC: 0.8618
2026-01-27 14:46:00,094 - TaskEvaluator_LDA - INFO - 执行第5折训练
2026-01-27 14:46:00,195 - TaskEvaluator_LDA - INFO - 第5折完成，AUROC: 0.8764
2026-01-27 14:46:00,196 - TaskEvaluator_LDA - INFO - 评估完成，AUROC: 0.8697±0.0148
2026-01-27 14:46:00,269 - BayesianOptimizer_LDA - INFO - 模型更新完成，当前最佳值: 0.881205
2026-01-27 14:46:00,269 - BayesianOptimizer_LDA - INFO - 第 4 次迭代完成，目标值: 0.869668, 耗时: 0.6s
2026-01-27 14:46:00,271 - BayesianOptimizer_LDA - INFO - 第 5 次迭代，评估参数: {'dimensions': 475.75204224907986, 'hidden1': 204.22896297083798, 'hidden2': 106.19866232192459, 'decoder1': 733.5811703650302, 'lr': np.float64(0.006339941124769435), 'dropout': 0.042473393469388276, 'weight_decay': np.float64(0.00032879035333419537), 'alpha': 1.5735863183010976, 'beta': 1.0717426729960984, 'gamma': 1.5221646654587566, 'gat_heads': np.int64(4), 'gt_heads': np.int64(2), 'fusion_heads': np.int64(2), 'batch': np.int64(25), 'moco_K': np.int64(4096), 'fusion_strategy': np.str_('transformer_multihead'), 'feature_type': np.str_('one_hot'), 'moco_type': np.str_('basic')}
2026-01-27 14:46:00,271 - TaskEvaluator_LDA - INFO - 开始评估参数组合: {'dimensions': 475.75204224907986, 'hidden1': 204.22896297083798, 'hidden2': 106.19866232192459, 'decoder1': 733.5811703650302, 'lr': np.float64(0.006339941124769435), 'dropout': 0.042473393469388276, 'weight_decay': np.float64(0.00032879035333419537), 'alpha': 1.5735863183010976, 'beta': 1.0717426729960984, 'gamma': 1.5221646654587566, 'gat_heads': np.int64(4), 'gt_heads': np.int64(2), 'fusion_heads': np.int64(2), 'batch': np.int64(25), 'moco_K': np.int64(4096), 'fusion_strategy': np.str_('transformer_multihead'), 'feature_type': np.str_('one_hot'), 'moco_type': np.str_('basic')}
2026-01-27 14:46:00,272 - TaskEvaluator_LDA - INFO - 开始5折交叉验证
2026-01-27 14:46:00,275 - TaskEvaluator_LDA - WARNING - 未知参数: alpha
2026-01-27 14:46:00,276 - TaskEvaluator_LDA - WARNING - 未知参数: beta
2026-01-27 14:46:00,276 - TaskEvaluator_LDA - WARNING - 未知参数: gamma
2026-01-27 14:46:00,277 - TaskEvaluator_LDA - INFO - 执行第1折训练
2026-01-27 14:46:00,378 - TaskEvaluator_LDA - INFO - 第1折完成，AUROC: 0.8652
2026-01-27 14:46:00,378 - TaskEvaluator_LDA - INFO - 执行第2折训练
2026-01-27 14:46:00,479 - TaskEvaluator_LDA - INFO - 第2折完成，AUROC: 0.8672
2026-01-27 14:46:00,480 - TaskEvaluator_LDA - INFO - 执行第3折训练
2026-01-27 14:46:00,581 - TaskEvaluator_LDA - INFO - 第3折完成，AUROC: 0.8278
2026-01-27 14:46:00,581 - TaskEvaluator_LDA - INFO - 执行第4折训练
2026-01-27 14:46:00,682 - TaskEvaluator_LDA - INFO - 第4折完成，AUROC: 0.8451
2026-01-27 14:46:00,682 - TaskEvaluator_LDA - INFO - 执行第5折训练
2026-01-27 14:46:00,783 - TaskEvaluator_LDA - INFO - 第5折完成，AUROC: 0.8598
2026-01-27 14:46:00,784 - TaskEvaluator_LDA - INFO - 评估完成，AUROC: 0.8530±0.0148
2026-01-27 14:46:00,872 - BayesianOptimizer_LDA - INFO - 模型更新完成，当前最佳值: 0.881205
2026-01-27 14:46:00,872 - BayesianOptimizer_LDA - INFO - 第 5 次迭代完成，目标值: 0.853030, 耗时: 0.6s
2026-01-27 14:46:00,876 - StateManager - INFO - 状态保存成功: checkpoints\checkpoint_iter_0005_20260127_144600.pkl
2026-01-27 14:46:00,881 - BayesianOptimizer_LDA - INFO - 检查点保存成功: checkpoints\checkpoint_iter_0005_20260127_144600.pkl
2026-01-27 14:46:00,926 - BayesianOptimizer_LDA - WARNING - 采集函数优化失败: 采集函数优化失败，所有重启都失败了
2026-01-27 14:46:00,926 - BayesianOptimizer_LDA - INFO - 使用回退参数建议策略
2026-01-27 14:46:00,927 - BayesianOptimizer_LDA - INFO - 第 6 次迭代，评估参数: {'dimensions': 168.34271802882427, 'hidden1': np.int64(152), 'hidden2': np.int64(80), 'decoder1': 449.294177986091, 'lr': np.float64(0.0033789516232156152), 'dropout': 0.003535730992896724, 'weight_decay': np.float64(5.301640397492563e-06), 'alpha': 1.3127577020212038, 'beta': 1.0096318080522866, 'gamma': 1.052167114040077, 'gat_heads': np.int64(8), 'gt_heads': np.int64(16), 'fusion_heads': np.int64(16), 'batch': np.int64(25), 'moco_K': np.int64(1024), 'fusion_strategy': np.str_('transformer_multihead'), 'feature_type': np.str_('one_hot'), 'moco_type': np.str_('double_tau')}
2026-01-27 14:46:00,927 - TaskEvaluator_LDA - INFO - 开始评估参数组合: {'dimensions': 168.34271802882427, 'hidden1': np.int64(152), 'hidden2': np.int64(80), 'decoder1': 449.294177986091, 'lr': np.float64(0.0033789516232156152), 'dropout': 0.003535730992896724, 'weight_decay': np.float64(5.301640397492563e-06), 'alpha': 1.3127577020212038, 'beta': 1.0096318080522866, 'gamma': 1.052167114040077, 'gat_heads': np.int64(8), 'gt_heads': np.int64(16), 'fusion_heads': np.int64(16), 'batch': np.int64(25), 'moco_K': np.int64(1024), 'fusion_strategy': np.str_('transformer_multihead'), 'feature_type': np.str_('one_hot'), 'moco_type': np.str_('double_tau')}
2026-01-27 14:46:00,928 - TaskEvaluator_LDA - INFO - 开始5折交叉验证
2026-01-27 14:46:00,932 - TaskEvaluator_LDA - WARNING - 未知参数: alpha
2026-01-27 14:46:00,932 - TaskEvaluator_LDA - WARNING - 未知参数: beta
2026-01-27 14:46:00,933 - TaskEvaluator_LDA - WARNING - 未知参数: gamma
2026-01-27 14:46:00,934 - TaskEvaluator_LDA - INFO - 执行第1折训练
2026-01-27 14:46:01,035 - TaskEvaluator_LDA - INFO - 第1折完成，AUROC: 0.8788
2026-01-27 14:46:01,035 - TaskEvaluator_LDA - INFO - 执行第2折训练
2026-01-27 14:46:01,136 - TaskEvaluator_LDA - INFO - 第2折完成，AUROC: 0.8809
2026-01-27 14:46:01,136 - TaskEvaluator_LDA - INFO - 执行第3折训练
2026-01-27 14:46:01,237 - TaskEvaluator_LDA - INFO - 第3折完成，AUROC: 0.8415
2026-01-27 14:46:01,238 - TaskEvaluator_LDA - INFO - 执行第4折训练
2026-01-27 14:46:01,339 - TaskEvaluator_LDA - INFO - 第4折完成，AUROC: 0.8588
2026-01-27 14:46:01,339 - TaskEvaluator_LDA - INFO - 执行第5折训练
2026-01-27 14:46:01,440 - TaskEvaluator_LDA - INFO - 第5折完成，AUROC: 0.8734
2026-01-27 14:46:01,441 - TaskEvaluator_LDA - INFO - 评估完成，AUROC: 0.8667±0.0148
2026-01-27 14:46:01,517 - BayesianOptimizer_LDA - INFO - 模型更新完成，当前最佳值: 0.881205
2026-01-27 14:46:01,517 - BayesianOptimizer_LDA - INFO - 第 6 次迭代完成，目标值: 0.866695, 耗时: 0.6s
2026-01-27 14:46:01,559 - BayesianOptimizer_LDA - WARNING - 采集函数优化失败: 采集函数优化失败，所有重启都失败了
2026-01-27 14:46:01,560 - BayesianOptimizer_LDA - INFO - 使用回退参数建议策略
2026-01-27 14:46:01,560 - BayesianOptimizer_LDA - INFO - 第 7 次迭代，评估参数: {'dimensions': 318.9511092761666, 'hidden1': 156.940684400766, 'hidden2': np.int64(48), 'decoder1': 455.2293655816419, 'lr': np.float64(3.304118136068977e-05), 'dropout': 0.2726006082695521, 'weight_decay': np.float64(6.205190114207399e-05), 'alpha': 0.46631918755778445, 'beta': 0.9809543246086485, 'gamma': 0.3506857187155267, 'gat_heads': np.int64(4), 'gt_heads': np.int64(8), 'fusion_heads': np.int64(4), 'batch': np.int64(64), 'moco_K': np.int64(8192), 'fusion_strategy': np.str_('hybrid'), 'feature_type': np.str_('normal'), 'moco_type': np.str_('basic')}
2026-01-27 14:46:01,561 - TaskEvaluator_LDA - INFO - 开始评估参数组合: {'dimensions': 318.9511092761666, 'hidden1': 156.940684400766, 'hidden2': np.int64(48), 'decoder1': 455.2293655816419, 'lr': np.float64(3.304118136068977e-05), 'dropout': 0.2726006082695521, 'weight_decay': np.float64(6.205190114207399e-05), 'alpha': 0.46631918755778445, 'beta': 0.9809543246086485, 'gamma': 0.3506857187155267, 'gat_heads': np.int64(4), 'gt_heads': np.int64(8), 'fusion_heads': np.int64(4), 'batch': np.int64(64), 'moco_K': np.int64(8192), 'fusion_strategy': np.str_('hybrid'), 'feature_type': np.str_('normal'), 'moco_type': np.str_('basic')}
2026-01-27 14:46:01,561 - TaskEvaluator_LDA - INFO - 开始5折交叉验证
2026-01-27 14:46:01,565 - TaskEvaluator_LDA - WARNING - 未知参数: alpha
2026-01-27 14:46:01,565 - TaskEvaluator_LDA - WARNING - 未知参数: beta
2026-01-27 14:46:01,565 - TaskEvaluator_LDA - WARNING - 未知参数: gamma
2026-01-27 14:46:01,566 - TaskEvaluator_LDA - INFO - 执行第1折训练
2026-01-27 14:46:01,667 - TaskEvaluator_LDA - INFO - 第1折完成，AUROC: 0.7553
2026-01-27 14:46:01,667 - TaskEvaluator_LDA - INFO - 执行第2折训练
2026-01-27 14:46:01,768 - TaskEvaluator_LDA - INFO - 第2折完成，AUROC: 0.7574
2026-01-27 14:46:01,768 - TaskEvaluator_LDA - INFO - 执行第3折训练
2026-01-27 14:46:01,869 - TaskEvaluator_LDA - INFO - 第3折完成，AUROC: 0.7179
2026-01-27 14:46:01,869 - TaskEvaluator_LDA - INFO - 执行第4折训练
2026-01-27 14:46:01,970 - TaskEvaluator_LDA - INFO - 第4折完成，AUROC: 0.7352
2026-01-27 14:46:01,970 - TaskEvaluator_LDA - INFO - 执行第5折训练
2026-01-27 14:46:02,071 - TaskEvaluator_LDA - INFO - 第5折完成，AUROC: 0.7499
2026-01-27 14:46:02,071 - TaskEvaluator_LDA - INFO - 评估完成，AUROC: 0.7431±0.0148
2026-01-27 14:46:02,157 - BayesianOptimizer_LDA - INFO - 模型更新完成，当前最佳值: 0.881205
2026-01-27 14:46:02,158 - BayesianOptimizer_LDA - INFO - 第 7 次迭代完成，目标值: 0.743134, 耗时: 0.6s
2026-01-27 14:46:02,199 - BayesianOptimizer_LDA - WARNING - 采集函数优化失败: 采集函数优化失败，所有重启都失败了
2026-01-27 14:46:02,199 - BayesianOptimizer_LDA - INFO - 使用回退参数建议策略
2026-01-27 14:46:02,200 - BayesianOptimizer_LDA - INFO - 第 8 次迭代，评估参数: {'dimensions': 166.33772236491816, 'hidden1': 102.29233721136933, 'hidden2': 58.492005592997245, 'decoder1': 776.4645169647902, 'lr': np.float64(0.000703995172200907), 'dropout': 0.23289365114810895, 'weight_decay': np.float64(6.392908550157251e-06), 'alpha': 0.8628268483947479, 'beta': 1.8941065119186908, 'gamma': 1.4056789066951578, 'gat_heads': np.int64(2), 'gt_heads': np.int64(2), 'fusion_heads': np.int64(2), 'batch': np.int64(32), 'moco_K': np.int64(1024), 'fusion_strategy': np.str_('transformer_multihead'), 'feature_type': np.str_('one_hot'), 'moco_type': np.str_('double_tau')}
2026-01-27 14:46:02,200 - TaskEvaluator_LDA - INFO - 开始评估参数组合: {'dimensions': 166.33772236491816, 'hidden1': 102.29233721136933, 'hidden2': 58.492005592997245, 'decoder1': 776.4645169647902, 'lr': np.float64(0.000703995172200907), 'dropout': 0.23289365114810895, 'weight_decay': np.float64(6.392908550157251e-06), 'alpha': 0.8628268483947479, 'beta': 1.8941065119186908, 'gamma': 1.4056789066951578, 'gat_heads': np.int64(2), 'gt_heads': np.int64(2), 'fusion_heads': np.int64(2), 'batch': np.int64(32), 'moco_K': np.int64(1024), 'fusion_strategy': np.str_('transformer_multihead'), 'feature_type': np.str_('one_hot'), 'moco_type': np.str_('double_tau')}
2026-01-27 14:46:02,201 - TaskEvaluator_LDA - INFO - 开始5折交叉验证
2026-01-27 14:46:02,204 - TaskEvaluator_LDA - WARNING - 未知参数: alpha
2026-01-27 14:46:02,204 - TaskEvaluator_LDA - WARNING - 未知参数: beta
2026-01-27 14:46:02,204 - TaskEvaluator_LDA - WARNING - 未知参数: gamma
2026-01-27 14:46:02,205 - TaskEvaluator_LDA - INFO - 执行第1折训练
2026-01-27 14:46:02,306 - TaskEvaluator_LDA - INFO - 第1折完成，AUROC: 0.8977
2026-01-27 14:46:02,306 - TaskEvaluator_LDA - INFO - 执行第2折训练
2026-01-27 14:46:02,406 - TaskEvaluator_LDA - INFO - 第2折完成，AUROC: 0.8997
2026-01-27 14:46:02,407 - TaskEvaluator_LDA - INFO - 执行第3折训练
2026-01-27 14:46:02,508 - TaskEvaluator_LDA - INFO - 第3折完成，AUROC: 0.8603
2026-01-27 14:46:02,508 - TaskEvaluator_LDA - INFO - 执行第4折训练
2026-01-27 14:46:02,609 - TaskEvaluator_LDA - INFO - 第4折完成，AUROC: 0.8776
2026-01-27 14:46:02,610 - TaskEvaluator_LDA - INFO - 执行第5折训练
2026-01-27 14:46:02,710 - TaskEvaluator_LDA - INFO - 第5折完成，AUROC: 0.8923
2026-01-27 14:46:02,711 - TaskEvaluator_LDA - INFO - 评估完成，AUROC: 0.8855±0.0148
2026-01-27 14:46:02,795 - BayesianOptimizer_LDA - INFO - 模型更新完成，当前最佳值: 0.885513
2026-01-27 14:46:02,795 - BayesianOptimizer_LDA - INFO - 第 8 次迭代完成，目标值: 0.885513, 耗时: 0.6s
2026-01-27 14:46:02,836 - BayesianOptimizer_LDA - WARNING - 采集函数优化失败: 采集函数优化失败，所有重启都失败了
2026-01-27 14:46:02,837 - BayesianOptimizer_LDA - INFO - 使用回退参数建议策略
2026-01-27 14:46:02,837 - BayesianOptimizer_LDA - INFO - 第 9 次迭代，评估参数: {'dimensions': 166.20255139231847, 'hidden1': 110.2347587579154, 'hidden2': 102.4720860654754, 'decoder1': 634.2072835907202, 'lr': np.float64(0.00620448973305458), 'dropout': 0.3091076146270796, 'weight_decay': np.float64(0.004057095555226038), 'alpha': 0.48299534572327274, 'beta': 0.9038454012835818, 'gamma': 1.3843393391924999, 'gat_heads': np.int64(2), 'gt_heads': np.int64(2), 'fusion_heads': np.int64(2), 'batch': np.int64(32), 'moco_K': np.int64(4096), 'fusion_strategy': np.str_('hybrid'), 'feature_type': np.str_('normal'), 'moco_type': np.str_('basic')}
2026-01-27 14:46:02,838 - TaskEvaluator_LDA - INFO - 开始评估参数组合: {'dimensions': 166.20255139231847, 'hidden1': 110.2347587579154, 'hidden2': 102.4720860654754, 'decoder1': 634.2072835907202, 'lr': np.float64(0.00620448973305458), 'dropout': 0.3091076146270796, 'weight_decay': np.float64(0.004057095555226038), 'alpha': 0.48299534572327274, 'beta': 0.9038454012835818, 'gamma': 1.3843393391924999, 'gat_heads': np.int64(2), 'gt_heads': np.int64(2), 'fusion_heads': np.int64(2), 'batch': np.int64(32), 'moco_K': np.int64(4096), 'fusion_strategy': np.str_('hybrid'), 'feature_type': np.str_('normal'), 'moco_type': np.str_('basic')}
2026-01-27 14:46:02,838 - TaskEvaluator_LDA - INFO - 开始5折交叉验证
2026-01-27 14:46:02,842 - TaskEvaluator_LDA - WARNING - 未知参数: alpha
2026-01-27 14:46:02,842 - TaskEvaluator_LDA - WARNING - 未知参数: beta
2026-01-27 14:46:02,843 - TaskEvaluator_LDA - WARNING - 未知参数: gamma
2026-01-27 14:46:02,843 - TaskEvaluator_LDA - INFO - 执行第1折训练
2026-01-27 14:46:02,944 - TaskEvaluator_LDA - INFO - 第1折完成，AUROC: 0.8656
2026-01-27 14:46:02,945 - TaskEvaluator_LDA - INFO - 执行第2折训练
2026-01-27 14:46:03,046 - TaskEvaluator_LDA - INFO - 第2折完成，AUROC: 0.8677
2026-01-27 14:46:03,046 - TaskEvaluator_LDA - INFO - 执行第3折训练
2026-01-27 14:46:03,147 - TaskEvaluator_LDA - INFO - 第3折完成，AUROC: 0.8283
2026-01-27 14:46:03,148 - TaskEvaluator_LDA - INFO - 执行第4折训练
2026-01-27 14:46:03,248 - TaskEvaluator_LDA - INFO - 第4折完成，AUROC: 0.8456
2026-01-27 14:46:03,249 - TaskEvaluator_LDA - INFO - 执行第5折训练
2026-01-27 14:46:03,349 - TaskEvaluator_LDA - INFO - 第5折完成，AUROC: 0.8602
2026-01-27 14:46:03,351 - TaskEvaluator_LDA - INFO - 评估完成，AUROC: 0.8535±0.0148
2026-01-27 14:46:03,445 - BayesianOptimizer_LDA - INFO - 模型更新完成，当前最佳值: 0.885513
2026-01-27 14:46:03,446 - BayesianOptimizer_LDA - INFO - 第 9 次迭代完成，目标值: 0.853499, 耗时: 0.7s
2026-01-27 14:46:03,490 - BayesianOptimizer_LDA - WARNING - 采集函数优化失败: 采集函数优化失败，所有重启都失败了
2026-01-27 14:46:03,490 - BayesianOptimizer_LDA - INFO - 使用回退参数建议策略
2026-01-27 14:46:03,491 - BayesianOptimizer_LDA - INFO - 第 10 次迭代，评估参数: {'dimensions': 280.23265236590055, 'hidden1': np.int64(172), 'hidden2': np.int64(64), 'decoder1': 787.6325744723497, 'lr': np.float64(9.986031761032107e-05), 'dropout': 0.3010607163411514, 'weight_decay': np.float64(1.3741190533890707e-05), 'alpha': 0.13783728581791999, 'beta': 1.8572130191384553, 'gamma': 1.5809008819498884, 'gat_heads': np.int64(4), 'gt_heads': np.int64(4), 'fusion_heads': np.int64(8), 'batch': np.int64(16), 'moco_K': np.int64(1024), 'fusion_strategy': np.str_('self_attention'), 'feature_type': np.str_('uniform'), 'moco_type': np.str_('double_tau')}
2026-01-27 14:46:03,491 - TaskEvaluator_LDA - INFO - 开始评估参数组合: {'dimensions': 280.23265236590055, 'hidden1': np.int64(172), 'hidden2': np.int64(64), 'decoder1': 787.6325744723497, 'lr': np.float64(9.986031761032107e-05), 'dropout': 0.3010607163411514, 'weight_decay': np.float64(1.3741190533890707e-05), 'alpha': 0.13783728581791999, 'beta': 1.8572130191384553, 'gamma': 1.5809008819498884, 'gat_heads': np.int64(4), 'gt_heads': np.int64(4), 'fusion_heads': np.int64(8), 'batch': np.int64(16), 'moco_K': np.int64(1024), 'fusion_strategy': np.str_('self_attention'), 'feature_type': np.str_('uniform'), 'moco_type': np.str_('double_tau')}
2026-01-27 14:46:03,491 - TaskEvaluator_LDA - INFO - 开始5折交叉验证
2026-01-27 14:46:03,498 - TaskEvaluator_LDA - WARNING - 未知参数: alpha
2026-01-27 14:46:03,498 - TaskEvaluator_LDA - WARNING - 未知参数: beta
2026-01-27 14:46:03,499 - TaskEvaluator_LDA - WARNING - 未知参数: gamma
2026-01-27 14:46:03,499 - TaskEvaluator_LDA - INFO - 执行第1折训练
2026-01-27 14:46:03,600 - TaskEvaluator_LDA - INFO - 第1折完成，AUROC: 0.7553
2026-01-27 14:46:03,601 - TaskEvaluator_LDA - INFO - 执行第2折训练
2026-01-27 14:46:03,701 - TaskEvaluator_LDA - INFO - 第2折完成，AUROC: 0.7574
2026-01-27 14:46:03,702 - TaskEvaluator_LDA - INFO - 执行第3折训练
2026-01-27 14:46:03,803 - TaskEvaluator_LDA - INFO - 第3折完成，AUROC: 0.7179
2026-01-27 14:46:03,803 - TaskEvaluator_LDA - INFO - 执行第4折训练
2026-01-27 14:46:03,904 - TaskEvaluator_LDA - INFO - 第4折完成，AUROC: 0.7352
2026-01-27 14:46:03,905 - TaskEvaluator_LDA - INFO - 执行第5折训练
2026-01-27 14:46:04,006 - TaskEvaluator_LDA - INFO - 第5折完成，AUROC: 0.7499
2026-01-27 14:46:04,006 - TaskEvaluator_LDA - INFO - 评估完成，AUROC: 0.7431±0.0148
2026-01-27 14:46:04,088 - BayesianOptimizer_LDA - INFO - 模型更新完成，当前最佳值: 0.885513
2026-01-27 14:46:04,088 - BayesianOptimizer_LDA - INFO - 第 10 次迭代完成，目标值: 0.743134, 耗时: 0.6s
2026-01-27 14:46:04,094 - StateManager - INFO - 状态保存成功: checkpoints\checkpoint_iter_0010_20260127_144604.pkl
2026-01-27 14:46:04,099 - StateManager - INFO - 清理旧检查点: checkpoint_iter_0002_20260127_144544.pkl
2026-01-27 14:46:04,099 - BayesianOptimizer_LDA - INFO - 检查点保存成功: checkpoints\checkpoint_iter_0010_20260127_144604.pkl
2026-01-27 14:46:04,105 - StateManager - INFO - 状态保存成功: checkpoints\checkpoint_iter_0010_20260127_144604.pkl
2026-01-27 14:46:04,110 - BayesianOptimizer_LDA - INFO - 检查点保存成功: checkpoints\checkpoint_iter_0010_20260127_144604.pkl
2026-01-27 14:46:04,110 - TaskEvaluator_LDA - INFO - TaskEvaluator资源清理完成
2026-01-27 14:46:04,110 - BayesianOptimizer_LDA - INFO - 优化完成，总迭代次数: 10
2026-01-27 14:46:04,110 - BayesianOptimizer_LDA - INFO - 最佳目标值: 0.885513
2026-01-27 14:46:04,110 - BayesianOptimizer_LDA - INFO - 总耗时: 6.1 秒
2026-01-27 14:46:04,111 - TaskEvaluator_LDA - INFO - TaskEvaluator初始化完成，任务类型: LDA, 设备: cpu
2026-01-27 14:46:04,111 - TaskEvaluator_LDA - WARNING - 使用CPU模式，仅用于测试目的
2026-01-27 14:46:04,112 - StateManager - INFO - StateManager初始化完成，检查点目录: checkpoints
2026-01-27 14:46:04,112 - BayesianOptimizer_LDA - INFO - BayesianOptimizer初始化完成，任务类型: LDA
2026-01-27 14:46:04,112 - BayesianOptimizer_LDA - INFO - 参数空间包含 18 个参数
2026-01-27 14:46:04,113 - BayesianOptimizer_LDA - INFO - 采集函数: EI
2026-01-27 14:46:04,113 - BayesianOptimizer_LDA - INFO - 初始采样点数: 5
2026-01-27 14:46:04,113 - BayesianOptimizer_LDA - INFO - 初始化贝叶斯优化器...
2026-01-27 14:46:04,114 - BayesianOptimizer_LDA - INFO - 优化器初始化完成
2026-01-27 14:46:04,114 - BayesianOptimizer_LDA - INFO - 开始贝叶斯优化，最大迭代次数: 15
2026-01-27 14:46:04,114 - BayesianOptimizer_LDA - INFO - 第 1 次迭代，评估参数: {'dimensions': 425.1991226454899, 'hidden1': np.int64(148), 'hidden2': np.int64(48), 'decoder1': 791.5786463175915, 'lr': np.float64(1.916602470698173e-05), 'dropout': 0.48781117581837796, 'weight_decay': np.float64(4.3646845600015046e-05), 'alpha': 1.5935221800262123, 'beta': 0.3434159020835371, 'gamma': 0.9557332820015775, 'gat_heads': np.int64(2), 'gt_heads': np.int64(8), 'fusion_heads': np.int64(16), 'batch': np.int64(64), 'moco_K': np.int64(8192), 'fusion_strategy': np.str_('hybrid'), 'feature_type': np.str_('uniform'), 'moco_type': np.str_('double_tau')}
2026-01-27 14:46:04,115 - TaskEvaluator_LDA - INFO - 开始评估参数组合: {'dimensions': 425.1991226454899, 'hidden1': np.int64(148), 'hidden2': np.int64(48), 'decoder1': 791.5786463175915, 'lr': np.float64(1.916602470698173e-05), 'dropout': 0.48781117581837796, 'weight_decay': np.float64(4.3646845600015046e-05), 'alpha': 1.5935221800262123, 'beta': 0.3434159020835371, 'gamma': 0.9557332820015775, 'gat_heads': np.int64(2), 'gt_heads': np.int64(8), 'fusion_heads': np.int64(16), 'batch': np.int64(64), 'moco_K': np.int64(8192), 'fusion_strategy': np.str_('hybrid'), 'feature_type': np.str_('uniform'), 'moco_type': np.str_('double_tau')}
2026-01-27 14:46:04,115 - TaskEvaluator_LDA - INFO - 开始5折交叉验证
2026-01-27 14:46:04,119 - TaskEvaluator_LDA - WARNING - 未知参数: alpha
2026-01-27 14:46:04,119 - TaskEvaluator_LDA - WARNING - 未知参数: beta
2026-01-27 14:46:04,119 - TaskEvaluator_LDA - WARNING - 未知参数: gamma
2026-01-27 14:46:04,120 - TaskEvaluator_LDA - INFO - 执行第1折训练
2026-01-27 14:46:04,220 - TaskEvaluator_LDA - INFO - 第1折完成，AUROC: 0.7553
2026-01-27 14:46:04,221 - TaskEvaluator_LDA - INFO - 执行第2折训练
2026-01-27 14:46:04,322 - TaskEvaluator_LDA - INFO - 第2折完成，AUROC: 0.7574
2026-01-27 14:46:04,322 - TaskEvaluator_LDA - INFO - 执行第3折训练
2026-01-27 14:46:04,423 - TaskEvaluator_LDA - INFO - 第3折完成，AUROC: 0.7179
2026-01-27 14:46:04,423 - TaskEvaluator_LDA - INFO - 执行第4折训练
2026-01-27 14:46:04,523 - TaskEvaluator_LDA - INFO - 第4折完成，AUROC: 0.7352
2026-01-27 14:46:04,524 - TaskEvaluator_LDA - INFO - 执行第5折训练
2026-01-27 14:46:04,624 - TaskEvaluator_LDA - INFO - 第5折完成，AUROC: 0.7499
2026-01-27 14:46:04,625 - TaskEvaluator_LDA - INFO - 评估完成，AUROC: 0.7431±0.0148
2026-01-27 14:46:04,625 - BayesianOptimizer_LDA - INFO - 模型更新完成，帕累托前沿大小: 1
2026-01-27 14:46:04,625 - BayesianOptimizer_LDA - INFO - 第 1 次迭代完成，目标值: 0.743134, 帕累托前沿大小: 1, 耗时: 0.5s
2026-01-27 14:46:04,626 - BayesianOptimizer_LDA - INFO - 第 2 次迭代，评估参数: {'dimensions': 378.4829168771497, 'hidden1': np.int64(144), 'hidden2': 32.391461598654914, 'decoder1': 900.5152633684711, 'lr': np.float64(0.0005773366697718479), 'dropout': 0.11235261510181221, 'weight_decay': np.float64(0.0010166444339727277), 'alpha': 0.6010151752089119, 'beta': 0.8979580284609092, 'gamma': 0.9569596353021068, 'gat_heads': np.int64(4), 'gt_heads': np.int64(4), 'fusion_heads': np.int64(8), 'batch': np.int64(64), 'moco_K': np.int64(1024), 'fusion_strategy': np.str_('co_attention'), 'feature_type': np.str_('one_hot'), 'moco_type': np.str_('basic')}
2026-01-27 14:46:04,626 - TaskEvaluator_LDA - INFO - 开始评估参数组合: {'dimensions': 378.4829168771497, 'hidden1': np.int64(144), 'hidden2': 32.391461598654914, 'decoder1': 900.5152633684711, 'lr': np.float64(0.0005773366697718479), 'dropout': 0.11235261510181221, 'weight_decay': np.float64(0.0010166444339727277), 'alpha': 0.6010151752089119, 'beta': 0.8979580284609092, 'gamma': 0.9569596353021068, 'gat_heads': np.int64(4), 'gt_heads': np.int64(4), 'fusion_heads': np.int64(8), 'batch': np.int64(64), 'moco_K': np.int64(1024), 'fusion_strategy': np.str_('co_attention'), 'feature_type': np.str_('one_hot'), 'moco_type': np.str_('basic')}
2026-01-27 14:46:04,626 - TaskEvaluator_LDA - INFO - 开始5折交叉验证
2026-01-27 14:46:04,630 - TaskEvaluator_LDA - WARNING - 未知参数: alpha
2026-01-27 14:46:04,630 - TaskEvaluator_LDA - WARNING - 未知参数: beta
2026-01-27 14:46:04,630 - TaskEvaluator_LDA - WARNING - 未知参数: gamma
2026-01-27 14:46:04,631 - TaskEvaluator_LDA - INFO - 执行第1折训练
2026-01-27 14:46:04,731 - TaskEvaluator_LDA - INFO - 第1折完成，AUROC: 0.8934
2026-01-27 14:46:04,732 - TaskEvaluator_LDA - INFO - 执行第2折训练
2026-01-27 14:46:04,832 - TaskEvaluator_LDA - INFO - 第2折完成，AUROC: 0.8954
2026-01-27 14:46:04,833 - TaskEvaluator_LDA - INFO - 执行第3折训练
2026-01-27 14:46:04,934 - TaskEvaluator_LDA - INFO - 第3折完成，AUROC: 0.8560
2026-01-27 14:46:04,934 - TaskEvaluator_LDA - INFO - 执行第4折训练
2026-01-27 14:46:05,035 - TaskEvaluator_LDA - INFO - 第4折完成，AUROC: 0.8733
2026-01-27 14:46:05,035 - TaskEvaluator_LDA - INFO - 执行第5折训练
2026-01-27 14:46:05,136 - TaskEvaluator_LDA - INFO - 第5折完成，AUROC: 0.8880
2026-01-27 14:46:05,136 - TaskEvaluator_LDA - INFO - 评估完成，AUROC: 0.8812±0.0148
2026-01-27 14:46:05,220 - BayesianOptimizer_LDA - INFO - 模型更新完成，帕累托前沿大小: 1
2026-01-27 14:46:05,220 - BayesianOptimizer_LDA - INFO - 第 2 次迭代完成，目标值: 0.881205, 帕累托前沿大小: 1, 耗时: 0.6s
2026-01-27 14:46:05,221 - BayesianOptimizer_LDA - INFO - 第 3 次迭代，评估参数: {'dimensions': 175.0651557147667, 'hidden1': np.int64(136), 'hidden2': np.int64(32), 'decoder1': 1000.3332721749161, 'lr': np.float64(3.068678385558073e-05), 'dropout': 0.4286468367783858, 'weight_decay': np.float64(4.489325387107763e-06), 'alpha': 0.7421277030352429, 'beta': 1.3876733530230196, 'gamma': 1.271414925971427, 'gat_heads': np.int64(8), 'gt_heads': np.int64(16), 'fusion_heads': np.int64(2), 'batch': np.int64(25), 'moco_K': np.int64(2048), 'fusion_strategy': np.str_('transformer_multihead'), 'feature_type': np.str_('one_hot'), 'moco_type': np.str_('double_tau')}
2026-01-27 14:46:05,221 - TaskEvaluator_LDA - INFO - 开始评估参数组合: {'dimensions': 175.0651557147667, 'hidden1': np.int64(136), 'hidden2': np.int64(32), 'decoder1': 1000.3332721749161, 'lr': np.float64(3.068678385558073e-05), 'dropout': 0.4286468367783858, 'weight_decay': np.float64(4.489325387107763e-06), 'alpha': 0.7421277030352429, 'beta': 1.3876733530230196, 'gamma': 1.271414925971427, 'gat_heads': np.int64(8), 'gt_heads': np.int64(16), 'fusion_heads': np.int64(2), 'batch': np.int64(25), 'moco_K': np.int64(2048), 'fusion_strategy': np.str_('transformer_multihead'), 'feature_type': np.str_('one_hot'), 'moco_type': np.str_('double_tau')}
2026-01-27 14:46:05,222 - TaskEvaluator_LDA - INFO - 开始5折交叉验证
2026-01-27 14:46:05,226 - TaskEvaluator_LDA - WARNING - 未知参数: alpha
2026-01-27 14:46:05,226 - TaskEvaluator_LDA - WARNING - 未知参数: beta
2026-01-27 14:46:05,226 - TaskEvaluator_LDA - WARNING - 未知参数: gamma
2026-01-27 14:46:05,227 - TaskEvaluator_LDA - INFO - 执行第1折训练
2026-01-27 14:46:05,329 - TaskEvaluator_LDA - INFO - 第1折完成，AUROC: 0.7553
2026-01-27 14:46:05,330 - TaskEvaluator_LDA - INFO - 执行第2折训练
2026-01-27 14:46:05,431 - TaskEvaluator_LDA - INFO - 第2折完成，AUROC: 0.7574
2026-01-27 14:46:05,431 - TaskEvaluator_LDA - INFO - 执行第3折训练
2026-01-27 14:46:05,532 - TaskEvaluator_LDA - INFO - 第3折完成，AUROC: 0.7179
2026-01-27 14:46:05,533 - TaskEvaluator_LDA - INFO - 执行第4折训练
2026-01-27 14:46:05,634 - TaskEvaluator_LDA - INFO - 第4折完成，AUROC: 0.7352
2026-01-27 14:46:05,634 - TaskEvaluator_LDA - INFO - 执行第5折训练
2026-01-27 14:46:05,734 - TaskEvaluator_LDA - INFO - 第5折完成，AUROC: 0.7499
2026-01-27 14:46:05,735 - TaskEvaluator_LDA - INFO - 评估完成，AUROC: 0.7431±0.0148
2026-01-27 14:46:05,821 - BayesianOptimizer_LDA - INFO - 模型更新完成，帕累托前沿大小: 1
2026-01-27 14:46:05,822 - BayesianOptimizer_LDA - INFO - 第 3 次迭代完成，目标值: 0.743134, 帕累托前沿大小: 1, 耗时: 0.6s
2026-01-27 14:46:05,823 - BayesianOptimizer_LDA - INFO - 第 4 次迭代，评估参数: {'dimensions': 348.08217226784217, 'hidden1': np.int64(248), 'hidden2': np.int64(64), 'decoder1': 879.3800450633782, 'lr': np.float64(0.00033938025027627276), 'dropout': 0.3896698361988937, 'weight_decay': np.float64(0.00152916101646897), 'alpha': 1.2300345082476487, 'beta': 0.8762982891022933, 'gamma': 1.3754252356291157, 'gat_heads': np.int64(4), 'gt_heads': np.int64(16), 'fusion_heads': np.int64(16), 'batch': np.int64(64), 'moco_K': np.int64(1024), 'fusion_strategy': np.str_('hybrid'), 'feature_type': np.str_('one_hot'), 'moco_type': np.str_('double_tau')}
2026-01-27 14:46:05,824 - TaskEvaluator_LDA - INFO - 开始评估参数组合: {'dimensions': 348.08217226784217, 'hidden1': np.int64(248), 'hidden2': np.int64(64), 'decoder1': 879.3800450633782, 'lr': np.float64(0.00033938025027627276), 'dropout': 0.3896698361988937, 'weight_decay': np.float64(0.00152916101646897), 'alpha': 1.2300345082476487, 'beta': 0.8762982891022933, 'gamma': 1.3754252356291157, 'gat_heads': np.int64(4), 'gt_heads': np.int64(16), 'fusion_heads': np.int64(16), 'batch': np.int64(64), 'moco_K': np.int64(1024), 'fusion_strategy': np.str_('hybrid'), 'feature_type': np.str_('one_hot'), 'moco_type': np.str_('double_tau')}
2026-01-27 14:46:05,824 - TaskEvaluator_LDA - INFO - 开始5折交叉验证
2026-01-27 14:46:05,828 - TaskEvaluator_LDA - WARNING - 未知参数: alpha
2026-01-27 14:46:05,829 - TaskEvaluator_LDA - WARNING - 未知参数: beta
2026-01-27 14:46:05,829 - TaskEvaluator_LDA - WARNING - 未知参数: gamma
2026-01-27 14:46:05,830 - TaskEvaluator_LDA - INFO - 执行第1折训练
2026-01-27 14:46:05,931 - TaskEvaluator_LDA - INFO - 第1折完成，AUROC: 0.8818
2026-01-27 14:46:05,932 - TaskEvaluator_LDA - INFO - 执行第2折训练
2026-01-27 14:46:06,033 - TaskEvaluator_LDA - INFO - 第2折完成，AUROC: 0.8839
2026-01-27 14:46:06,033 - TaskEvaluator_LDA - INFO - 执行第3折训练
2026-01-27 14:46:06,134 - TaskEvaluator_LDA - INFO - 第3折完成，AUROC: 0.8445
2026-01-27 14:46:06,134 - TaskEvaluator_LDA - INFO - 执行第4折训练
2026-01-27 14:46:06,235 - TaskEvaluator_LDA - INFO - 第4折完成，AUROC: 0.8618
2026-01-27 14:46:06,235 - TaskEvaluator_LDA - INFO - 执行第5折训练
2026-01-27 14:46:06,336 - TaskEvaluator_LDA - INFO - 第5折完成，AUROC: 0.8764
2026-01-27 14:46:06,337 - TaskEvaluator_LDA - INFO - 评估完成，AUROC: 0.8697±0.0148
2026-01-27 14:46:06,417 - BayesianOptimizer_LDA - INFO - 模型更新完成，帕累托前沿大小: 1
2026-01-27 14:46:06,417 - BayesianOptimizer_LDA - INFO - 第 4 次迭代完成，目标值: 0.869668, 帕累托前沿大小: 1, 耗时: 0.6s
2026-01-27 14:46:06,419 - BayesianOptimizer_LDA - INFO - 第 5 次迭代，评估参数: {'dimensions': 475.75204224907986, 'hidden1': 204.22896297083798, 'hidden2': 106.19866232192459, 'decoder1': 733.5811703650302, 'lr': np.float64(0.006339941124769435), 'dropout': 0.042473393469388276, 'weight_decay': np.float64(0.00032879035333419537), 'alpha': 1.5735863183010976, 'beta': 1.0717426729960984, 'gamma': 1.5221646654587566, 'gat_heads': np.int64(4), 'gt_heads': np.int64(2), 'fusion_heads': np.int64(2), 'batch': np.int64(25), 'moco_K': np.int64(4096), 'fusion_strategy': np.str_('transformer_multihead'), 'feature_type': np.str_('one_hot'), 'moco_type': np.str_('basic')}
2026-01-27 14:46:06,419 - TaskEvaluator_LDA - INFO - 开始评估参数组合: {'dimensions': 475.75204224907986, 'hidden1': 204.22896297083798, 'hidden2': 106.19866232192459, 'decoder1': 733.5811703650302, 'lr': np.float64(0.006339941124769435), 'dropout': 0.042473393469388276, 'weight_decay': np.float64(0.00032879035333419537), 'alpha': 1.5735863183010976, 'beta': 1.0717426729960984, 'gamma': 1.5221646654587566, 'gat_heads': np.int64(4), 'gt_heads': np.int64(2), 'fusion_heads': np.int64(2), 'batch': np.int64(25), 'moco_K': np.int64(4096), 'fusion_strategy': np.str_('transformer_multihead'), 'feature_type': np.str_('one_hot'), 'moco_type': np.str_('basic')}
2026-01-27 14:46:06,419 - TaskEvaluator_LDA - INFO - 开始5折交叉验证
2026-01-27 14:46:06,423 - TaskEvaluator_LDA - WARNING - 未知参数: alpha
2026-01-27 14:46:06,424 - TaskEvaluator_LDA - WARNING - 未知参数: beta
2026-01-27 14:46:06,424 - TaskEvaluator_LDA - WARNING - 未知参数: gamma
2026-01-27 14:46:06,425 - TaskEvaluator_LDA - INFO - 执行第1折训练
2026-01-27 14:46:06,525 - TaskEvaluator_LDA - INFO - 第1折完成，AUROC: 0.8652
2026-01-27 14:46:06,526 - TaskEvaluator_LDA - INFO - 执行第2折训练
2026-01-27 14:46:06,627 - TaskEvaluator_LDA - INFO - 第2折完成，AUROC: 0.8672
2026-01-27 14:46:06,627 - TaskEvaluator_LDA - INFO - 执行第3折训练
2026-01-27 14:46:06,728 - TaskEvaluator_LDA - INFO - 第3折完成，AUROC: 0.8278
2026-01-27 14:46:06,728 - TaskEvaluator_LDA - INFO - 执行第4折训练
2026-01-27 14:46:06,829 - TaskEvaluator_LDA - INFO - 第4折完成，AUROC: 0.8451
2026-01-27 14:46:06,829 - TaskEvaluator_LDA - INFO - 执行第5折训练
2026-01-27 14:46:06,930 - TaskEvaluator_LDA - INFO - 第5折完成，AUROC: 0.8598
2026-01-27 14:46:06,931 - TaskEvaluator_LDA - INFO - 评估完成，AUROC: 0.8530±0.0148
2026-01-27 14:46:07,011 - BayesianOptimizer_LDA - INFO - 模型更新完成，帕累托前沿大小: 1
2026-01-27 14:46:07,012 - BayesianOptimizer_LDA - INFO - 第 5 次迭代完成，目标值: 0.853030, 帕累托前沿大小: 1, 耗时: 0.6s
2026-01-27 14:46:07,015 - StateManager - INFO - 状态保存成功: checkpoints\checkpoint_iter_0005_20260127_144607.pkl
2026-01-27 14:46:07,021 - StateManager - INFO - 清理旧检查点: checkpoint_iter_0002_20260127_144541.pkl
2026-01-27 14:46:07,021 - BayesianOptimizer_LDA - INFO - 检查点保存成功: checkpoints\checkpoint_iter_0005_20260127_144607.pkl
2026-01-27 14:46:07,068 - BayesianOptimizer_LDA - WARNING - 采集函数优化失败: 采集函数优化失败，所有重启都失败了
2026-01-27 14:46:07,069 - BayesianOptimizer_LDA - INFO - 使用回退参数建议策略
2026-01-27 14:46:07,069 - BayesianOptimizer_LDA - INFO - 第 6 次迭代，评估参数: {'dimensions': 168.34271802882427, 'hidden1': np.int64(152), 'hidden2': np.int64(80), 'decoder1': 449.294177986091, 'lr': np.float64(0.0033789516232156152), 'dropout': 0.003535730992896724, 'weight_decay': np.float64(5.301640397492563e-06), 'alpha': 1.3127577020212038, 'beta': 1.0096318080522866, 'gamma': 1.052167114040077, 'gat_heads': np.int64(8), 'gt_heads': np.int64(16), 'fusion_heads': np.int64(16), 'batch': np.int64(25), 'moco_K': np.int64(1024), 'fusion_strategy': np.str_('transformer_multihead'), 'feature_type': np.str_('one_hot'), 'moco_type': np.str_('double_tau')}
2026-01-27 14:46:07,069 - TaskEvaluator_LDA - INFO - 开始评估参数组合: {'dimensions': 168.34271802882427, 'hidden1': np.int64(152), 'hidden2': np.int64(80), 'decoder1': 449.294177986091, 'lr': np.float64(0.0033789516232156152), 'dropout': 0.003535730992896724, 'weight_decay': np.float64(5.301640397492563e-06), 'alpha': 1.3127577020212038, 'beta': 1.0096318080522866, 'gamma': 1.052167114040077, 'gat_heads': np.int64(8), 'gt_heads': np.int64(16), 'fusion_heads': np.int64(16), 'batch': np.int64(25), 'moco_K': np.int64(1024), 'fusion_strategy': np.str_('transformer_multihead'), 'feature_type': np.str_('one_hot'), 'moco_type': np.str_('double_tau')}
2026-01-27 14:46:07,070 - TaskEvaluator_LDA - INFO - 开始5折交叉验证
2026-01-27 14:46:07,073 - TaskEvaluator_LDA - WARNING - 未知参数: alpha
2026-01-27 14:46:07,073 - TaskEvaluator_LDA - WARNING - 未知参数: beta
2026-01-27 14:46:07,074 - TaskEvaluator_LDA - WARNING - 未知参数: gamma
2026-01-27 14:46:07,074 - TaskEvaluator_LDA - INFO - 执行第1折训练
2026-01-27 14:46:07,175 - TaskEvaluator_LDA - INFO - 第1折完成，AUROC: 0.8788
2026-01-27 14:46:07,175 - TaskEvaluator_LDA - INFO - 执行第2折训练
2026-01-27 14:46:07,276 - TaskEvaluator_LDA - INFO - 第2折完成，AUROC: 0.8809
2026-01-27 14:46:07,276 - TaskEvaluator_LDA - INFO - 执行第3折训练
2026-01-27 14:46:07,377 - TaskEvaluator_LDA - INFO - 第3折完成，AUROC: 0.8415
2026-01-27 14:46:07,377 - TaskEvaluator_LDA - INFO - 执行第4折训练
2026-01-27 14:46:07,478 - TaskEvaluator_LDA - INFO - 第4折完成，AUROC: 0.8588
2026-01-27 14:46:07,478 - TaskEvaluator_LDA - INFO - 执行第5折训练
2026-01-27 14:46:07,579 - TaskEvaluator_LDA - INFO - 第5折完成，AUROC: 0.8734
2026-01-27 14:46:07,580 - TaskEvaluator_LDA - INFO - 评估完成，AUROC: 0.8667±0.0148
2026-01-27 14:46:07,675 - BayesianOptimizer_LDA - INFO - 模型更新完成，帕累托前沿大小: 1
2026-01-27 14:46:07,675 - BayesianOptimizer_LDA - INFO - 第 6 次迭代完成，目标值: 0.866695, 帕累托前沿大小: 1, 耗时: 0.7s
2026-01-27 14:46:07,716 - BayesianOptimizer_LDA - WARNING - 采集函数优化失败: 采集函数优化失败，所有重启都失败了
2026-01-27 14:46:07,717 - BayesianOptimizer_LDA - INFO - 使用回退参数建议策略
2026-01-27 14:46:07,718 - BayesianOptimizer_LDA - INFO - 第 7 次迭代，评估参数: {'dimensions': 318.9511092761666, 'hidden1': 156.940684400766, 'hidden2': np.int64(48), 'decoder1': 455.2293655816419, 'lr': np.float64(3.304118136068977e-05), 'dropout': 0.2726006082695521, 'weight_decay': np.float64(6.205190114207399e-05), 'alpha': 0.46631918755778445, 'beta': 0.9809543246086485, 'gamma': 0.3506857187155267, 'gat_heads': np.int64(4), 'gt_heads': np.int64(8), 'fusion_heads': np.int64(4), 'batch': np.int64(64), 'moco_K': np.int64(8192), 'fusion_strategy': np.str_('hybrid'), 'feature_type': np.str_('normal'), 'moco_type': np.str_('basic')}
2026-01-27 14:46:07,719 - TaskEvaluator_LDA - INFO - 开始评估参数组合: {'dimensions': 318.9511092761666, 'hidden1': 156.940684400766, 'hidden2': np.int64(48), 'decoder1': 455.2293655816419, 'lr': np.float64(3.304118136068977e-05), 'dropout': 0.2726006082695521, 'weight_decay': np.float64(6.205190114207399e-05), 'alpha': 0.46631918755778445, 'beta': 0.9809543246086485, 'gamma': 0.3506857187155267, 'gat_heads': np.int64(4), 'gt_heads': np.int64(8), 'fusion_heads': np.int64(4), 'batch': np.int64(64), 'moco_K': np.int64(8192), 'fusion_strategy': np.str_('hybrid'), 'feature_type': np.str_('normal'), 'moco_type': np.str_('basic')}
2026-01-27 14:46:07,719 - TaskEvaluator_LDA - INFO - 开始5折交叉验证
2026-01-27 14:46:07,725 - TaskEvaluator_LDA - WARNING - 未知参数: alpha
2026-01-27 14:46:07,725 - TaskEvaluator_LDA - WARNING - 未知参数: beta
2026-01-27 14:46:07,726 - TaskEvaluator_LDA - WARNING - 未知参数: gamma
2026-01-27 14:46:07,726 - TaskEvaluator_LDA - INFO - 执行第1折训练
2026-01-27 14:46:07,827 - TaskEvaluator_LDA - INFO - 第1折完成，AUROC: 0.7553
2026-01-27 14:46:07,828 - TaskEvaluator_LDA - INFO - 执行第2折训练
2026-01-27 14:46:07,928 - TaskEvaluator_LDA - INFO - 第2折完成，AUROC: 0.7574
2026-01-27 14:46:07,929 - TaskEvaluator_LDA - INFO - 执行第3折训练
2026-01-27 14:46:08,030 - TaskEvaluator_LDA - INFO - 第3折完成，AUROC: 0.7179
2026-01-27 14:46:08,030 - TaskEvaluator_LDA - INFO - 执行第4折训练
2026-01-27 14:46:08,131 - TaskEvaluator_LDA - INFO - 第4折完成，AUROC: 0.7352
2026-01-27 14:46:08,131 - TaskEvaluator_LDA - INFO - 执行第5折训练
2026-01-27 14:46:08,232 - TaskEvaluator_LDA - INFO - 第5折完成，AUROC: 0.7499
2026-01-27 14:46:08,233 - TaskEvaluator_LDA - INFO - 评估完成，AUROC: 0.7431±0.0148
2026-01-27 14:46:08,311 - BayesianOptimizer_LDA - INFO - 模型更新完成，帕累托前沿大小: 1
2026-01-27 14:46:08,311 - BayesianOptimizer_LDA - INFO - 第 7 次迭代完成，目标值: 0.743134, 帕累托前沿大小: 1, 耗时: 0.6s
2026-01-27 14:46:08,355 - BayesianOptimizer_LDA - WARNING - 采集函数优化失败: 采集函数优化失败，所有重启都失败了
2026-01-27 14:46:08,355 - BayesianOptimizer_LDA - INFO - 使用回退参数建议策略
2026-01-27 14:46:08,356 - BayesianOptimizer_LDA - INFO - 第 8 次迭代，评估参数: {'dimensions': 166.33772236491816, 'hidden1': 102.29233721136933, 'hidden2': 58.492005592997245, 'decoder1': 776.4645169647902, 'lr': np.float64(0.000703995172200907), 'dropout': 0.23289365114810895, 'weight_decay': np.float64(6.392908550157251e-06), 'alpha': 0.8628268483947479, 'beta': 1.8941065119186908, 'gamma': 1.4056789066951578, 'gat_heads': np.int64(2), 'gt_heads': np.int64(2), 'fusion_heads': np.int64(2), 'batch': np.int64(32), 'moco_K': np.int64(1024), 'fusion_strategy': np.str_('transformer_multihead'), 'feature_type': np.str_('one_hot'), 'moco_type': np.str_('double_tau')}
2026-01-27 14:46:08,357 - TaskEvaluator_LDA - INFO - 开始评估参数组合: {'dimensions': 166.33772236491816, 'hidden1': 102.29233721136933, 'hidden2': 58.492005592997245, 'decoder1': 776.4645169647902, 'lr': np.float64(0.000703995172200907), 'dropout': 0.23289365114810895, 'weight_decay': np.float64(6.392908550157251e-06), 'alpha': 0.8628268483947479, 'beta': 1.8941065119186908, 'gamma': 1.4056789066951578, 'gat_heads': np.int64(2), 'gt_heads': np.int64(2), 'fusion_heads': np.int64(2), 'batch': np.int64(32), 'moco_K': np.int64(1024), 'fusion_strategy': np.str_('transformer_multihead'), 'feature_type': np.str_('one_hot'), 'moco_type': np.str_('double_tau')}
2026-01-27 14:46:08,357 - TaskEvaluator_LDA - INFO - 开始5折交叉验证
2026-01-27 14:46:08,361 - TaskEvaluator_LDA - WARNING - 未知参数: alpha
2026-01-27 14:46:08,361 - TaskEvaluator_LDA - WARNING - 未知参数: beta
2026-01-27 14:46:08,361 - TaskEvaluator_LDA - WARNING - 未知参数: gamma
2026-01-27 14:46:08,362 - TaskEvaluator_LDA - INFO - 执行第1折训练
2026-01-27 14:46:08,463 - TaskEvaluator_LDA - INFO - 第1折完成，AUROC: 0.8977
2026-01-27 14:46:08,463 - TaskEvaluator_LDA - INFO - 执行第2折训练
2026-01-27 14:46:08,564 - TaskEvaluator_LDA - INFO - 第2折完成，AUROC: 0.8997
2026-01-27 14:46:08,565 - TaskEvaluator_LDA - INFO - 执行第3折训练
2026-01-27 14:46:08,665 - TaskEvaluator_LDA - INFO - 第3折完成，AUROC: 0.8603
2026-01-27 14:46:08,666 - TaskEvaluator_LDA - INFO - 执行第4折训练
2026-01-27 14:46:08,766 - TaskEvaluator_LDA - INFO - 第4折完成，AUROC: 0.8776
2026-01-27 14:46:08,767 - TaskEvaluator_LDA - INFO - 执行第5折训练
2026-01-27 14:46:08,867 - TaskEvaluator_LDA - INFO - 第5折完成，AUROC: 0.8923
2026-01-27 14:46:08,868 - TaskEvaluator_LDA - INFO - 评估完成，AUROC: 0.8855±0.0148
2026-01-27 14:46:08,951 - BayesianOptimizer_LDA - INFO - 模型更新完成，帕累托前沿大小: 1
2026-01-27 14:46:08,951 - BayesianOptimizer_LDA - INFO - 第 8 次迭代完成，目标值: 0.885513, 帕累托前沿大小: 1, 耗时: 0.6s
2026-01-27 14:46:08,994 - BayesianOptimizer_LDA - WARNING - 采集函数优化失败: 采集函数优化失败，所有重启都失败了
2026-01-27 14:46:08,994 - BayesianOptimizer_LDA - INFO - 使用回退参数建议策略
2026-01-27 14:46:08,995 - BayesianOptimizer_LDA - INFO - 第 9 次迭代，评估参数: {'dimensions': 166.20255139231847, 'hidden1': 110.2347587579154, 'hidden2': 102.4720860654754, 'decoder1': 634.2072835907202, 'lr': np.float64(0.00620448973305458), 'dropout': 0.3091076146270796, 'weight_decay': np.float64(0.004057095555226038), 'alpha': 0.48299534572327274, 'beta': 0.9038454012835818, 'gamma': 1.3843393391924999, 'gat_heads': np.int64(2), 'gt_heads': np.int64(2), 'fusion_heads': np.int64(2), 'batch': np.int64(32), 'moco_K': np.int64(4096), 'fusion_strategy': np.str_('hybrid'), 'feature_type': np.str_('normal'), 'moco_type': np.str_('basic')}
2026-01-27 14:46:08,995 - TaskEvaluator_LDA - INFO - 开始评估参数组合: {'dimensions': 166.20255139231847, 'hidden1': 110.2347587579154, 'hidden2': 102.4720860654754, 'decoder1': 634.2072835907202, 'lr': np.float64(0.00620448973305458), 'dropout': 0.3091076146270796, 'weight_decay': np.float64(0.004057095555226038), 'alpha': 0.48299534572327274, 'beta': 0.9038454012835818, 'gamma': 1.3843393391924999, 'gat_heads': np.int64(2), 'gt_heads': np.int64(2), 'fusion_heads': np.int64(2), 'batch': np.int64(32), 'moco_K': np.int64(4096), 'fusion_strategy': np.str_('hybrid'), 'feature_type': np.str_('normal'), 'moco_type': np.str_('basic')}
2026-01-27 14:46:08,996 - TaskEvaluator_LDA - INFO - 开始5折交叉验证
2026-01-27 14:46:08,999 - TaskEvaluator_LDA - WARNING - 未知参数: alpha
2026-01-27 14:46:08,999 - TaskEvaluator_LDA - WARNING - 未知参数: beta
2026-01-27 14:46:09,000 - TaskEvaluator_LDA - WARNING - 未知参数: gamma
2026-01-27 14:46:09,000 - TaskEvaluator_LDA - INFO - 执行第1折训练
2026-01-27 14:46:09,101 - TaskEvaluator_LDA - INFO - 第1折完成，AUROC: 0.8656
2026-01-27 14:46:09,101 - TaskEvaluator_LDA - INFO - 执行第2折训练
2026-01-27 14:46:09,202 - TaskEvaluator_LDA - INFO - 第2折完成，AUROC: 0.8677
2026-01-27 14:46:09,203 - TaskEvaluator_LDA - INFO - 执行第3折训练
2026-01-27 14:46:09,304 - TaskEvaluator_LDA - INFO - 第3折完成，AUROC: 0.8283
2026-01-27 14:46:09,304 - TaskEvaluator_LDA - INFO - 执行第4折训练
2026-01-27 14:46:09,404 - TaskEvaluator_LDA - INFO - 第4折完成，AUROC: 0.8456
2026-01-27 14:46:09,405 - TaskEvaluator_LDA - INFO - 执行第5折训练
2026-01-27 14:46:09,506 - TaskEvaluator_LDA - INFO - 第5折完成，AUROC: 0.8602
2026-01-27 14:46:09,506 - TaskEvaluator_LDA - INFO - 评估完成，AUROC: 0.8535±0.0148
2026-01-27 14:46:09,595 - BayesianOptimizer_LDA - INFO - 模型更新完成，帕累托前沿大小: 1
2026-01-27 14:46:09,596 - BayesianOptimizer_LDA - INFO - 第 9 次迭代完成，目标值: 0.853499, 帕累托前沿大小: 1, 耗时: 0.6s
2026-01-27 14:46:09,635 - BayesianOptimizer_LDA - WARNING - 采集函数优化失败: 采集函数优化失败，所有重启都失败了
2026-01-27 14:46:09,636 - BayesianOptimizer_LDA - INFO - 使用回退参数建议策略
2026-01-27 14:46:09,636 - BayesianOptimizer_LDA - INFO - 第 10 次迭代，评估参数: {'dimensions': 280.23265236590055, 'hidden1': np.int64(172), 'hidden2': np.int64(64), 'decoder1': 787.6325744723497, 'lr': np.float64(9.986031761032107e-05), 'dropout': 0.3010607163411514, 'weight_decay': np.float64(1.3741190533890707e-05), 'alpha': 0.13783728581791999, 'beta': 1.8572130191384553, 'gamma': 1.5809008819498884, 'gat_heads': np.int64(4), 'gt_heads': np.int64(4), 'fusion_heads': np.int64(8), 'batch': np.int64(16), 'moco_K': np.int64(1024), 'fusion_strategy': np.str_('self_attention'), 'feature_type': np.str_('uniform'), 'moco_type': np.str_('double_tau')}
2026-01-27 14:46:09,637 - TaskEvaluator_LDA - INFO - 开始评估参数组合: {'dimensions': 280.23265236590055, 'hidden1': np.int64(172), 'hidden2': np.int64(64), 'decoder1': 787.6325744723497, 'lr': np.float64(9.986031761032107e-05), 'dropout': 0.3010607163411514, 'weight_decay': np.float64(1.3741190533890707e-05), 'alpha': 0.13783728581791999, 'beta': 1.8572130191384553, 'gamma': 1.5809008819498884, 'gat_heads': np.int64(4), 'gt_heads': np.int64(4), 'fusion_heads': np.int64(8), 'batch': np.int64(16), 'moco_K': np.int64(1024), 'fusion_strategy': np.str_('self_attention'), 'feature_type': np.str_('uniform'), 'moco_type': np.str_('double_tau')}
2026-01-27 14:46:09,637 - TaskEvaluator_LDA - INFO - 开始5折交叉验证
2026-01-27 14:46:09,641 - TaskEvaluator_LDA - WARNING - 未知参数: alpha
2026-01-27 14:46:09,641 - TaskEvaluator_LDA - WARNING - 未知参数: beta
2026-01-27 14:46:09,642 - TaskEvaluator_LDA - WARNING - 未知参数: gamma
2026-01-27 14:46:09,642 - TaskEvaluator_LDA - INFO - 执行第1折训练
2026-01-27 14:46:09,743 - TaskEvaluator_LDA - INFO - 第1折完成，AUROC: 0.7553
2026-01-27 14:46:09,744 - TaskEvaluator_LDA - INFO - 执行第2折训练
2026-01-27 14:46:09,844 - TaskEvaluator_LDA - INFO - 第2折完成，AUROC: 0.7574
2026-01-27 14:46:09,845 - TaskEvaluator_LDA - INFO - 执行第3折训练
2026-01-27 14:46:09,946 - TaskEvaluator_LDA - INFO - 第3折完成，AUROC: 0.7179
2026-01-27 14:46:09,946 - TaskEvaluator_LDA - INFO - 执行第4折训练
2026-01-27 14:46:10,047 - TaskEvaluator_LDA - INFO - 第4折完成，AUROC: 0.7352
2026-01-27 14:46:10,047 - TaskEvaluator_LDA - INFO - 执行第5折训练
2026-01-27 14:46:10,148 - TaskEvaluator_LDA - INFO - 第5折完成，AUROC: 0.7499
2026-01-27 14:46:10,148 - TaskEvaluator_LDA - INFO - 评估完成，AUROC: 0.7431±0.0148
2026-01-27 14:46:10,230 - BayesianOptimizer_LDA - INFO - 模型更新完成，帕累托前沿大小: 1
2026-01-27 14:46:10,230 - BayesianOptimizer_LDA - INFO - 第 10 次迭代完成，目标值: 0.743134, 帕累托前沿大小: 1, 耗时: 0.6s
2026-01-27 14:46:10,235 - StateManager - INFO - 状态保存成功: checkpoints\checkpoint_iter_0010_20260127_144610.pkl
2026-01-27 14:46:10,241 - StateManager - INFO - 清理旧检查点: checkpoint_iter_0002_20260127_140611.pkl
2026-01-27 14:46:10,241 - BayesianOptimizer_LDA - INFO - 检查点保存成功: checkpoints\checkpoint_iter_0010_20260127_144610.pkl
2026-01-27 14:46:10,283 - BayesianOptimizer_LDA - WARNING - 采集函数优化失败: 采集函数优化失败，所有重启都失败了
2026-01-27 14:46:10,284 - BayesianOptimizer_LDA - INFO - 使用回退参数建议策略
2026-01-27 14:46:10,285 - BayesianOptimizer_LDA - INFO - 第 11 次迭代，评估参数: {'dimensions': 388.09282568444956, 'hidden1': 74.96714084020815, 'hidden2': np.int64(32), 'decoder1': 289.9233864748321, 'lr': np.float64(0.00013008297363143438), 'dropout': 0.43369588264793063, 'weight_decay': np.float64(4.04265383632949e-05), 'alpha': 0.698557039360843, 'beta': 0.9119473929788383, 'gamma': 1.2107509229166433, 'gat_heads': np.int64(2), 'gt_heads': np.int64(16), 'fusion_heads': np.int64(4), 'batch': np.int64(32), 'moco_K': np.int64(2048), 'fusion_strategy': np.str_('self_attention'), 'feature_type': np.str_('one_hot'), 'moco_type': np.str_('double_tau')}
2026-01-27 14:46:10,285 - TaskEvaluator_LDA - INFO - 开始评估参数组合: {'dimensions': 388.09282568444956, 'hidden1': 74.96714084020815, 'hidden2': np.int64(32), 'decoder1': 289.9233864748321, 'lr': np.float64(0.00013008297363143438), 'dropout': 0.43369588264793063, 'weight_decay': np.float64(4.04265383632949e-05), 'alpha': 0.698557039360843, 'beta': 0.9119473929788383, 'gamma': 1.2107509229166433, 'gat_heads': np.int64(2), 'gt_heads': np.int64(16), 'fusion_heads': np.int64(4), 'batch': np.int64(32), 'moco_K': np.int64(2048), 'fusion_strategy': np.str_('self_attention'), 'feature_type': np.str_('one_hot'), 'moco_type': np.str_('double_tau')}
2026-01-27 14:46:10,286 - TaskEvaluator_LDA - INFO - 开始5折交叉验证
2026-01-27 14:46:10,290 - TaskEvaluator_LDA - WARNING - 未知参数: alpha
2026-01-27 14:46:10,290 - TaskEvaluator_LDA - WARNING - 未知参数: beta
2026-01-27 14:46:10,291 - TaskEvaluator_LDA - WARNING - 未知参数: gamma
2026-01-27 14:46:10,291 - TaskEvaluator_LDA - INFO - 执行第1折训练
2026-01-27 14:46:10,392 - TaskEvaluator_LDA - INFO - 第1折完成，AUROC: 0.8610
2026-01-27 14:46:10,392 - TaskEvaluator_LDA - INFO - 执行第2折训练
2026-01-27 14:46:10,493 - TaskEvaluator_LDA - INFO - 第2折完成，AUROC: 0.8631
2026-01-27 14:46:10,493 - TaskEvaluator_LDA - INFO - 执行第3折训练
2026-01-27 14:46:10,594 - TaskEvaluator_LDA - INFO - 第3折完成，AUROC: 0.8236
2026-01-27 14:46:10,595 - TaskEvaluator_LDA - INFO - 执行第4折训练
2026-01-27 14:46:10,695 - TaskEvaluator_LDA - INFO - 第4折完成，AUROC: 0.8409
2026-01-27 14:46:10,696 - TaskEvaluator_LDA - INFO - 执行第5折训练
2026-01-27 14:46:10,796 - TaskEvaluator_LDA - INFO - 第5折完成，AUROC: 0.8556
2026-01-27 14:46:10,797 - TaskEvaluator_LDA - INFO - 评估完成，AUROC: 0.8488±0.0148
2026-01-27 14:46:10,877 - BayesianOptimizer_LDA - INFO - 模型更新完成，帕累托前沿大小: 1
2026-01-27 14:46:10,877 - BayesianOptimizer_LDA - INFO - 第 11 次迭代完成，目标值: 0.848845, 帕累托前沿大小: 1, 耗时: 0.6s
2026-01-27 14:46:10,926 - BayesianOptimizer_LDA - WARNING - 采集函数优化失败: 采集函数优化失败，所有重启都失败了
2026-01-27 14:46:10,927 - BayesianOptimizer_LDA - INFO - 使用回退参数建议策略
2026-01-27 14:46:10,927 - BayesianOptimizer_LDA - INFO - 第 12 次迭代，评估参数: {'dimensions': 335.11075164358243, 'hidden1': 212.1981984371149, 'hidden2': 106.26640782385576, 'decoder1': 393.5042252347061, 'lr': np.float64(4.719995571849455e-05), 'dropout': 0.29301143307610716, 'weight_decay': np.float64(0.0001072482290354676), 'alpha': 1.41702042393531, 'beta': 0.715452936620661, 'gamma': 0.45855111107328583, 'gat_heads': np.int64(2), 'gt_heads': np.int64(2), 'fusion_heads': np.int64(2), 'batch': np.int64(16), 'moco_K': np.int64(1024), 'fusion_strategy': np.str_('transformer_multihead'), 'feature_type': np.str_('normal'), 'moco_type': np.str_('double_tau')}
2026-01-27 14:46:10,928 - TaskEvaluator_LDA - INFO - 开始评估参数组合: {'dimensions': 335.11075164358243, 'hidden1': 212.1981984371149, 'hidden2': 106.26640782385576, 'decoder1': 393.5042252347061, 'lr': np.float64(4.719995571849455e-05), 'dropout': 0.29301143307610716, 'weight_decay': np.float64(0.0001072482290354676), 'alpha': 1.41702042393531, 'beta': 0.715452936620661, 'gamma': 0.45855111107328583, 'gat_heads': np.int64(2), 'gt_heads': np.int64(2), 'fusion_heads': np.int64(2), 'batch': np.int64(16), 'moco_K': np.int64(1024), 'fusion_strategy': np.str_('transformer_multihead'), 'feature_type': np.str_('normal'), 'moco_type': np.str_('double_tau')}
2026-01-27 14:46:10,928 - TaskEvaluator_LDA - INFO - 开始5折交叉验证
2026-01-27 14:46:10,932 - TaskEvaluator_LDA - WARNING - 未知参数: alpha
2026-01-27 14:46:10,932 - TaskEvaluator_LDA - WARNING - 未知参数: beta
2026-01-27 14:46:10,933 - TaskEvaluator_LDA - WARNING - 未知参数: gamma
2026-01-27 14:46:10,933 - TaskEvaluator_LDA - INFO - 执行第1折训练
2026-01-27 14:46:11,034 - TaskEvaluator_LDA - INFO - 第1折完成，AUROC: 0.7553
2026-01-27 14:46:11,034 - TaskEvaluator_LDA - INFO - 执行第2折训练
2026-01-27 14:46:11,135 - TaskEvaluator_LDA - INFO - 第2折完成，AUROC: 0.7574
2026-01-27 14:46:11,136 - TaskEvaluator_LDA - INFO - 执行第3折训练
2026-01-27 14:46:11,237 - TaskEvaluator_LDA - INFO - 第3折完成，AUROC: 0.7179
2026-01-27 14:46:11,237 - TaskEvaluator_LDA - INFO - 执行第4折训练
2026-01-27 14:46:11,338 - TaskEvaluator_LDA - INFO - 第4折完成，AUROC: 0.7352
2026-01-27 14:46:11,339 - TaskEvaluator_LDA - INFO - 执行第5折训练
2026-01-27 14:46:11,440 - TaskEvaluator_LDA - INFO - 第5折完成，AUROC: 0.7499
2026-01-27 14:46:11,441 - TaskEvaluator_LDA - INFO - 评估完成，AUROC: 0.7431±0.0148
2026-01-27 14:46:11,514 - BayesianOptimizer_LDA - INFO - 模型更新完成，帕累托前沿大小: 1
2026-01-27 14:46:11,515 - BayesianOptimizer_LDA - INFO - 第 12 次迭代完成，目标值: 0.743134, 帕累托前沿大小: 1, 耗时: 0.6s
2026-01-27 14:46:11,556 - BayesianOptimizer_LDA - WARNING - 采集函数优化失败: 采集函数优化失败，所有重启都失败了
2026-01-27 14:46:11,556 - BayesianOptimizer_LDA - INFO - 使用回退参数建议策略
2026-01-27 14:46:11,557 - BayesianOptimizer_LDA - INFO - 第 13 次迭代，评估参数: {'dimensions': 227.1118840841673, 'hidden1': 76.72477128247372, 'hidden2': 74.35199908392977, 'decoder1': 328.2072004636426, 'lr': np.float64(0.0005227841819014735), 'dropout': 0.0793957233474728, 'weight_decay': np.float64(5.073581147524308e-06), 'alpha': 0.512795897569298, 'beta': 0.7894202332606383, 'gamma': 1.9589544835059076, 'gat_heads': np.int64(4), 'gt_heads': np.int64(2), 'fusion_heads': np.int64(2), 'batch': np.int64(32), 'moco_K': np.int64(1024), 'fusion_strategy': np.str_('co_attention'), 'feature_type': np.str_('normal'), 'moco_type': np.str_('basic')}
2026-01-27 14:46:11,557 - TaskEvaluator_LDA - INFO - 开始评估参数组合: {'dimensions': 227.1118840841673, 'hidden1': 76.72477128247372, 'hidden2': 74.35199908392977, 'decoder1': 328.2072004636426, 'lr': np.float64(0.0005227841819014735), 'dropout': 0.0793957233474728, 'weight_decay': np.float64(5.073581147524308e-06), 'alpha': 0.512795897569298, 'beta': 0.7894202332606383, 'gamma': 1.9589544835059076, 'gat_heads': np.int64(4), 'gt_heads': np.int64(2), 'fusion_heads': np.int64(2), 'batch': np.int64(32), 'moco_K': np.int64(1024), 'fusion_strategy': np.str_('co_attention'), 'feature_type': np.str_('normal'), 'moco_type': np.str_('basic')}
2026-01-27 14:46:11,557 - TaskEvaluator_LDA - INFO - 开始5折交叉验证
2026-01-27 14:46:11,562 - TaskEvaluator_LDA - WARNING - 未知参数: alpha
2026-01-27 14:46:11,562 - TaskEvaluator_LDA - WARNING - 未知参数: beta
2026-01-27 14:46:11,562 - TaskEvaluator_LDA - WARNING - 未知参数: gamma
2026-01-27 14:46:11,563 - TaskEvaluator_LDA - INFO - 执行第1折训练
2026-01-27 14:46:11,664 - TaskEvaluator_LDA - INFO - 第1折完成，AUROC: 0.8912
2026-01-27 14:46:11,664 - TaskEvaluator_LDA - INFO - 执行第2折训练
2026-01-27 14:46:11,765 - TaskEvaluator_LDA - INFO - 第2折完成，AUROC: 0.8933
2026-01-27 14:46:11,765 - TaskEvaluator_LDA - INFO - 执行第3折训练
2026-01-27 14:46:11,866 - TaskEvaluator_LDA - INFO - 第3折完成，AUROC: 0.8539
2026-01-27 14:46:11,867 - TaskEvaluator_LDA - INFO - 执行第4折训练
2026-01-27 14:46:11,968 - TaskEvaluator_LDA - INFO - 第4折完成，AUROC: 0.8711
2026-01-27 14:46:11,968 - TaskEvaluator_LDA - INFO - 执行第5折训练
2026-01-27 14:46:12,069 - TaskEvaluator_LDA - INFO - 第5折完成，AUROC: 0.8858
2026-01-27 14:46:12,070 - TaskEvaluator_LDA - INFO - 评估完成，AUROC: 0.8791±0.0148
2026-01-27 14:46:12,148 - BayesianOptimizer_LDA - INFO - 模型更新完成，帕累托前沿大小: 1
2026-01-27 14:46:12,149 - BayesianOptimizer_LDA - INFO - 第 13 次迭代完成，目标值: 0.879050, 帕累托前沿大小: 1, 耗时: 0.6s
2026-01-27 14:46:12,196 - BayesianOptimizer_LDA - WARNING - 采集函数优化失败: 采集函数优化失败，所有重启都失败了
2026-01-27 14:46:12,196 - BayesianOptimizer_LDA - INFO - 使用回退参数建议策略
2026-01-27 14:46:12,197 - BayesianOptimizer_LDA - INFO - 第 14 次迭代，评估参数: {'dimensions': 403.92080021575373, 'hidden1': np.int64(128), 'hidden2': 98.49856871338004, 'decoder1': 839.6691502115941, 'lr': np.float64(7.395960542291724e-05), 'dropout': 0.3343645234771046, 'weight_decay': np.float64(3.527724367571572e-06), 'alpha': 1.5972775039023617, 'beta': 0.300714078969163, 'gamma': 1.1356363135801033, 'gat_heads': np.int64(16), 'gt_heads': np.int64(2), 'fusion_heads': np.int64(2), 'batch': np.int64(16), 'moco_K': np.int64(4096), 'fusion_strategy': np.str_('co_attention'), 'feature_type': np.str_('one_hot'), 'moco_type': np.str_('double_tau')}
2026-01-27 14:46:12,197 - TaskEvaluator_LDA - INFO - 开始评估参数组合: {'dimensions': 403.92080021575373, 'hidden1': np.int64(128), 'hidden2': 98.49856871338004, 'decoder1': 839.6691502115941, 'lr': np.float64(7.395960542291724e-05), 'dropout': 0.3343645234771046, 'weight_decay': np.float64(3.527724367571572e-06), 'alpha': 1.5972775039023617, 'beta': 0.300714078969163, 'gamma': 1.1356363135801033, 'gat_heads': np.int64(16), 'gt_heads': np.int64(2), 'fusion_heads': np.int64(2), 'batch': np.int64(16), 'moco_K': np.int64(4096), 'fusion_strategy': np.str_('co_attention'), 'feature_type': np.str_('one_hot'), 'moco_type': np.str_('double_tau')}
2026-01-27 14:46:12,198 - TaskEvaluator_LDA - INFO - 开始5折交叉验证
2026-01-27 14:46:12,201 - TaskEvaluator_LDA - WARNING - 未知参数: alpha
2026-01-27 14:46:12,201 - TaskEvaluator_LDA - WARNING - 未知参数: beta
2026-01-27 14:46:12,202 - TaskEvaluator_LDA - WARNING - 未知参数: gamma
2026-01-27 14:46:12,203 - TaskEvaluator_LDA - INFO - 执行第1折训练
2026-01-27 14:46:12,304 - TaskEvaluator_LDA - INFO - 第1折完成，AUROC: 0.7553
2026-01-27 14:46:12,304 - TaskEvaluator_LDA - INFO - 执行第2折训练
2026-01-27 14:46:12,405 - TaskEvaluator_LDA - INFO - 第2折完成，AUROC: 0.7574
2026-01-27 14:46:12,406 - TaskEvaluator_LDA - INFO - 执行第3折训练
2026-01-27 14:46:12,507 - TaskEvaluator_LDA - INFO - 第3折完成，AUROC: 0.7179
2026-01-27 14:46:12,507 - TaskEvaluator_LDA - INFO - 执行第4折训练
2026-01-27 14:46:12,608 - TaskEvaluator_LDA - INFO - 第4折完成，AUROC: 0.7352
2026-01-27 14:46:12,609 - TaskEvaluator_LDA - INFO - 执行第5折训练
2026-01-27 14:46:12,710 - TaskEvaluator_LDA - INFO - 第5折完成，AUROC: 0.7499
2026-01-27 14:46:12,711 - TaskEvaluator_LDA - INFO - 评估完成，AUROC: 0.7431±0.0148
2026-01-27 14:46:12,818 - BayesianOptimizer_LDA - INFO - 模型更新完成，帕累托前沿大小: 1
2026-01-27 14:46:12,819 - BayesianOptimizer_LDA - INFO - 第 14 次迭代完成，目标值: 0.743134, 帕累托前沿大小: 1, 耗时: 0.7s
2026-01-27 14:46:12,863 - BayesianOptimizer_LDA - WARNING - 采集函数优化失败: 采集函数优化失败，所有重启都失败了
2026-01-27 14:46:12,864 - BayesianOptimizer_LDA - INFO - 使用回退参数建议策略
2026-01-27 14:46:12,864 - BayesianOptimizer_LDA - INFO - 第 15 次迭代，评估参数: {'dimensions': 153.98431214126617, 'hidden1': np.int64(106), 'hidden2': 52.887935904560166, 'decoder1': 342.26042234814554, 'lr': np.float64(8.472705523986344e-05), 'dropout': 0.08473824080984421, 'weight_decay': np.float64(1.455262005404593e-05), 'alpha': 0.42646394149613276, 'beta': 0.7729938681008265, 'gamma': 1.1730596302111536, 'gat_heads': np.int64(2), 'gt_heads': np.int64(4), 'fusion_heads': np.int64(2), 'batch': np.int64(32), 'moco_K': np.int64(2048), 'fusion_strategy': np.str_('self_attention'), 'feature_type': np.str_('uniform'), 'moco_type': np.str_('double_tau')}
2026-01-27 14:46:12,865 - TaskEvaluator_LDA - INFO - 开始评估参数组合: {'dimensions': 153.98431214126617, 'hidden1': np.int64(106), 'hidden2': 52.887935904560166, 'decoder1': 342.26042234814554, 'lr': np.float64(8.472705523986344e-05), 'dropout': 0.08473824080984421, 'weight_decay': np.float64(1.455262005404593e-05), 'alpha': 0.42646394149613276, 'beta': 0.7729938681008265, 'gamma': 1.1730596302111536, 'gat_heads': np.int64(2), 'gt_heads': np.int64(4), 'fusion_heads': np.int64(2), 'batch': np.int64(32), 'moco_K': np.int64(2048), 'fusion_strategy': np.str_('self_attention'), 'feature_type': np.str_('uniform'), 'moco_type': np.str_('double_tau')}
2026-01-27 14:46:12,865 - TaskEvaluator_LDA - INFO - 开始5折交叉验证
2026-01-27 14:46:12,868 - TaskEvaluator_LDA - WARNING - 未知参数: alpha
2026-01-27 14:46:12,869 - TaskEvaluator_LDA - WARNING - 未知参数: beta
2026-01-27 14:46:12,869 - TaskEvaluator_LDA - WARNING - 未知参数: gamma
2026-01-27 14:46:12,870 - TaskEvaluator_LDA - INFO - 执行第1折训练
2026-01-27 14:46:12,971 - TaskEvaluator_LDA - INFO - 第1折完成，AUROC: 0.7553
2026-01-27 14:46:12,971 - TaskEvaluator_LDA - INFO - 执行第2折训练
2026-01-27 14:46:13,072 - TaskEvaluator_LDA - INFO - 第2折完成，AUROC: 0.7574
2026-01-27 14:46:13,072 - TaskEvaluator_LDA - INFO - 执行第3折训练
2026-01-27 14:46:13,173 - TaskEvaluator_LDA - INFO - 第3折完成，AUROC: 0.7179
2026-01-27 14:46:13,173 - TaskEvaluator_LDA - INFO - 执行第4折训练
2026-01-27 14:46:13,274 - TaskEvaluator_LDA - INFO - 第4折完成，AUROC: 0.7352
2026-01-27 14:46:13,275 - TaskEvaluator_LDA - INFO - 执行第5折训练
2026-01-27 14:46:13,376 - TaskEvaluator_LDA - INFO - 第5折完成，AUROC: 0.7499
2026-01-27 14:46:13,377 - TaskEvaluator_LDA - INFO - 评估完成，AUROC: 0.7431±0.0148
2026-01-27 14:46:13,469 - BayesianOptimizer_LDA - INFO - 模型更新完成，帕累托前沿大小: 1
2026-01-27 14:46:13,469 - BayesianOptimizer_LDA - INFO - 第 15 次迭代完成，目标值: 0.743134, 帕累托前沿大小: 1, 耗时: 0.6s
2026-01-27 14:46:13,476 - StateManager - INFO - 状态保存成功: checkpoints\checkpoint_iter_0015_20260127_144613.pkl
2026-01-27 14:46:13,482 - StateManager - INFO - 清理旧检查点: checkpoint_iter_0004_20260127_144545.pkl
2026-01-27 14:46:13,483 - BayesianOptimizer_LDA - INFO - 检查点保存成功: checkpoints\checkpoint_iter_0015_20260127_144613.pkl
2026-01-27 14:46:13,489 - StateManager - INFO - 状态保存成功: checkpoints\checkpoint_iter_0015_20260127_144613.pkl
2026-01-27 14:46:13,494 - BayesianOptimizer_LDA - INFO - 检查点保存成功: checkpoints\checkpoint_iter_0015_20260127_144613.pkl
2026-01-27 14:46:13,494 - TaskEvaluator_LDA - INFO - TaskEvaluator资源清理完成
2026-01-27 14:46:13,495 - BayesianOptimizer_LDA - INFO - 优化完成，总迭代次数: 15
2026-01-27 14:46:13,495 - BayesianOptimizer_LDA - INFO - 最佳目标值: 0.885513
2026-01-27 14:46:13,495 - BayesianOptimizer_LDA - INFO - 总耗时: 9.3 秒
2026-01-27 14:46:13,497 - TaskEvaluator_LDA - INFO - TaskEvaluator初始化完成，任务类型: LDA, 设备: cpu
2026-01-27 14:46:13,497 - TaskEvaluator_LDA - WARNING - 使用CPU模式，仅用于测试目的
2026-01-27 14:46:13,497 - StateManager - INFO - StateManager初始化完成，检查点目录: checkpoints
2026-01-27 14:46:13,497 - BayesianOptimizer_LDA - INFO - BayesianOptimizer初始化完成，任务类型: LDA
2026-01-27 14:46:13,498 - BayesianOptimizer_LDA - INFO - 参数空间包含 18 个参数
2026-01-27 14:46:13,498 - BayesianOptimizer_LDA - INFO - 采集函数: EI
2026-01-27 14:46:13,498 - BayesianOptimizer_LDA - INFO - 初始采样点数: 3
2026-01-27 14:46:13,498 - BayesianOptimizer_LDA - INFO - 初始化贝叶斯优化器...
2026-01-27 14:46:13,498 - BayesianOptimizer_LDA - INFO - 优化器初始化完成
2026-01-27 14:46:13,498 - BayesianOptimizer_LDA - INFO - 开始贝叶斯优化，最大迭代次数: 8
2026-01-27 14:46:13,499 - BayesianOptimizer_LDA - INFO - 第 1 次迭代，评估参数: {'dimensions': 425.1991226454899, 'hidden1': np.int64(148), 'hidden2': np.int64(48), 'decoder1': 791.5786463175915, 'lr': np.float64(1.916602470698173e-05), 'dropout': 0.48781117581837796, 'weight_decay': np.float64(4.3646845600015046e-05), 'alpha': 1.5935221800262123, 'beta': 0.3434159020835371, 'gamma': 0.9557332820015775, 'gat_heads': np.int64(2), 'gt_heads': np.int64(8), 'fusion_heads': np.int64(16), 'batch': np.int64(64), 'moco_K': np.int64(8192), 'fusion_strategy': np.str_('hybrid'), 'feature_type': np.str_('uniform'), 'moco_type': np.str_('double_tau')}
2026-01-27 14:46:13,499 - TaskEvaluator_LDA - INFO - 开始评估参数组合: {'dimensions': 425.1991226454899, 'hidden1': np.int64(148), 'hidden2': np.int64(48), 'decoder1': 791.5786463175915, 'lr': np.float64(1.916602470698173e-05), 'dropout': 0.48781117581837796, 'weight_decay': np.float64(4.3646845600015046e-05), 'alpha': 1.5935221800262123, 'beta': 0.3434159020835371, 'gamma': 0.9557332820015775, 'gat_heads': np.int64(2), 'gt_heads': np.int64(8), 'fusion_heads': np.int64(16), 'batch': np.int64(64), 'moco_K': np.int64(8192), 'fusion_strategy': np.str_('hybrid'), 'feature_type': np.str_('uniform'), 'moco_type': np.str_('double_tau')}
2026-01-27 14:46:13,499 - TaskEvaluator_LDA - INFO - 开始5折交叉验证
2026-01-27 14:46:13,502 - TaskEvaluator_LDA - WARNING - 未知参数: alpha
2026-01-27 14:46:13,503 - TaskEvaluator_LDA - WARNING - 未知参数: beta
2026-01-27 14:46:13,503 - TaskEvaluator_LDA - WARNING - 未知参数: gamma
2026-01-27 14:46:13,503 - TaskEvaluator_LDA - INFO - 执行第1折训练
2026-01-27 14:46:13,604 - TaskEvaluator_LDA - INFO - 第1折完成，AUROC: 0.7553
2026-01-27 14:46:13,605 - TaskEvaluator_LDA - INFO - 执行第2折训练
2026-01-27 14:46:13,705 - TaskEvaluator_LDA - INFO - 第2折完成，AUROC: 0.7574
2026-01-27 14:46:13,706 - TaskEvaluator_LDA - INFO - 执行第3折训练
2026-01-27 14:46:13,806 - TaskEvaluator_LDA - INFO - 第3折完成，AUROC: 0.7179
2026-01-27 14:46:13,807 - TaskEvaluator_LDA - INFO - 执行第4折训练
2026-01-27 14:46:13,908 - TaskEvaluator_LDA - INFO - 第4折完成，AUROC: 0.7352
2026-01-27 14:46:13,908 - TaskEvaluator_LDA - INFO - 执行第5折训练
2026-01-27 14:46:14,009 - TaskEvaluator_LDA - INFO - 第5折完成，AUROC: 0.7499
2026-01-27 14:46:14,010 - TaskEvaluator_LDA - INFO - 评估完成，AUROC: 0.7431±0.0148
2026-01-27 14:46:14,010 - BayesianOptimizer_LDA - INFO - 模型更新完成，帕累托前沿大小: 1
2026-01-27 14:46:14,010 - BayesianOptimizer_LDA - INFO - 第 1 次迭代完成，目标值: 0.743134, 帕累托前沿大小: 1, 耗时: 0.5s
2026-01-27 14:46:14,012 - BayesianOptimizer_LDA - INFO - 第 2 次迭代，评估参数: {'dimensions': 378.4829168771497, 'hidden1': np.int64(144), 'hidden2': 32.391461598654914, 'decoder1': 900.5152633684711, 'lr': np.float64(0.0005773366697718479), 'dropout': 0.11235261510181221, 'weight_decay': np.float64(0.0010166444339727277), 'alpha': 0.6010151752089119, 'beta': 0.8979580284609092, 'gamma': 0.9569596353021068, 'gat_heads': np.int64(4), 'gt_heads': np.int64(4), 'fusion_heads': np.int64(8), 'batch': np.int64(64), 'moco_K': np.int64(1024), 'fusion_strategy': np.str_('co_attention'), 'feature_type': np.str_('one_hot'), 'moco_type': np.str_('basic')}
2026-01-27 14:46:14,012 - TaskEvaluator_LDA - INFO - 开始评估参数组合: {'dimensions': 378.4829168771497, 'hidden1': np.int64(144), 'hidden2': 32.391461598654914, 'decoder1': 900.5152633684711, 'lr': np.float64(0.0005773366697718479), 'dropout': 0.11235261510181221, 'weight_decay': np.float64(0.0010166444339727277), 'alpha': 0.6010151752089119, 'beta': 0.8979580284609092, 'gamma': 0.9569596353021068, 'gat_heads': np.int64(4), 'gt_heads': np.int64(4), 'fusion_heads': np.int64(8), 'batch': np.int64(64), 'moco_K': np.int64(1024), 'fusion_strategy': np.str_('co_attention'), 'feature_type': np.str_('one_hot'), 'moco_type': np.str_('basic')}
2026-01-27 14:46:14,013 - TaskEvaluator_LDA - INFO - 开始5折交叉验证
2026-01-27 14:46:14,016 - TaskEvaluator_LDA - WARNING - 未知参数: alpha
2026-01-27 14:46:14,016 - TaskEvaluator_LDA - WARNING - 未知参数: beta
2026-01-27 14:46:14,016 - TaskEvaluator_LDA - WARNING - 未知参数: gamma
2026-01-27 14:46:14,017 - TaskEvaluator_LDA - INFO - 执行第1折训练
2026-01-27 14:46:14,118 - TaskEvaluator_LDA - INFO - 第1折完成，AUROC: 0.8934
2026-01-27 14:46:14,119 - TaskEvaluator_LDA - INFO - 执行第2折训练
2026-01-27 14:46:14,220 - TaskEvaluator_LDA - INFO - 第2折完成，AUROC: 0.8954
2026-01-27 14:46:14,221 - TaskEvaluator_LDA - INFO - 执行第3折训练
2026-01-27 14:46:14,322 - TaskEvaluator_LDA - INFO - 第3折完成，AUROC: 0.8560
2026-01-27 14:46:14,322 - TaskEvaluator_LDA - INFO - 执行第4折训练
2026-01-27 14:46:14,423 - TaskEvaluator_LDA - INFO - 第4折完成，AUROC: 0.8733
2026-01-27 14:46:14,423 - TaskEvaluator_LDA - INFO - 执行第5折训练
2026-01-27 14:46:14,524 - TaskEvaluator_LDA - INFO - 第5折完成，AUROC: 0.8880
2026-01-27 14:46:14,525 - TaskEvaluator_LDA - INFO - 评估完成，AUROC: 0.8812±0.0148
2026-01-27 14:46:14,604 - BayesianOptimizer_LDA - INFO - 模型更新完成，帕累托前沿大小: 1
2026-01-27 14:46:14,605 - BayesianOptimizer_LDA - INFO - 第 2 次迭代完成，目标值: 0.881205, 帕累托前沿大小: 1, 耗时: 0.6s
2026-01-27 14:46:14,606 - BayesianOptimizer_LDA - INFO - 第 3 次迭代，评估参数: {'dimensions': 175.0651557147667, 'hidden1': np.int64(136), 'hidden2': np.int64(32), 'decoder1': 1000.3332721749161, 'lr': np.float64(3.068678385558073e-05), 'dropout': 0.4286468367783858, 'weight_decay': np.float64(4.489325387107763e-06), 'alpha': 0.7421277030352429, 'beta': 1.3876733530230196, 'gamma': 1.271414925971427, 'gat_heads': np.int64(8), 'gt_heads': np.int64(16), 'fusion_heads': np.int64(2), 'batch': np.int64(25), 'moco_K': np.int64(2048), 'fusion_strategy': np.str_('transformer_multihead'), 'feature_type': np.str_('one_hot'), 'moco_type': np.str_('double_tau')}
2026-01-27 14:46:14,606 - TaskEvaluator_LDA - INFO - 开始评估参数组合: {'dimensions': 175.0651557147667, 'hidden1': np.int64(136), 'hidden2': np.int64(32), 'decoder1': 1000.3332721749161, 'lr': np.float64(3.068678385558073e-05), 'dropout': 0.4286468367783858, 'weight_decay': np.float64(4.489325387107763e-06), 'alpha': 0.7421277030352429, 'beta': 1.3876733530230196, 'gamma': 1.271414925971427, 'gat_heads': np.int64(8), 'gt_heads': np.int64(16), 'fusion_heads': np.int64(2), 'batch': np.int64(25), 'moco_K': np.int64(2048), 'fusion_strategy': np.str_('transformer_multihead'), 'feature_type': np.str_('one_hot'), 'moco_type': np.str_('double_tau')}
2026-01-27 14:46:14,607 - TaskEvaluator_LDA - INFO - 开始5折交叉验证
2026-01-27 14:46:14,610 - TaskEvaluator_LDA - WARNING - 未知参数: alpha
2026-01-27 14:46:14,610 - TaskEvaluator_LDA - WARNING - 未知参数: beta
2026-01-27 14:46:14,611 - TaskEvaluator_LDA - WARNING - 未知参数: gamma
2026-01-27 14:46:14,612 - TaskEvaluator_LDA - INFO - 执行第1折训练
2026-01-27 14:46:14,712 - TaskEvaluator_LDA - INFO - 第1折完成，AUROC: 0.7553
2026-01-27 14:46:14,713 - TaskEvaluator_LDA - INFO - 执行第2折训练
2026-01-27 14:46:14,813 - TaskEvaluator_LDA - INFO - 第2折完成，AUROC: 0.7574
2026-01-27 14:46:14,814 - TaskEvaluator_LDA - INFO - 执行第3折训练
2026-01-27 14:46:14,915 - TaskEvaluator_LDA - INFO - 第3折完成，AUROC: 0.7179
2026-01-27 14:46:14,915 - TaskEvaluator_LDA - INFO - 执行第4折训练
2026-01-27 14:46:15,016 - TaskEvaluator_LDA - INFO - 第4折完成，AUROC: 0.7352
2026-01-27 14:46:15,016 - TaskEvaluator_LDA - INFO - 执行第5折训练
2026-01-27 14:46:15,117 - TaskEvaluator_LDA - INFO - 第5折完成，AUROC: 0.7499
2026-01-27 14:46:15,118 - TaskEvaluator_LDA - INFO - 评估完成，AUROC: 0.7431±0.0148
2026-01-27 14:46:15,222 - BayesianOptimizer_LDA - INFO - 模型更新完成，帕累托前沿大小: 1
2026-01-27 14:46:15,222 - BayesianOptimizer_LDA - INFO - 第 3 次迭代完成，目标值: 0.743134, 帕累托前沿大小: 1, 耗时: 0.6s
2026-01-27 14:46:15,264 - BayesianOptimizer_LDA - WARNING - 采集函数优化失败: 采集函数优化失败，所有重启都失败了
2026-01-27 14:46:15,265 - BayesianOptimizer_LDA - INFO - 使用回退参数建议策略
2026-01-27 14:46:15,266 - BayesianOptimizer_LDA - INFO - 第 4 次迭代，评估参数: {'dimensions': 329.163322795352, 'hidden1': 212.25483346281877, 'hidden2': np.int64(64), 'decoder1': 905.2634668483984, 'lr': np.float64(1.8269357738415508e-05), 'dropout': 0.27310321453170294, 'weight_decay': np.float64(6.511717230780874e-06), 'alpha': 0.6724326420150908, 'beta': 1.9565935054078272, 'gamma': 0.6255877157531906, 'gat_heads': np.int64(2), 'gt_heads': np.int64(16), 'fusion_heads': np.int64(4), 'batch': np.int64(25), 'moco_K': np.int64(8192), 'fusion_strategy': np.str_('hybrid'), 'feature_type': np.str_('normal'), 'moco_type': np.str_('basic')}
2026-01-27 14:46:15,266 - TaskEvaluator_LDA - INFO - 开始评估参数组合: {'dimensions': 329.163322795352, 'hidden1': 212.25483346281877, 'hidden2': np.int64(64), 'decoder1': 905.2634668483984, 'lr': np.float64(1.8269357738415508e-05), 'dropout': 0.27310321453170294, 'weight_decay': np.float64(6.511717230780874e-06), 'alpha': 0.6724326420150908, 'beta': 1.9565935054078272, 'gamma': 0.6255877157531906, 'gat_heads': np.int64(2), 'gt_heads': np.int64(16), 'fusion_heads': np.int64(4), 'batch': np.int64(25), 'moco_K': np.int64(8192), 'fusion_strategy': np.str_('hybrid'), 'feature_type': np.str_('normal'), 'moco_type': np.str_('basic')}
2026-01-27 14:46:15,266 - TaskEvaluator_LDA - INFO - 开始5折交叉验证
2026-01-27 14:46:15,271 - TaskEvaluator_LDA - WARNING - 未知参数: alpha
2026-01-27 14:46:15,272 - TaskEvaluator_LDA - WARNING - 未知参数: beta
2026-01-27 14:46:15,272 - TaskEvaluator_LDA - WARNING - 未知参数: gamma
2026-01-27 14:46:15,273 - TaskEvaluator_LDA - INFO - 执行第1折训练
2026-01-27 14:46:15,373 - TaskEvaluator_LDA - INFO - 第1折完成，AUROC: 0.7553
2026-01-27 14:46:15,374 - TaskEvaluator_LDA - INFO - 执行第2折训练
2026-01-27 14:46:15,474 - TaskEvaluator_LDA - INFO - 第2折完成，AUROC: 0.7574
2026-01-27 14:46:15,475 - TaskEvaluator_LDA - INFO - 执行第3折训练
2026-01-27 14:46:15,575 - TaskEvaluator_LDA - INFO - 第3折完成，AUROC: 0.7179
2026-01-27 14:46:15,576 - TaskEvaluator_LDA - INFO - 执行第4折训练
2026-01-27 14:46:15,677 - TaskEvaluator_LDA - INFO - 第4折完成，AUROC: 0.7352
2026-01-27 14:46:15,677 - TaskEvaluator_LDA - INFO - 执行第5折训练
2026-01-27 14:46:15,778 - TaskEvaluator_LDA - INFO - 第5折完成，AUROC: 0.7499
2026-01-27 14:46:15,779 - TaskEvaluator_LDA - INFO - 评估完成，AUROC: 0.7431±0.0148
2026-01-27 14:46:15,857 - BayesianOptimizer_LDA - INFO - 模型更新完成，帕累托前沿大小: 1
2026-01-27 14:46:15,857 - BayesianOptimizer_LDA - INFO - 第 4 次迭代完成，目标值: 0.743134, 帕累托前沿大小: 1, 耗时: 0.6s
2026-01-27 14:46:15,860 - StateManager - INFO - 状态保存成功: checkpoints\checkpoint_iter_0004_20260127_144615.pkl
2026-01-27 14:46:15,866 - StateManager - INFO - 清理旧检查点: checkpoint_iter_0004_20260127_144615.pkl
2026-01-27 14:46:15,866 - BayesianOptimizer_LDA - INFO - 检查点保存成功: checkpoints\checkpoint_iter_0004_20260127_144615.pkl
2026-01-27 14:46:15,908 - BayesianOptimizer_LDA - WARNING - 采集函数优化失败: 采集函数优化失败，所有重启都失败了
2026-01-27 14:46:15,909 - BayesianOptimizer_LDA - INFO - 使用回退参数建议策略
2026-01-27 14:46:15,909 - BayesianOptimizer_LDA - INFO - 第 5 次迭代，评估参数: {'dimensions': 209.26316289787547, 'hidden1': 104.22214612012436, 'hidden2': 84.1067070126045, 'decoder1': 657.7130694107502, 'lr': np.float64(2.2008301432299965e-05), 'dropout': 0.45622204759788143, 'weight_decay': np.float64(2.143617750126321e-05), 'alpha': 1.6024080083798071, 'beta': 1.8201398302804546, 'gamma': 0.4911069006701496, 'gat_heads': np.int64(4), 'gt_heads': np.int64(2), 'fusion_heads': np.int64(4), 'batch': np.int64(64), 'moco_K': np.int64(4096), 'fusion_strategy': np.str_('hybrid'), 'feature_type': np.str_('uniform'), 'moco_type': np.str_('double_tau')}
2026-01-27 14:46:15,910 - TaskEvaluator_LDA - INFO - 开始评估参数组合: {'dimensions': 209.26316289787547, 'hidden1': 104.22214612012436, 'hidden2': 84.1067070126045, 'decoder1': 657.7130694107502, 'lr': np.float64(2.2008301432299965e-05), 'dropout': 0.45622204759788143, 'weight_decay': np.float64(2.143617750126321e-05), 'alpha': 1.6024080083798071, 'beta': 1.8201398302804546, 'gamma': 0.4911069006701496, 'gat_heads': np.int64(4), 'gt_heads': np.int64(2), 'fusion_heads': np.int64(4), 'batch': np.int64(64), 'moco_K': np.int64(4096), 'fusion_strategy': np.str_('hybrid'), 'feature_type': np.str_('uniform'), 'moco_type': np.str_('double_tau')}
2026-01-27 14:46:15,910 - TaskEvaluator_LDA - INFO - 开始5折交叉验证
2026-01-27 14:46:15,914 - TaskEvaluator_LDA - WARNING - 未知参数: alpha
2026-01-27 14:46:15,914 - TaskEvaluator_LDA - WARNING - 未知参数: beta
2026-01-27 14:46:15,915 - TaskEvaluator_LDA - WARNING - 未知参数: gamma
2026-01-27 14:46:15,915 - TaskEvaluator_LDA - INFO - 执行第1折训练
2026-01-27 14:46:16,016 - TaskEvaluator_LDA - INFO - 第1折完成，AUROC: 0.7553
2026-01-27 14:46:16,017 - TaskEvaluator_LDA - INFO - 执行第2折训练
2026-01-27 14:46:16,117 - TaskEvaluator_LDA - INFO - 第2折完成，AUROC: 0.7574
2026-01-27 14:46:16,118 - TaskEvaluator_LDA - INFO - 执行第3折训练
2026-01-27 14:46:16,218 - TaskEvaluator_LDA - INFO - 第3折完成，AUROC: 0.7179
2026-01-27 14:46:16,219 - TaskEvaluator_LDA - INFO - 执行第4折训练
2026-01-27 14:46:16,319 - TaskEvaluator_LDA - INFO - 第4折完成，AUROC: 0.7352
2026-01-27 14:46:16,320 - TaskEvaluator_LDA - INFO - 执行第5折训练
2026-01-27 14:46:16,421 - TaskEvaluator_LDA - INFO - 第5折完成，AUROC: 0.7499
2026-01-27 14:46:16,421 - TaskEvaluator_LDA - INFO - 评估完成，AUROC: 0.7431±0.0148
2026-01-27 14:46:16,499 - BayesianOptimizer_LDA - INFO - 模型更新完成，帕累托前沿大小: 1
2026-01-27 14:46:16,499 - BayesianOptimizer_LDA - INFO - 第 5 次迭代完成，目标值: 0.743134, 帕累托前沿大小: 1, 耗时: 0.6s
2026-01-27 14:46:16,540 - BayesianOptimizer_LDA - WARNING - 采集函数优化失败: 采集函数优化失败，所有重启都失败了
2026-01-27 14:46:16,541 - BayesianOptimizer_LDA - INFO - 使用回退参数建议策略
2026-01-27 14:46:16,541 - BayesianOptimizer_LDA - INFO - 第 6 次迭代，评估参数: {'dimensions': 395.59877178879236, 'hidden1': np.int64(144), 'hidden2': 72.14400946178782, 'decoder1': 909.9749179891195, 'lr': np.float64(6.493189369369814e-05), 'dropout': 0.10324965215684578, 'weight_decay': np.float64(1.9118930746631885e-05), 'alpha': 0.9051237177871443, 'beta': 1.484005217946984, 'gamma': 0.9312199327284082, 'gat_heads': np.int64(16), 'gt_heads': np.int64(8), 'fusion_heads': np.int64(4), 'batch': np.int64(16), 'moco_K': np.int64(8192), 'fusion_strategy': np.str_('self_attention'), 'feature_type': np.str_('normal'), 'moco_type': np.str_('basic')}
2026-01-27 14:46:16,542 - TaskEvaluator_LDA - INFO - 开始评估参数组合: {'dimensions': 395.59877178879236, 'hidden1': np.int64(144), 'hidden2': 72.14400946178782, 'decoder1': 909.9749179891195, 'lr': np.float64(6.493189369369814e-05), 'dropout': 0.10324965215684578, 'weight_decay': np.float64(1.9118930746631885e-05), 'alpha': 0.9051237177871443, 'beta': 1.484005217946984, 'gamma': 0.9312199327284082, 'gat_heads': np.int64(16), 'gt_heads': np.int64(8), 'fusion_heads': np.int64(4), 'batch': np.int64(16), 'moco_K': np.int64(8192), 'fusion_strategy': np.str_('self_attention'), 'feature_type': np.str_('normal'), 'moco_type': np.str_('basic')}
2026-01-27 14:46:16,542 - TaskEvaluator_LDA - INFO - 开始5折交叉验证
2026-01-27 14:46:16,546 - TaskEvaluator_LDA - WARNING - 未知参数: alpha
2026-01-27 14:46:16,547 - TaskEvaluator_LDA - WARNING - 未知参数: beta
2026-01-27 14:46:16,547 - TaskEvaluator_LDA - WARNING - 未知参数: gamma
2026-01-27 14:46:16,548 - TaskEvaluator_LDA - INFO - 执行第1折训练
2026-01-27 14:46:16,649 - TaskEvaluator_LDA - INFO - 第1折完成，AUROC: 0.7553
2026-01-27 14:46:16,649 - TaskEvaluator_LDA - INFO - 执行第2折训练
2026-01-27 14:46:16,750 - TaskEvaluator_LDA - INFO - 第2折完成，AUROC: 0.7574
2026-01-27 14:46:16,751 - TaskEvaluator_LDA - INFO - 执行第3折训练
2026-01-27 14:46:16,851 - TaskEvaluator_LDA - INFO - 第3折完成，AUROC: 0.7179
2026-01-27 14:46:16,852 - TaskEvaluator_LDA - INFO - 执行第4折训练
2026-01-27 14:46:16,953 - TaskEvaluator_LDA - INFO - 第4折完成，AUROC: 0.7352
2026-01-27 14:46:16,953 - TaskEvaluator_LDA - INFO - 执行第5折训练
2026-01-27 14:46:17,054 - TaskEvaluator_LDA - INFO - 第5折完成，AUROC: 0.7499
2026-01-27 14:46:17,055 - TaskEvaluator_LDA - INFO - 评估完成，AUROC: 0.7431±0.0148
2026-01-27 14:46:17,132 - BayesianOptimizer_LDA - INFO - 模型更新完成，帕累托前沿大小: 1
2026-01-27 14:46:17,132 - BayesianOptimizer_LDA - INFO - 第 6 次迭代完成，目标值: 0.743134, 帕累托前沿大小: 1, 耗时: 0.6s
2026-01-27 14:46:17,174 - BayesianOptimizer_LDA - WARNING - 采集函数优化失败: 采集函数优化失败，所有重启都失败了
2026-01-27 14:46:17,174 - BayesianOptimizer_LDA - INFO - 使用回退参数建议策略
2026-01-27 14:46:17,175 - BayesianOptimizer_LDA - INFO - 第 7 次迭代，评估参数: {'dimensions': 173.37319718077651, 'hidden1': 168.8354150890498, 'hidden2': 54.059580851891354, 'decoder1': 724.8105993966922, 'lr': np.float64(4.7312149456298646e-05), 'dropout': 0.023695413517836716, 'weight_decay': np.float64(1.4540835831295054e-06), 'alpha': 1.571627029337722, 'beta': 1.399259548152839, 'gamma': 1.7141682677145649, 'gat_heads': np.int64(8), 'gt_heads': np.int64(2), 'fusion_heads': np.int64(2), 'batch': np.int64(16), 'moco_K': np.int64(2048), 'fusion_strategy': np.str_('hybrid'), 'feature_type': np.str_('uniform'), 'moco_type': np.str_('double_tau')}
2026-01-27 14:46:17,175 - TaskEvaluator_LDA - INFO - 开始评估参数组合: {'dimensions': 173.37319718077651, 'hidden1': 168.8354150890498, 'hidden2': 54.059580851891354, 'decoder1': 724.8105993966922, 'lr': np.float64(4.7312149456298646e-05), 'dropout': 0.023695413517836716, 'weight_decay': np.float64(1.4540835831295054e-06), 'alpha': 1.571627029337722, 'beta': 1.399259548152839, 'gamma': 1.7141682677145649, 'gat_heads': np.int64(8), 'gt_heads': np.int64(2), 'fusion_heads': np.int64(2), 'batch': np.int64(16), 'moco_K': np.int64(2048), 'fusion_strategy': np.str_('hybrid'), 'feature_type': np.str_('uniform'), 'moco_type': np.str_('double_tau')}
2026-01-27 14:46:17,176 - TaskEvaluator_LDA - INFO - 开始5折交叉验证
2026-01-27 14:46:17,180 - TaskEvaluator_LDA - WARNING - 未知参数: alpha
2026-01-27 14:46:17,180 - TaskEvaluator_LDA - WARNING - 未知参数: beta
2026-01-27 14:46:17,180 - TaskEvaluator_LDA - WARNING - 未知参数: gamma
2026-01-27 14:46:17,181 - TaskEvaluator_LDA - INFO - 执行第1折训练
2026-01-27 14:46:17,282 - TaskEvaluator_LDA - INFO - 第1折完成，AUROC: 0.7553
2026-01-27 14:46:17,282 - TaskEvaluator_LDA - INFO - 执行第2折训练
2026-01-27 14:46:17,383 - TaskEvaluator_LDA - INFO - 第2折完成，AUROC: 0.7574
2026-01-27 14:46:17,383 - TaskEvaluator_LDA - INFO - 执行第3折训练
2026-01-27 14:46:17,484 - TaskEvaluator_LDA - INFO - 第3折完成，AUROC: 0.7179
2026-01-27 14:46:17,484 - TaskEvaluator_LDA - INFO - 执行第4折训练
2026-01-27 14:46:17,585 - TaskEvaluator_LDA - INFO - 第4折完成，AUROC: 0.7352
2026-01-27 14:46:17,585 - TaskEvaluator_LDA - INFO - 执行第5折训练
2026-01-27 14:46:17,686 - TaskEvaluator_LDA - INFO - 第5折完成，AUROC: 0.7499
2026-01-27 14:46:17,687 - TaskEvaluator_LDA - INFO - 评估完成，AUROC: 0.7431±0.0148
2026-01-27 14:46:17,758 - BayesianOptimizer_LDA - INFO - 模型更新完成，帕累托前沿大小: 1
2026-01-27 14:46:17,759 - BayesianOptimizer_LDA - INFO - 第 7 次迭代完成，目标值: 0.743134, 帕累托前沿大小: 1, 耗时: 0.6s
2026-01-27 14:46:17,805 - BayesianOptimizer_LDA - WARNING - 采集函数优化失败: 采集函数优化失败，所有重启都失败了
2026-01-27 14:46:17,806 - BayesianOptimizer_LDA - INFO - 使用回退参数建议策略
2026-01-27 14:46:17,807 - BayesianOptimizer_LDA - INFO - 第 8 次迭代，评估参数: {'dimensions': 447.8299449859858, 'hidden1': 114.61570370845081, 'hidden2': np.int64(92), 'decoder1': 806.6232674942403, 'lr': np.float64(3.537787749844368e-05), 'dropout': 0.22551268794118, 'weight_decay': np.float64(2.2318768883056224e-06), 'alpha': 1.2287599200504717, 'beta': 1.8160248343175571, 'gamma': 1.744223261980865, 'gat_heads': np.int64(2), 'gt_heads': np.int64(2), 'fusion_heads': np.int64(4), 'batch': np.int64(32), 'moco_K': np.int64(8192), 'fusion_strategy': np.str_('self_attention'), 'feature_type': np.str_('uniform'), 'moco_type': np.str_('basic')}
2026-01-27 14:46:17,807 - TaskEvaluator_LDA - INFO - 开始评估参数组合: {'dimensions': 447.8299449859858, 'hidden1': 114.61570370845081, 'hidden2': np.int64(92), 'decoder1': 806.6232674942403, 'lr': np.float64(3.537787749844368e-05), 'dropout': 0.22551268794118, 'weight_decay': np.float64(2.2318768883056224e-06), 'alpha': 1.2287599200504717, 'beta': 1.8160248343175571, 'gamma': 1.744223261980865, 'gat_heads': np.int64(2), 'gt_heads': np.int64(2), 'fusion_heads': np.int64(4), 'batch': np.int64(32), 'moco_K': np.int64(8192), 'fusion_strategy': np.str_('self_attention'), 'feature_type': np.str_('uniform'), 'moco_type': np.str_('basic')}
2026-01-27 14:46:17,808 - TaskEvaluator_LDA - INFO - 开始5折交叉验证
2026-01-27 14:46:17,811 - TaskEvaluator_LDA - WARNING - 未知参数: alpha
2026-01-27 14:46:17,811 - TaskEvaluator_LDA - WARNING - 未知参数: beta
2026-01-27 14:46:17,811 - TaskEvaluator_LDA - WARNING - 未知参数: gamma
2026-01-27 14:46:17,812 - TaskEvaluator_LDA - INFO - 执行第1折训练
2026-01-27 14:46:17,913 - TaskEvaluator_LDA - INFO - 第1折完成，AUROC: 0.7553
2026-01-27 14:46:17,913 - TaskEvaluator_LDA - INFO - 执行第2折训练
2026-01-27 14:46:18,014 - TaskEvaluator_LDA - INFO - 第2折完成，AUROC: 0.7574
2026-01-27 14:46:18,014 - TaskEvaluator_LDA - INFO - 执行第3折训练
2026-01-27 14:46:18,115 - TaskEvaluator_LDA - INFO - 第3折完成，AUROC: 0.7179
2026-01-27 14:46:18,115 - TaskEvaluator_LDA - INFO - 执行第4折训练
2026-01-27 14:46:18,216 - TaskEvaluator_LDA - INFO - 第4折完成，AUROC: 0.7352
2026-01-27 14:46:18,216 - TaskEvaluator_LDA - INFO - 执行第5折训练
2026-01-27 14:46:18,317 - TaskEvaluator_LDA - INFO - 第5折完成，AUROC: 0.7499
2026-01-27 14:46:18,318 - TaskEvaluator_LDA - INFO - 评估完成，AUROC: 0.7431±0.0148
2026-01-27 14:46:18,392 - BayesianOptimizer_LDA - INFO - 模型更新完成，帕累托前沿大小: 1
2026-01-27 14:46:18,392 - BayesianOptimizer_LDA - INFO - 第 8 次迭代完成，目标值: 0.743134, 帕累托前沿大小: 1, 耗时: 0.6s
2026-01-27 14:46:18,396 - StateManager - INFO - 状态保存成功: checkpoints\checkpoint_iter_0008_20260127_144618.pkl
2026-01-27 14:46:18,402 - StateManager - INFO - 清理旧检查点: checkpoint_iter_0004_20260127_144542.pkl
2026-01-27 14:46:18,403 - BayesianOptimizer_LDA - INFO - 检查点保存成功: checkpoints\checkpoint_iter_0008_20260127_144618.pkl
2026-01-27 14:46:18,409 - StateManager - INFO - 状态保存成功: checkpoints\checkpoint_iter_0008_20260127_144618.pkl
2026-01-27 14:46:18,415 - BayesianOptimizer_LDA - INFO - 检查点保存成功: checkpoints\checkpoint_iter_0008_20260127_144618.pkl
2026-01-27 14:46:18,415 - TaskEvaluator_LDA - INFO - TaskEvaluator资源清理完成
2026-01-27 14:46:18,416 - BayesianOptimizer_LDA - INFO - 优化完成，总迭代次数: 8
2026-01-27 14:46:18,416 - BayesianOptimizer_LDA - INFO - 最佳目标值: 0.881205
2026-01-27 14:46:18,416 - BayesianOptimizer_LDA - INFO - 总耗时: 4.9 秒
2026-01-27 14:46:18,416 - TaskEvaluator_LDA - INFO - TaskEvaluator初始化完成，任务类型: LDA, 设备: cpu
2026-01-27 14:46:18,417 - TaskEvaluator_LDA - WARNING - 使用CPU模式，仅用于测试目的
2026-01-27 14:46:18,417 - StateManager - INFO - StateManager初始化完成，检查点目录: checkpoints
2026-01-27 14:46:18,417 - BayesianOptimizer_LDA - INFO - BayesianOptimizer初始化完成，任务类型: LDA
2026-01-27 14:46:18,417 - BayesianOptimizer_LDA - INFO - 参数空间包含 18 个参数
2026-01-27 14:46:18,417 - BayesianOptimizer_LDA - INFO - 采集函数: EI
2026-01-27 14:46:18,417 - BayesianOptimizer_LDA - INFO - 初始采样点数: 3
2026-01-27 14:46:18,417 - BayesianOptimizer_LDA - INFO - 初始化贝叶斯优化器...
2026-01-27 14:46:18,418 - BayesianOptimizer_LDA - INFO - 优化器初始化完成
2026-01-27 14:46:18,418 - BayesianOptimizer_LDA - INFO - 开始贝叶斯优化，最大迭代次数: 8
2026-01-27 14:46:18,418 - BayesianOptimizer_LDA - INFO - 第 1 次迭代，评估参数: {'dimensions': 378.4829168771497, 'hidden1': np.int64(144), 'hidden2': 32.391461598654914, 'decoder1': 900.5152633684711, 'lr': np.float64(0.0005773366697718479), 'dropout': 0.11235261510181221, 'weight_decay': np.float64(0.0010166444339727277), 'alpha': 0.6010151752089119, 'beta': 0.8979580284609092, 'gamma': 0.9569596353021068, 'gat_heads': np.int64(4), 'gt_heads': np.int64(4), 'fusion_heads': np.int64(8), 'batch': np.int64(64), 'moco_K': np.int64(1024), 'fusion_strategy': np.str_('co_attention'), 'feature_type': np.str_('one_hot'), 'moco_type': np.str_('basic')}
2026-01-27 14:46:18,418 - TaskEvaluator_LDA - INFO - 开始评估参数组合: {'dimensions': 378.4829168771497, 'hidden1': np.int64(144), 'hidden2': 32.391461598654914, 'decoder1': 900.5152633684711, 'lr': np.float64(0.0005773366697718479), 'dropout': 0.11235261510181221, 'weight_decay': np.float64(0.0010166444339727277), 'alpha': 0.6010151752089119, 'beta': 0.8979580284609092, 'gamma': 0.9569596353021068, 'gat_heads': np.int64(4), 'gt_heads': np.int64(4), 'fusion_heads': np.int64(8), 'batch': np.int64(64), 'moco_K': np.int64(1024), 'fusion_strategy': np.str_('co_attention'), 'feature_type': np.str_('one_hot'), 'moco_type': np.str_('basic')}
2026-01-27 14:46:18,419 - TaskEvaluator_LDA - INFO - 开始5折交叉验证
2026-01-27 14:46:18,423 - TaskEvaluator_LDA - WARNING - 未知参数: alpha
2026-01-27 14:46:18,423 - TaskEvaluator_LDA - WARNING - 未知参数: beta
2026-01-27 14:46:18,423 - TaskEvaluator_LDA - WARNING - 未知参数: gamma
2026-01-27 14:46:18,424 - TaskEvaluator_LDA - INFO - 执行第1折训练
2026-01-27 14:46:18,525 - TaskEvaluator_LDA - INFO - 第1折完成，AUROC: 0.8934
2026-01-27 14:46:18,526 - TaskEvaluator_LDA - INFO - 执行第2折训练
2026-01-27 14:46:18,627 - TaskEvaluator_LDA - INFO - 第2折完成，AUROC: 0.8954
2026-01-27 14:46:18,627 - TaskEvaluator_LDA - INFO - 执行第3折训练
2026-01-27 14:46:18,728 - TaskEvaluator_LDA - INFO - 第3折完成，AUROC: 0.8560
2026-01-27 14:46:18,728 - TaskEvaluator_LDA - INFO - 执行第4折训练
2026-01-27 14:46:18,829 - TaskEvaluator_LDA - INFO - 第4折完成，AUROC: 0.8733
2026-01-27 14:46:18,829 - TaskEvaluator_LDA - INFO - 执行第5折训练
2026-01-27 14:46:18,931 - TaskEvaluator_LDA - INFO - 第5折完成，AUROC: 0.8880
2026-01-27 14:46:18,931 - TaskEvaluator_LDA - INFO - 评估完成，AUROC: 0.8812±0.0148
2026-01-27 14:46:18,931 - BayesianOptimizer_LDA - INFO - 模型更新完成，帕累托前沿大小: 1
2026-01-27 14:46:18,932 - BayesianOptimizer_LDA - INFO - 第 1 次迭代完成，目标值: 0.881205, 帕累托前沿大小: 1, 耗时: 0.5s
2026-01-27 14:46:18,933 - BayesianOptimizer_LDA - INFO - 第 2 次迭代，评估参数: {'dimensions': 175.0651557147667, 'hidden1': np.int64(136), 'hidden2': np.int64(32), 'decoder1': 1000.3332721749161, 'lr': np.float64(3.068678385558073e-05), 'dropout': 0.4286468367783858, 'weight_decay': np.float64(4.489325387107763e-06), 'alpha': 0.7421277030352429, 'beta': 1.3876733530230196, 'gamma': 1.271414925971427, 'gat_heads': np.int64(8), 'gt_heads': np.int64(16), 'fusion_heads': np.int64(2), 'batch': np.int64(25), 'moco_K': np.int64(2048), 'fusion_strategy': np.str_('transformer_multihead'), 'feature_type': np.str_('one_hot'), 'moco_type': np.str_('double_tau')}
2026-01-27 14:46:18,933 - TaskEvaluator_LDA - INFO - 开始评估参数组合: {'dimensions': 175.0651557147667, 'hidden1': np.int64(136), 'hidden2': np.int64(32), 'decoder1': 1000.3332721749161, 'lr': np.float64(3.068678385558073e-05), 'dropout': 0.4286468367783858, 'weight_decay': np.float64(4.489325387107763e-06), 'alpha': 0.7421277030352429, 'beta': 1.3876733530230196, 'gamma': 1.271414925971427, 'gat_heads': np.int64(8), 'gt_heads': np.int64(16), 'fusion_heads': np.int64(2), 'batch': np.int64(25), 'moco_K': np.int64(2048), 'fusion_strategy': np.str_('transformer_multihead'), 'feature_type': np.str_('one_hot'), 'moco_type': np.str_('double_tau')}
2026-01-27 14:46:18,933 - TaskEvaluator_LDA - INFO - 开始5折交叉验证
2026-01-27 14:46:18,938 - TaskEvaluator_LDA - WARNING - 未知参数: alpha
2026-01-27 14:46:18,938 - TaskEvaluator_LDA - WARNING - 未知参数: beta
2026-01-27 14:46:18,938 - TaskEvaluator_LDA - WARNING - 未知参数: gamma
2026-01-27 14:46:18,939 - TaskEvaluator_LDA - INFO - 执行第1折训练
2026-01-27 14:46:19,040 - TaskEvaluator_LDA - INFO - 第1折完成，AUROC: 0.7553
2026-01-27 14:46:19,040 - TaskEvaluator_LDA - INFO - 执行第2折训练
2026-01-27 14:46:19,141 - TaskEvaluator_LDA - INFO - 第2折完成，AUROC: 0.7574
2026-01-27 14:46:19,141 - TaskEvaluator_LDA - INFO - 执行第3折训练
2026-01-27 14:46:19,242 - TaskEvaluator_LDA - INFO - 第3折完成，AUROC: 0.7179
2026-01-27 14:46:19,243 - TaskEvaluator_LDA - INFO - 执行第4折训练
2026-01-27 14:46:19,343 - TaskEvaluator_LDA - INFO - 第4折完成，AUROC: 0.7352
2026-01-27 14:46:19,344 - TaskEvaluator_LDA - INFO - 执行第5折训练
2026-01-27 14:46:19,445 - TaskEvaluator_LDA - INFO - 第5折完成，AUROC: 0.7499
2026-01-27 14:46:19,446 - TaskEvaluator_LDA - INFO - 评估完成，AUROC: 0.7431±0.0148
2026-01-27 14:46:19,521 - BayesianOptimizer_LDA - INFO - 模型更新完成，帕累托前沿大小: 1
2026-01-27 14:46:19,521 - BayesianOptimizer_LDA - INFO - 第 2 次迭代完成，目标值: 0.743134, 帕累托前沿大小: 1, 耗时: 0.6s
2026-01-27 14:46:19,522 - BayesianOptimizer_LDA - INFO - 第 3 次迭代，评估参数: {'dimensions': 348.08217226784217, 'hidden1': np.int64(248), 'hidden2': np.int64(64), 'decoder1': 879.3800450633782, 'lr': np.float64(0.00033938025027627276), 'dropout': 0.3896698361988937, 'weight_decay': np.float64(0.00152916101646897), 'alpha': 1.2300345082476487, 'beta': 0.8762982891022933, 'gamma': 1.3754252356291157, 'gat_heads': np.int64(4), 'gt_heads': np.int64(16), 'fusion_heads': np.int64(16), 'batch': np.int64(64), 'moco_K': np.int64(1024), 'fusion_strategy': np.str_('hybrid'), 'feature_type': np.str_('one_hot'), 'moco_type': np.str_('double_tau')}
2026-01-27 14:46:19,523 - TaskEvaluator_LDA - INFO - 开始评估参数组合: {'dimensions': 348.08217226784217, 'hidden1': np.int64(248), 'hidden2': np.int64(64), 'decoder1': 879.3800450633782, 'lr': np.float64(0.00033938025027627276), 'dropout': 0.3896698361988937, 'weight_decay': np.float64(0.00152916101646897), 'alpha': 1.2300345082476487, 'beta': 0.8762982891022933, 'gamma': 1.3754252356291157, 'gat_heads': np.int64(4), 'gt_heads': np.int64(16), 'fusion_heads': np.int64(16), 'batch': np.int64(64), 'moco_K': np.int64(1024), 'fusion_strategy': np.str_('hybrid'), 'feature_type': np.str_('one_hot'), 'moco_type': np.str_('double_tau')}
2026-01-27 14:46:19,523 - TaskEvaluator_LDA - INFO - 开始5折交叉验证
2026-01-27 14:46:19,526 - TaskEvaluator_LDA - WARNING - 未知参数: alpha
2026-01-27 14:46:19,526 - TaskEvaluator_LDA - WARNING - 未知参数: beta
2026-01-27 14:46:19,526 - TaskEvaluator_LDA - WARNING - 未知参数: gamma
2026-01-27 14:46:19,527 - TaskEvaluator_LDA - INFO - 执行第1折训练
2026-01-27 14:46:19,627 - TaskEvaluator_LDA - INFO - 第1折完成，AUROC: 0.8818
2026-01-27 14:46:19,628 - TaskEvaluator_LDA - INFO - 执行第2折训练
2026-01-27 14:46:19,729 - TaskEvaluator_LDA - INFO - 第2折完成，AUROC: 0.8839
2026-01-27 14:46:19,729 - TaskEvaluator_LDA - INFO - 执行第3折训练
2026-01-27 14:46:19,829 - TaskEvaluator_LDA - INFO - 第3折完成，AUROC: 0.8445
2026-01-27 14:46:19,830 - TaskEvaluator_LDA - INFO - 执行第4折训练
2026-01-27 14:46:19,930 - TaskEvaluator_LDA - INFO - 第4折完成，AUROC: 0.8618
2026-01-27 14:46:19,931 - TaskEvaluator_LDA - INFO - 执行第5折训练
2026-01-27 14:46:20,031 - TaskEvaluator_LDA - INFO - 第5折完成，AUROC: 0.8764
2026-01-27 14:46:20,032 - TaskEvaluator_LDA - INFO - 评估完成，AUROC: 0.8697±0.0148
2026-01-27 14:46:20,109 - BayesianOptimizer_LDA - INFO - 模型更新完成，帕累托前沿大小: 1
2026-01-27 14:46:20,110 - BayesianOptimizer_LDA - INFO - 第 3 次迭代完成，目标值: 0.869668, 帕累托前沿大小: 1, 耗时: 0.6s
2026-01-27 14:46:20,162 - BayesianOptimizer_LDA - WARNING - 采集函数优化失败: 采集函数优化失败，所有重启都失败了
2026-01-27 14:46:20,162 - BayesianOptimizer_LDA - INFO - 使用回退参数建议策略
2026-01-27 14:46:20,163 - BayesianOptimizer_LDA - INFO - 第 4 次迭代，评估参数: {'dimensions': 369.85968613879055, 'hidden1': 200.2675955382582, 'hidden2': np.int64(96), 'decoder1': 348.06777005717447, 'lr': np.float64(0.0012791703909023765), 'dropout': 0.022037791369010407, 'weight_decay': np.float64(0.0006321602038942581), 'alpha': 0.89776332875317, 'beta': 0.8018063358872902, 'gamma': 0.3924577561485876, 'gat_heads': np.int64(2), 'gt_heads': np.int64(4), 'fusion_heads': np.int64(8), 'batch': np.int64(16), 'moco_K': np.int64(1024), 'fusion_strategy': np.str_('co_attention'), 'feature_type': np.str_('one_hot'), 'moco_type': np.str_('double_tau')}
2026-01-27 14:46:20,163 - TaskEvaluator_LDA - INFO - 开始评估参数组合: {'dimensions': 369.85968613879055, 'hidden1': 200.2675955382582, 'hidden2': np.int64(96), 'decoder1': 348.06777005717447, 'lr': np.float64(0.0012791703909023765), 'dropout': 0.022037791369010407, 'weight_decay': np.float64(0.0006321602038942581), 'alpha': 0.89776332875317, 'beta': 0.8018063358872902, 'gamma': 0.3924577561485876, 'gat_heads': np.int64(2), 'gt_heads': np.int64(4), 'fusion_heads': np.int64(8), 'batch': np.int64(16), 'moco_K': np.int64(1024), 'fusion_strategy': np.str_('co_attention'), 'feature_type': np.str_('one_hot'), 'moco_type': np.str_('double_tau')}
2026-01-27 14:46:20,164 - TaskEvaluator_LDA - INFO - 开始5折交叉验证
2026-01-27 14:46:20,169 - TaskEvaluator_LDA - WARNING - 未知参数: alpha
2026-01-27 14:46:20,169 - TaskEvaluator_LDA - WARNING - 未知参数: beta
2026-01-27 14:46:20,169 - TaskEvaluator_LDA - WARNING - 未知参数: gamma
2026-01-27 14:46:20,170 - TaskEvaluator_LDA - INFO - 执行第1折训练
2026-01-27 14:46:20,271 - TaskEvaluator_LDA - INFO - 第1折完成，AUROC: 0.8999
2026-01-27 14:46:20,271 - TaskEvaluator_LDA - INFO - 执行第2折训练
2026-01-27 14:46:20,372 - TaskEvaluator_LDA - INFO - 第2折完成，AUROC: 0.9020
2026-01-27 14:46:20,373 - TaskEvaluator_LDA - INFO - 执行第3折训练
2026-01-27 14:46:20,473 - TaskEvaluator_LDA - INFO - 第3折完成，AUROC: 0.8626
2026-01-27 14:46:20,474 - TaskEvaluator_LDA - INFO - 执行第4折训练
2026-01-27 14:46:20,575 - TaskEvaluator_LDA - INFO - 第4折完成，AUROC: 0.8799
2026-01-27 14:46:20,575 - TaskEvaluator_LDA - INFO - 执行第5折训练
2026-01-27 14:46:20,676 - TaskEvaluator_LDA - INFO - 第5折完成，AUROC: 0.8945
2026-01-27 14:46:20,677 - TaskEvaluator_LDA - INFO - 评估完成，AUROC: 0.8878±0.0148
2026-01-27 14:46:20,749 - BayesianOptimizer_LDA - INFO - 模型更新完成，帕累托前沿大小: 1
2026-01-27 14:46:20,749 - BayesianOptimizer_LDA - INFO - 第 4 次迭代完成，目标值: 0.887788, 帕累托前沿大小: 1, 耗时: 0.6s
2026-01-27 14:46:20,753 - StateManager - INFO - 状态保存成功: checkpoints\checkpoint_iter_0004_20260127_144620.pkl
2026-01-27 14:46:20,759 - StateManager - INFO - 清理旧检查点: checkpoint_iter_0004_20260127_144620.pkl
2026-01-27 14:46:20,759 - BayesianOptimizer_LDA - INFO - 检查点保存成功: checkpoints\checkpoint_iter_0004_20260127_144620.pkl
2026-01-27 14:46:20,801 - BayesianOptimizer_LDA - WARNING - 采集函数优化失败: 采集函数优化失败，所有重启都失败了
2026-01-27 14:46:20,801 - BayesianOptimizer_LDA - INFO - 使用回退参数建议策略
2026-01-27 14:46:20,802 - BayesianOptimizer_LDA - INFO - 第 5 次迭代，评估参数: {'dimensions': 496.792201120349, 'hidden1': np.int64(208), 'hidden2': 62.63650428149911, 'decoder1': 636.4764773281647, 'lr': np.float64(4.051257900541405e-05), 'dropout': 0.06216537976077374, 'weight_decay': np.float64(7.325176799568047e-06), 'alpha': 0.7810288261056747, 'beta': 1.415172860707649, 'gamma': 0.49960772581034396, 'gat_heads': np.int64(16), 'gt_heads': np.int64(2), 'fusion_heads': np.int64(2), 'batch': np.int64(64), 'moco_K': np.int64(8192), 'fusion_strategy': np.str_('hybrid'), 'feature_type': np.str_('one_hot'), 'moco_type': np.str_('double_tau')}
2026-01-27 14:46:20,802 - TaskEvaluator_LDA - INFO - 开始评估参数组合: {'dimensions': 496.792201120349, 'hidden1': np.int64(208), 'hidden2': 62.63650428149911, 'decoder1': 636.4764773281647, 'lr': np.float64(4.051257900541405e-05), 'dropout': 0.06216537976077374, 'weight_decay': np.float64(7.325176799568047e-06), 'alpha': 0.7810288261056747, 'beta': 1.415172860707649, 'gamma': 0.49960772581034396, 'gat_heads': np.int64(16), 'gt_heads': np.int64(2), 'fusion_heads': np.int64(2), 'batch': np.int64(64), 'moco_K': np.int64(8192), 'fusion_strategy': np.str_('hybrid'), 'feature_type': np.str_('one_hot'), 'moco_type': np.str_('double_tau')}
2026-01-27 14:46:20,802 - TaskEvaluator_LDA - INFO - 开始5折交叉验证
2026-01-27 14:46:20,806 - TaskEvaluator_LDA - WARNING - 未知参数: alpha
2026-01-27 14:46:20,806 - TaskEvaluator_LDA - WARNING - 未知参数: beta
2026-01-27 14:46:20,807 - TaskEvaluator_LDA - WARNING - 未知参数: gamma
2026-01-27 14:46:20,807 - TaskEvaluator_LDA - INFO - 执行第1折训练
2026-01-27 14:46:20,908 - TaskEvaluator_LDA - INFO - 第1折完成，AUROC: 0.7553
2026-01-27 14:46:20,908 - TaskEvaluator_LDA - INFO - 执行第2折训练
2026-01-27 14:46:21,009 - TaskEvaluator_LDA - INFO - 第2折完成，AUROC: 0.7574
2026-01-27 14:46:21,009 - TaskEvaluator_LDA - INFO - 执行第3折训练
2026-01-27 14:46:21,110 - TaskEvaluator_LDA - INFO - 第3折完成，AUROC: 0.7179
2026-01-27 14:46:21,111 - TaskEvaluator_LDA - INFO - 执行第4折训练
2026-01-27 14:46:21,211 - TaskEvaluator_LDA - INFO - 第4折完成，AUROC: 0.7352
2026-01-27 14:46:21,212 - TaskEvaluator_LDA - INFO - 执行第5折训练
2026-01-27 14:46:21,313 - TaskEvaluator_LDA - INFO - 第5折完成，AUROC: 0.7499
2026-01-27 14:46:21,314 - TaskEvaluator_LDA - INFO - 评估完成，AUROC: 0.7431±0.0148
2026-01-27 14:46:21,386 - BayesianOptimizer_LDA - INFO - 模型更新完成，帕累托前沿大小: 1
2026-01-27 14:46:21,386 - BayesianOptimizer_LDA - INFO - 第 5 次迭代完成，目标值: 0.743134, 帕累托前沿大小: 1, 耗时: 0.6s
2026-01-27 14:46:21,429 - BayesianOptimizer_LDA - WARNING - 采集函数优化失败: 采集函数优化失败，所有重启都失败了
2026-01-27 14:46:21,429 - BayesianOptimizer_LDA - INFO - 使用回退参数建议策略
2026-01-27 14:46:21,429 - BayesianOptimizer_LDA - INFO - 第 6 次迭代，评估参数: {'dimensions': 463.72695825350996, 'hidden1': 160.22745508158556, 'hidden2': np.int64(70), 'decoder1': 832.5601059474309, 'lr': np.float64(0.0006862225586117409), 'dropout': 0.26512351930992256, 'weight_decay': np.float64(3.6725529423611185e-06), 'alpha': 0.8277508611073705, 'beta': 1.808621081853, 'gamma': 0.2838981638839705, 'gat_heads': np.int64(16), 'gt_heads': np.int64(2), 'fusion_heads': np.int64(2), 'batch': np.int64(25), 'moco_K': np.int64(4096), 'fusion_strategy': np.str_('co_attention'), 'feature_type': np.str_('normal'), 'moco_type': np.str_('double_tau')}
2026-01-27 14:46:21,430 - TaskEvaluator_LDA - INFO - 开始评估参数组合: {'dimensions': 463.72695825350996, 'hidden1': 160.22745508158556, 'hidden2': np.int64(70), 'decoder1': 832.5601059474309, 'lr': np.float64(0.0006862225586117409), 'dropout': 0.26512351930992256, 'weight_decay': np.float64(3.6725529423611185e-06), 'alpha': 0.8277508611073705, 'beta': 1.808621081853, 'gamma': 0.2838981638839705, 'gat_heads': np.int64(16), 'gt_heads': np.int64(2), 'fusion_heads': np.int64(2), 'batch': np.int64(25), 'moco_K': np.int64(4096), 'fusion_strategy': np.str_('co_attention'), 'feature_type': np.str_('normal'), 'moco_type': np.str_('double_tau')}
2026-01-27 14:46:21,430 - TaskEvaluator_LDA - INFO - 开始5折交叉验证
2026-01-27 14:46:21,433 - TaskEvaluator_LDA - WARNING - 未知参数: alpha
2026-01-27 14:46:21,433 - TaskEvaluator_LDA - WARNING - 未知参数: beta
2026-01-27 14:46:21,433 - TaskEvaluator_LDA - WARNING - 未知参数: gamma
2026-01-27 14:46:21,434 - TaskEvaluator_LDA - INFO - 执行第1折训练
2026-01-27 14:46:21,535 - TaskEvaluator_LDA - INFO - 第1折完成，AUROC: 0.8971
2026-01-27 14:46:21,535 - TaskEvaluator_LDA - INFO - 执行第2折训练
2026-01-27 14:46:21,636 - TaskEvaluator_LDA - INFO - 第2折完成，AUROC: 0.8992
2026-01-27 14:46:21,636 - TaskEvaluator_LDA - INFO - 执行第3折训练
2026-01-27 14:46:21,737 - TaskEvaluator_LDA - INFO - 第3折完成，AUROC: 0.8598
2026-01-27 14:46:21,738 - TaskEvaluator_LDA - INFO - 执行第4折训练
2026-01-27 14:46:21,838 - TaskEvaluator_LDA - INFO - 第4折完成，AUROC: 0.8770
2026-01-27 14:46:21,839 - TaskEvaluator_LDA - INFO - 执行第5折训练
2026-01-27 14:46:21,940 - TaskEvaluator_LDA - INFO - 第5折完成，AUROC: 0.8917
2026-01-27 14:46:21,940 - TaskEvaluator_LDA - INFO - 评估完成，AUROC: 0.8850±0.0148
2026-01-27 14:46:22,015 - BayesianOptimizer_LDA - INFO - 模型更新完成，帕累托前沿大小: 1
2026-01-27 14:46:22,015 - BayesianOptimizer_LDA - INFO - 第 6 次迭代完成，目标值: 0.884957, 帕累托前沿大小: 1, 耗时: 0.6s
2026-01-27 14:46:22,057 - BayesianOptimizer_LDA - WARNING - 采集函数优化失败: 采集函数优化失败，所有重启都失败了
2026-01-27 14:46:22,057 - BayesianOptimizer_LDA - INFO - 使用回退参数建议策略
2026-01-27 14:46:22,058 - BayesianOptimizer_LDA - INFO - 第 7 次迭代，评估参数: {'dimensions': 241.9124031942136, 'hidden1': 210.20435291749968, 'hidden2': np.int64(96), 'decoder1': 395.5575883894465, 'lr': np.float64(0.0001773797169142892), 'dropout': 0.25748708773154266, 'weight_decay': np.float64(9.607790284791482e-06), 'alpha': 1.5990992702014766, 'beta': 0.7900903403977021, 'gamma': 1.2645090172368867, 'gat_heads': np.int64(2), 'gt_heads': np.int64(4), 'fusion_heads': np.int64(2), 'batch': np.int64(16), 'moco_K': np.int64(8192), 'fusion_strategy': np.str_('transformer_multihead'), 'feature_type': np.str_('normal'), 'moco_type': np.str_('basic')}
2026-01-27 14:46:22,058 - TaskEvaluator_LDA - INFO - 开始评估参数组合: {'dimensions': 241.9124031942136, 'hidden1': 210.20435291749968, 'hidden2': np.int64(96), 'decoder1': 395.5575883894465, 'lr': np.float64(0.0001773797169142892), 'dropout': 0.25748708773154266, 'weight_decay': np.float64(9.607790284791482e-06), 'alpha': 1.5990992702014766, 'beta': 0.7900903403977021, 'gamma': 1.2645090172368867, 'gat_heads': np.int64(2), 'gt_heads': np.int64(4), 'fusion_heads': np.int64(2), 'batch': np.int64(16), 'moco_K': np.int64(8192), 'fusion_strategy': np.str_('transformer_multihead'), 'feature_type': np.str_('normal'), 'moco_type': np.str_('basic')}
2026-01-27 14:46:22,059 - TaskEvaluator_LDA - INFO - 开始5折交叉验证
2026-01-27 14:46:22,062 - TaskEvaluator_LDA - WARNING - 未知参数: alpha
2026-01-27 14:46:22,063 - TaskEvaluator_LDA - WARNING - 未知参数: beta
2026-01-27 14:46:22,063 - TaskEvaluator_LDA - WARNING - 未知参数: gamma
2026-01-27 14:46:22,064 - TaskEvaluator_LDA - INFO - 执行第1折训练
2026-01-27 14:46:22,165 - TaskEvaluator_LDA - INFO - 第1折完成，AUROC: 0.8677
2026-01-27 14:46:22,165 - TaskEvaluator_LDA - INFO - 执行第2折训练
2026-01-27 14:46:22,266 - TaskEvaluator_LDA - INFO - 第2折完成，AUROC: 0.8698
2026-01-27 14:46:22,267 - TaskEvaluator_LDA - INFO - 执行第3折训练
2026-01-27 14:46:22,368 - TaskEvaluator_LDA - INFO - 第3折完成，AUROC: 0.8304
2026-01-27 14:46:22,368 - TaskEvaluator_LDA - INFO - 执行第4折训练
2026-01-27 14:46:22,469 - TaskEvaluator_LDA - INFO - 第4折完成，AUROC: 0.8477
2026-01-27 14:46:22,469 - TaskEvaluator_LDA - INFO - 执行第5折训练
2026-01-27 14:46:22,570 - TaskEvaluator_LDA - INFO - 第5折完成，AUROC: 0.8623
2026-01-27 14:46:22,572 - TaskEvaluator_LDA - INFO - 评估完成，AUROC: 0.8556±0.0148
2026-01-27 14:46:22,661 - BayesianOptimizer_LDA - INFO - 模型更新完成，帕累托前沿大小: 1
2026-01-27 14:46:22,661 - BayesianOptimizer_LDA - INFO - 第 7 次迭代完成，目标值: 0.855579, 帕累托前沿大小: 1, 耗时: 0.6s
2026-01-27 14:46:22,704 - BayesianOptimizer_LDA - WARNING - 采集函数优化失败: 采集函数优化失败，所有重启都失败了
2026-01-27 14:46:22,704 - BayesianOptimizer_LDA - INFO - 使用回退参数建议策略
2026-01-27 14:46:22,705 - BayesianOptimizer_LDA - INFO - 第 8 次迭代，评估参数: {'dimensions': 478.1821406760706, 'hidden1': np.int64(96), 'hidden2': np.int64(88), 'decoder1': 631.2490873976232, 'lr': np.float64(3.276810204441897e-05), 'dropout': 0.10419307982915987, 'weight_decay': np.float64(1.817396635411865e-06), 'alpha': 0.10010296571163622, 'beta': 0.8547906694358475, 'gamma': 0.6576750451258464, 'gat_heads': np.int64(16), 'gt_heads': np.int64(8), 'fusion_heads': np.int64(4), 'batch': np.int64(64), 'moco_K': np.int64(2048), 'fusion_strategy': np.str_('self_attention'), 'feature_type': np.str_('one_hot'), 'moco_type': np.str_('basic')}
2026-01-27 14:46:22,705 - TaskEvaluator_LDA - INFO - 开始评估参数组合: {'dimensions': 478.1821406760706, 'hidden1': np.int64(96), 'hidden2': np.int64(88), 'decoder1': 631.2490873976232, 'lr': np.float64(3.276810204441897e-05), 'dropout': 0.10419307982915987, 'weight_decay': np.float64(1.817396635411865e-06), 'alpha': 0.10010296571163622, 'beta': 0.8547906694358475, 'gamma': 0.6576750451258464, 'gat_heads': np.int64(16), 'gt_heads': np.int64(8), 'fusion_heads': np.int64(4), 'batch': np.int64(64), 'moco_K': np.int64(2048), 'fusion_strategy': np.str_('self_attention'), 'feature_type': np.str_('one_hot'), 'moco_type': np.str_('basic')}
2026-01-27 14:46:22,705 - TaskEvaluator_LDA - INFO - 开始5折交叉验证
2026-01-27 14:46:22,708 - TaskEvaluator_LDA - WARNING - 未知参数: alpha
2026-01-27 14:46:22,709 - TaskEvaluator_LDA - WARNING - 未知参数: beta
2026-01-27 14:46:22,709 - TaskEvaluator_LDA - WARNING - 未知参数: gamma
2026-01-27 14:46:22,709 - TaskEvaluator_LDA - INFO - 执行第1折训练
2026-01-27 14:46:22,810 - TaskEvaluator_LDA - INFO - 第1折完成，AUROC: 0.7553
2026-01-27 14:46:22,811 - TaskEvaluator_LDA - INFO - 执行第2折训练
2026-01-27 14:46:22,911 - TaskEvaluator_LDA - INFO - 第2折完成，AUROC: 0.7574
2026-01-27 14:46:22,912 - TaskEvaluator_LDA - INFO - 执行第3折训练
2026-01-27 14:46:23,013 - TaskEvaluator_LDA - INFO - 第3折完成，AUROC: 0.7179
2026-01-27 14:46:23,013 - TaskEvaluator_LDA - INFO - 执行第4折训练
2026-01-27 14:46:23,114 - TaskEvaluator_LDA - INFO - 第4折完成，AUROC: 0.7352
2026-01-27 14:46:23,115 - TaskEvaluator_LDA - INFO - 执行第5折训练
2026-01-27 14:46:23,216 - TaskEvaluator_LDA - INFO - 第5折完成，AUROC: 0.7499
2026-01-27 14:46:23,217 - TaskEvaluator_LDA - INFO - 评估完成，AUROC: 0.7431±0.0148
2026-01-27 14:46:23,293 - BayesianOptimizer_LDA - INFO - 模型更新完成，帕累托前沿大小: 1
2026-01-27 14:46:23,293 - BayesianOptimizer_LDA - INFO - 第 8 次迭代完成，目标值: 0.743134, 帕累托前沿大小: 1, 耗时: 0.6s
2026-01-27 14:46:23,298 - StateManager - INFO - 状态保存成功: checkpoints\checkpoint_iter_0008_20260127_144623.pkl
2026-01-27 14:46:23,304 - StateManager - INFO - 清理旧检查点: checkpoint_iter_0004_20260127_140612.pkl
2026-01-27 14:46:23,305 - BayesianOptimizer_LDA - INFO - 检查点保存成功: checkpoints\checkpoint_iter_0008_20260127_144623.pkl
2026-01-27 14:46:23,310 - StateManager - INFO - 状态保存成功: checkpoints\checkpoint_iter_0008_20260127_144623.pkl
2026-01-27 14:46:23,314 - BayesianOptimizer_LDA - INFO - 检查点保存成功: checkpoints\checkpoint_iter_0008_20260127_144623.pkl
2026-01-27 14:46:23,315 - TaskEvaluator_LDA - INFO - TaskEvaluator资源清理完成
2026-01-27 14:46:23,315 - BayesianOptimizer_LDA - INFO - 优化完成，总迭代次数: 8
2026-01-27 14:46:23,315 - BayesianOptimizer_LDA - INFO - 最佳目标值: 0.887788
2026-01-27 14:46:23,315 - BayesianOptimizer_LDA - INFO - 总耗时: 4.9 秒
2026-01-27 14:46:23,315 - TaskEvaluator_LDA - INFO - TaskEvaluator初始化完成，任务类型: LDA, 设备: cpu
2026-01-27 14:46:23,316 - TaskEvaluator_LDA - WARNING - 使用CPU模式，仅用于测试目的
2026-01-27 14:46:23,316 - StateManager - INFO - StateManager初始化完成，检查点目录: checkpoints
2026-01-27 14:46:23,316 - BayesianOptimizer_LDA - INFO - BayesianOptimizer初始化完成，任务类型: LDA
2026-01-27 14:46:23,316 - BayesianOptimizer_LDA - INFO - 参数空间包含 18 个参数
2026-01-27 14:46:23,316 - BayesianOptimizer_LDA - INFO - 采集函数: EI
2026-01-27 14:46:23,316 - BayesianOptimizer_LDA - INFO - 初始采样点数: 3
2026-01-27 14:46:23,317 - BayesianOptimizer_LDA - INFO - 初始化贝叶斯优化器...
2026-01-27 14:46:23,317 - BayesianOptimizer_LDA - INFO - 优化器初始化完成
2026-01-27 14:46:23,317 - BayesianOptimizer_LDA - INFO - 开始贝叶斯优化，最大迭代次数: 8
2026-01-27 14:46:23,318 - BayesianOptimizer_LDA - INFO - 第 1 次迭代，评估参数: {'dimensions': 175.0651557147667, 'hidden1': np.int64(136), 'hidden2': np.int64(32), 'decoder1': 1000.3332721749161, 'lr': np.float64(3.068678385558073e-05), 'dropout': 0.4286468367783858, 'weight_decay': np.float64(4.489325387107763e-06), 'alpha': 0.7421277030352429, 'beta': 1.3876733530230196, 'gamma': 1.271414925971427, 'gat_heads': np.int64(8), 'gt_heads': np.int64(16), 'fusion_heads': np.int64(2), 'batch': np.int64(25), 'moco_K': np.int64(2048), 'fusion_strategy': np.str_('transformer_multihead'), 'feature_type': np.str_('one_hot'), 'moco_type': np.str_('double_tau')}
2026-01-27 14:46:23,318 - TaskEvaluator_LDA - INFO - 开始评估参数组合: {'dimensions': 175.0651557147667, 'hidden1': np.int64(136), 'hidden2': np.int64(32), 'decoder1': 1000.3332721749161, 'lr': np.float64(3.068678385558073e-05), 'dropout': 0.4286468367783858, 'weight_decay': np.float64(4.489325387107763e-06), 'alpha': 0.7421277030352429, 'beta': 1.3876733530230196, 'gamma': 1.271414925971427, 'gat_heads': np.int64(8), 'gt_heads': np.int64(16), 'fusion_heads': np.int64(2), 'batch': np.int64(25), 'moco_K': np.int64(2048), 'fusion_strategy': np.str_('transformer_multihead'), 'feature_type': np.str_('one_hot'), 'moco_type': np.str_('double_tau')}
2026-01-27 14:46:23,318 - TaskEvaluator_LDA - INFO - 开始5折交叉验证
2026-01-27 14:46:23,322 - TaskEvaluator_LDA - WARNING - 未知参数: alpha
2026-01-27 14:46:23,322 - TaskEvaluator_LDA - WARNING - 未知参数: beta
2026-01-27 14:46:23,323 - TaskEvaluator_LDA - WARNING - 未知参数: gamma
2026-01-27 14:46:23,323 - TaskEvaluator_LDA - INFO - 执行第1折训练
2026-01-27 14:46:23,424 - TaskEvaluator_LDA - INFO - 第1折完成，AUROC: 0.7553
2026-01-27 14:46:23,424 - TaskEvaluator_LDA - INFO - 执行第2折训练
2026-01-27 14:46:23,525 - TaskEvaluator_LDA - INFO - 第2折完成，AUROC: 0.7574
2026-01-27 14:46:23,525 - TaskEvaluator_LDA - INFO - 执行第3折训练
2026-01-27 14:46:23,626 - TaskEvaluator_LDA - INFO - 第3折完成，AUROC: 0.7179
2026-01-27 14:46:23,627 - TaskEvaluator_LDA - INFO - 执行第4折训练
2026-01-27 14:46:23,728 - TaskEvaluator_LDA - INFO - 第4折完成，AUROC: 0.7352
2026-01-27 14:46:23,728 - TaskEvaluator_LDA - INFO - 执行第5折训练
2026-01-27 14:46:23,829 - TaskEvaluator_LDA - INFO - 第5折完成，AUROC: 0.7499
2026-01-27 14:46:23,830 - TaskEvaluator_LDA - INFO - 评估完成，AUROC: 0.7431±0.0148
2026-01-27 14:46:23,830 - BayesianOptimizer_LDA - INFO - 模型更新完成，帕累托前沿大小: 1
2026-01-27 14:46:23,830 - BayesianOptimizer_LDA - INFO - 第 1 次迭代完成，目标值: 0.743134, 帕累托前沿大小: 1, 耗时: 0.5s
2026-01-27 14:46:23,831 - BayesianOptimizer_LDA - INFO - 第 2 次迭代，评估参数: {'dimensions': 348.08217226784217, 'hidden1': np.int64(248), 'hidden2': np.int64(64), 'decoder1': 879.3800450633782, 'lr': np.float64(0.00033938025027627276), 'dropout': 0.3896698361988937, 'weight_decay': np.float64(0.00152916101646897), 'alpha': 1.2300345082476487, 'beta': 0.8762982891022933, 'gamma': 1.3754252356291157, 'gat_heads': np.int64(4), 'gt_heads': np.int64(16), 'fusion_heads': np.int64(16), 'batch': np.int64(64), 'moco_K': np.int64(1024), 'fusion_strategy': np.str_('hybrid'), 'feature_type': np.str_('one_hot'), 'moco_type': np.str_('double_tau')}
2026-01-27 14:46:23,831 - TaskEvaluator_LDA - INFO - 开始评估参数组合: {'dimensions': 348.08217226784217, 'hidden1': np.int64(248), 'hidden2': np.int64(64), 'decoder1': 879.3800450633782, 'lr': np.float64(0.00033938025027627276), 'dropout': 0.3896698361988937, 'weight_decay': np.float64(0.00152916101646897), 'alpha': 1.2300345082476487, 'beta': 0.8762982891022933, 'gamma': 1.3754252356291157, 'gat_heads': np.int64(4), 'gt_heads': np.int64(16), 'fusion_heads': np.int64(16), 'batch': np.int64(64), 'moco_K': np.int64(1024), 'fusion_strategy': np.str_('hybrid'), 'feature_type': np.str_('one_hot'), 'moco_type': np.str_('double_tau')}
2026-01-27 14:46:23,832 - TaskEvaluator_LDA - INFO - 开始5折交叉验证
2026-01-27 14:46:23,835 - TaskEvaluator_LDA - WARNING - 未知参数: alpha
2026-01-27 14:46:23,835 - TaskEvaluator_LDA - WARNING - 未知参数: beta
2026-01-27 14:46:23,835 - TaskEvaluator_LDA - WARNING - 未知参数: gamma
2026-01-27 14:46:23,836 - TaskEvaluator_LDA - INFO - 执行第1折训练
2026-01-27 14:46:23,937 - TaskEvaluator_LDA - INFO - 第1折完成，AUROC: 0.8818
2026-01-27 14:46:23,937 - TaskEvaluator_LDA - INFO - 执行第2折训练
2026-01-27 14:46:24,038 - TaskEvaluator_LDA - INFO - 第2折完成，AUROC: 0.8839
2026-01-27 14:46:24,038 - TaskEvaluator_LDA - INFO - 执行第3折训练
2026-01-27 14:46:24,139 - TaskEvaluator_LDA - INFO - 第3折完成，AUROC: 0.8445
2026-01-27 14:46:24,140 - TaskEvaluator_LDA - INFO - 执行第4折训练
2026-01-27 14:46:24,241 - TaskEvaluator_LDA - INFO - 第4折完成，AUROC: 0.8618
2026-01-27 14:46:24,241 - TaskEvaluator_LDA - INFO - 执行第5折训练
2026-01-27 14:46:24,342 - TaskEvaluator_LDA - INFO - 第5折完成，AUROC: 0.8764
2026-01-27 14:46:24,343 - TaskEvaluator_LDA - INFO - 评估完成，AUROC: 0.8697±0.0148
2026-01-27 14:46:24,436 - BayesianOptimizer_LDA - INFO - 模型更新完成，帕累托前沿大小: 1
2026-01-27 14:46:24,436 - BayesianOptimizer_LDA - INFO - 第 2 次迭代完成，目标值: 0.869668, 帕累托前沿大小: 1, 耗时: 0.6s
2026-01-27 14:46:24,438 - BayesianOptimizer_LDA - INFO - 第 3 次迭代，评估参数: {'dimensions': 475.75204224907986, 'hidden1': 204.22896297083798, 'hidden2': 106.19866232192459, 'decoder1': 733.5811703650302, 'lr': np.float64(0.006339941124769435), 'dropout': 0.042473393469388276, 'weight_decay': np.float64(0.00032879035333419537), 'alpha': 1.5735863183010976, 'beta': 1.0717426729960984, 'gamma': 1.5221646654587566, 'gat_heads': np.int64(4), 'gt_heads': np.int64(2), 'fusion_heads': np.int64(2), 'batch': np.int64(25), 'moco_K': np.int64(4096), 'fusion_strategy': np.str_('transformer_multihead'), 'feature_type': np.str_('one_hot'), 'moco_type': np.str_('basic')}
2026-01-27 14:46:24,438 - TaskEvaluator_LDA - INFO - 开始评估参数组合: {'dimensions': 475.75204224907986, 'hidden1': 204.22896297083798, 'hidden2': 106.19866232192459, 'decoder1': 733.5811703650302, 'lr': np.float64(0.006339941124769435), 'dropout': 0.042473393469388276, 'weight_decay': np.float64(0.00032879035333419537), 'alpha': 1.5735863183010976, 'beta': 1.0717426729960984, 'gamma': 1.5221646654587566, 'gat_heads': np.int64(4), 'gt_heads': np.int64(2), 'fusion_heads': np.int64(2), 'batch': np.int64(25), 'moco_K': np.int64(4096), 'fusion_strategy': np.str_('transformer_multihead'), 'feature_type': np.str_('one_hot'), 'moco_type': np.str_('basic')}
2026-01-27 14:46:24,438 - TaskEvaluator_LDA - INFO - 开始5折交叉验证
2026-01-27 14:46:24,442 - TaskEvaluator_LDA - WARNING - 未知参数: alpha
2026-01-27 14:46:24,442 - TaskEvaluator_LDA - WARNING - 未知参数: beta
2026-01-27 14:46:24,442 - TaskEvaluator_LDA - WARNING - 未知参数: gamma
2026-01-27 14:46:24,443 - TaskEvaluator_LDA - INFO - 执行第1折训练
2026-01-27 14:46:24,544 - TaskEvaluator_LDA - INFO - 第1折完成，AUROC: 0.8652
2026-01-27 14:46:24,544 - TaskEvaluator_LDA - INFO - 执行第2折训练
2026-01-27 14:46:24,645 - TaskEvaluator_LDA - INFO - 第2折完成，AUROC: 0.8672
2026-01-27 14:46:24,645 - TaskEvaluator_LDA - INFO - 执行第3折训练
2026-01-27 14:46:24,749 - TaskEvaluator_LDA - INFO - 第3折完成，AUROC: 0.8278
2026-01-27 14:46:24,750 - TaskEvaluator_LDA - INFO - 执行第4折训练
2026-01-27 14:46:24,851 - TaskEvaluator_LDA - INFO - 第4折完成，AUROC: 0.8451
2026-01-27 14:46:24,852 - TaskEvaluator_LDA - INFO - 执行第5折训练
2026-01-27 14:46:24,953 - TaskEvaluator_LDA - INFO - 第5折完成，AUROC: 0.8598
2026-01-27 14:46:24,954 - TaskEvaluator_LDA - INFO - 评估完成，AUROC: 0.8530±0.0148
2026-01-27 14:46:25,074 - BayesianOptimizer_LDA - INFO - 模型更新完成，帕累托前沿大小: 1
2026-01-27 14:46:25,075 - BayesianOptimizer_LDA - INFO - 第 3 次迭代完成，目标值: 0.853030, 帕累托前沿大小: 1, 耗时: 0.6s
2026-01-27 14:46:25,116 - BayesianOptimizer_LDA - WARNING - 采集函数优化失败: 采集函数优化失败，所有重启都失败了
2026-01-27 14:46:25,116 - BayesianOptimizer_LDA - INFO - 使用回退参数建议策略
2026-01-27 14:46:25,117 - BayesianOptimizer_LDA - INFO - 第 4 次迭代，评估参数: {'dimensions': 168.34271802882427, 'hidden1': np.int64(152), 'hidden2': np.int64(80), 'decoder1': 449.294177986091, 'lr': np.float64(0.0033789516232156152), 'dropout': 0.003535730992896724, 'weight_decay': np.float64(5.301640397492563e-06), 'alpha': 1.3127577020212038, 'beta': 1.0096318080522866, 'gamma': 1.052167114040077, 'gat_heads': np.int64(8), 'gt_heads': np.int64(16), 'fusion_heads': np.int64(16), 'batch': np.int64(25), 'moco_K': np.int64(1024), 'fusion_strategy': np.str_('transformer_multihead'), 'feature_type': np.str_('one_hot'), 'moco_type': np.str_('double_tau')}
2026-01-27 14:46:25,117 - TaskEvaluator_LDA - INFO - 开始评估参数组合: {'dimensions': 168.34271802882427, 'hidden1': np.int64(152), 'hidden2': np.int64(80), 'decoder1': 449.294177986091, 'lr': np.float64(0.0033789516232156152), 'dropout': 0.003535730992896724, 'weight_decay': np.float64(5.301640397492563e-06), 'alpha': 1.3127577020212038, 'beta': 1.0096318080522866, 'gamma': 1.052167114040077, 'gat_heads': np.int64(8), 'gt_heads': np.int64(16), 'fusion_heads': np.int64(16), 'batch': np.int64(25), 'moco_K': np.int64(1024), 'fusion_strategy': np.str_('transformer_multihead'), 'feature_type': np.str_('one_hot'), 'moco_type': np.str_('double_tau')}
2026-01-27 14:46:25,118 - TaskEvaluator_LDA - INFO - 开始5折交叉验证
2026-01-27 14:46:25,122 - TaskEvaluator_LDA - WARNING - 未知参数: alpha
2026-01-27 14:46:25,122 - TaskEvaluator_LDA - WARNING - 未知参数: beta
2026-01-27 14:46:25,122 - TaskEvaluator_LDA - WARNING - 未知参数: gamma
2026-01-27 14:46:25,123 - TaskEvaluator_LDA - INFO - 执行第1折训练
2026-01-27 14:46:25,224 - TaskEvaluator_LDA - INFO - 第1折完成，AUROC: 0.8788
2026-01-27 14:46:25,224 - TaskEvaluator_LDA - INFO - 执行第2折训练
2026-01-27 14:46:25,325 - TaskEvaluator_LDA - INFO - 第2折完成，AUROC: 0.8809
2026-01-27 14:46:25,326 - TaskEvaluator_LDA - INFO - 执行第3折训练
2026-01-27 14:46:25,427 - TaskEvaluator_LDA - INFO - 第3折完成，AUROC: 0.8415
2026-01-27 14:46:25,427 - TaskEvaluator_LDA - INFO - 执行第4折训练
2026-01-27 14:46:25,528 - TaskEvaluator_LDA - INFO - 第4折完成，AUROC: 0.8588
2026-01-27 14:46:25,528 - TaskEvaluator_LDA - INFO - 执行第5折训练
2026-01-27 14:46:25,629 - TaskEvaluator_LDA - INFO - 第5折完成，AUROC: 0.8734
2026-01-27 14:46:25,629 - TaskEvaluator_LDA - INFO - 评估完成，AUROC: 0.8667±0.0148
2026-01-27 14:46:25,742 - BayesianOptimizer_LDA - INFO - 模型更新完成，帕累托前沿大小: 1
2026-01-27 14:46:25,743 - BayesianOptimizer_LDA - INFO - 第 4 次迭代完成，目标值: 0.866695, 帕累托前沿大小: 1, 耗时: 0.7s
2026-01-27 14:46:25,746 - StateManager - INFO - 状态保存成功: checkpoints\checkpoint_iter_0004_20260127_144625.pkl
2026-01-27 14:46:25,753 - StateManager - INFO - 清理旧检查点: checkpoint_iter_0004_20260127_144625.pkl
2026-01-27 14:46:25,753 - BayesianOptimizer_LDA - INFO - 检查点保存成功: checkpoints\checkpoint_iter_0004_20260127_144625.pkl
2026-01-27 14:46:25,796 - BayesianOptimizer_LDA - WARNING - 采集函数优化失败: 采集函数优化失败，所有重启都失败了
2026-01-27 14:46:25,796 - BayesianOptimizer_LDA - INFO - 使用回退参数建议策略
2026-01-27 14:46:25,797 - BayesianOptimizer_LDA - INFO - 第 5 次迭代，评估参数: {'dimensions': 318.9511092761666, 'hidden1': 156.940684400766, 'hidden2': np.int64(48), 'decoder1': 455.2293655816419, 'lr': np.float64(3.304118136068977e-05), 'dropout': 0.2726006082695521, 'weight_decay': np.float64(6.205190114207399e-05), 'alpha': 0.46631918755778445, 'beta': 0.9809543246086485, 'gamma': 0.3506857187155267, 'gat_heads': np.int64(4), 'gt_heads': np.int64(8), 'fusion_heads': np.int64(4), 'batch': np.int64(64), 'moco_K': np.int64(8192), 'fusion_strategy': np.str_('hybrid'), 'feature_type': np.str_('normal'), 'moco_type': np.str_('basic')}
2026-01-27 14:46:25,797 - TaskEvaluator_LDA - INFO - 开始评估参数组合: {'dimensions': 318.9511092761666, 'hidden1': 156.940684400766, 'hidden2': np.int64(48), 'decoder1': 455.2293655816419, 'lr': np.float64(3.304118136068977e-05), 'dropout': 0.2726006082695521, 'weight_decay': np.float64(6.205190114207399e-05), 'alpha': 0.46631918755778445, 'beta': 0.9809543246086485, 'gamma': 0.3506857187155267, 'gat_heads': np.int64(4), 'gt_heads': np.int64(8), 'fusion_heads': np.int64(4), 'batch': np.int64(64), 'moco_K': np.int64(8192), 'fusion_strategy': np.str_('hybrid'), 'feature_type': np.str_('normal'), 'moco_type': np.str_('basic')}
2026-01-27 14:46:25,797 - TaskEvaluator_LDA - INFO - 开始5折交叉验证
2026-01-27 14:46:25,804 - TaskEvaluator_LDA - WARNING - 未知参数: alpha
2026-01-27 14:46:25,804 - TaskEvaluator_LDA - WARNING - 未知参数: beta
2026-01-27 14:46:25,804 - TaskEvaluator_LDA - WARNING - 未知参数: gamma
2026-01-27 14:46:25,805 - TaskEvaluator_LDA - INFO - 执行第1折训练
2026-01-27 14:46:25,906 - TaskEvaluator_LDA - INFO - 第1折完成，AUROC: 0.7553
2026-01-27 14:46:25,906 - TaskEvaluator_LDA - INFO - 执行第2折训练
2026-01-27 14:46:26,007 - TaskEvaluator_LDA - INFO - 第2折完成，AUROC: 0.7574
2026-01-27 14:46:26,008 - TaskEvaluator_LDA - INFO - 执行第3折训练
2026-01-27 14:46:26,108 - TaskEvaluator_LDA - INFO - 第3折完成，AUROC: 0.7179
2026-01-27 14:46:26,109 - TaskEvaluator_LDA - INFO - 执行第4折训练
2026-01-27 14:46:26,209 - TaskEvaluator_LDA - INFO - 第4折完成，AUROC: 0.7352
2026-01-27 14:46:26,210 - TaskEvaluator_LDA - INFO - 执行第5折训练
2026-01-27 14:46:26,311 - TaskEvaluator_LDA - INFO - 第5折完成，AUROC: 0.7499
2026-01-27 14:46:26,312 - TaskEvaluator_LDA - INFO - 评估完成，AUROC: 0.7431±0.0148
2026-01-27 14:46:26,414 - BayesianOptimizer_LDA - INFO - 模型更新完成，帕累托前沿大小: 1
2026-01-27 14:46:26,414 - BayesianOptimizer_LDA - INFO - 第 5 次迭代完成，目标值: 0.743134, 帕累托前沿大小: 1, 耗时: 0.7s
2026-01-27 14:46:26,457 - BayesianOptimizer_LDA - WARNING - 采集函数优化失败: 采集函数优化失败，所有重启都失败了
2026-01-27 14:46:26,458 - BayesianOptimizer_LDA - INFO - 使用回退参数建议策略
2026-01-27 14:46:26,458 - BayesianOptimizer_LDA - INFO - 第 6 次迭代，评估参数: {'dimensions': 166.33772236491816, 'hidden1': 102.29233721136933, 'hidden2': 58.492005592997245, 'decoder1': 776.4645169647902, 'lr': np.float64(0.000703995172200907), 'dropout': 0.23289365114810895, 'weight_decay': np.float64(6.392908550157251e-06), 'alpha': 0.8628268483947479, 'beta': 1.8941065119186908, 'gamma': 1.4056789066951578, 'gat_heads': np.int64(2), 'gt_heads': np.int64(2), 'fusion_heads': np.int64(2), 'batch': np.int64(32), 'moco_K': np.int64(1024), 'fusion_strategy': np.str_('transformer_multihead'), 'feature_type': np.str_('one_hot'), 'moco_type': np.str_('double_tau')}
2026-01-27 14:46:26,459 - TaskEvaluator_LDA - INFO - 开始评估参数组合: {'dimensions': 166.33772236491816, 'hidden1': 102.29233721136933, 'hidden2': 58.492005592997245, 'decoder1': 776.4645169647902, 'lr': np.float64(0.000703995172200907), 'dropout': 0.23289365114810895, 'weight_decay': np.float64(6.392908550157251e-06), 'alpha': 0.8628268483947479, 'beta': 1.8941065119186908, 'gamma': 1.4056789066951578, 'gat_heads': np.int64(2), 'gt_heads': np.int64(2), 'fusion_heads': np.int64(2), 'batch': np.int64(32), 'moco_K': np.int64(1024), 'fusion_strategy': np.str_('transformer_multihead'), 'feature_type': np.str_('one_hot'), 'moco_type': np.str_('double_tau')}
2026-01-27 14:46:26,459 - TaskEvaluator_LDA - INFO - 开始5折交叉验证
2026-01-27 14:46:26,464 - TaskEvaluator_LDA - WARNING - 未知参数: alpha
2026-01-27 14:46:26,464 - TaskEvaluator_LDA - WARNING - 未知参数: beta
2026-01-27 14:46:26,465 - TaskEvaluator_LDA - WARNING - 未知参数: gamma
2026-01-27 14:46:26,466 - TaskEvaluator_LDA - INFO - 执行第1折训练
2026-01-27 14:46:26,567 - TaskEvaluator_LDA - INFO - 第1折完成，AUROC: 0.8977
2026-01-27 14:46:26,567 - TaskEvaluator_LDA - INFO - 执行第2折训练
2026-01-27 14:46:26,668 - TaskEvaluator_LDA - INFO - 第2折完成，AUROC: 0.8997
2026-01-27 14:46:26,669 - TaskEvaluator_LDA - INFO - 执行第3折训练
2026-01-27 14:46:26,769 - TaskEvaluator_LDA - INFO - 第3折完成，AUROC: 0.8603
2026-01-27 14:46:26,770 - TaskEvaluator_LDA - INFO - 执行第4折训练
2026-01-27 14:46:26,871 - TaskEvaluator_LDA - INFO - 第4折完成，AUROC: 0.8776
2026-01-27 14:46:26,872 - TaskEvaluator_LDA - INFO - 执行第5折训练
2026-01-27 14:46:26,972 - TaskEvaluator_LDA - INFO - 第5折完成，AUROC: 0.8923
2026-01-27 14:46:26,973 - TaskEvaluator_LDA - INFO - 评估完成，AUROC: 0.8855±0.0148
2026-01-27 14:46:27,102 - BayesianOptimizer_LDA - INFO - 模型更新完成，帕累托前沿大小: 1
2026-01-27 14:46:27,103 - BayesianOptimizer_LDA - INFO - 第 6 次迭代完成，目标值: 0.885513, 帕累托前沿大小: 1, 耗时: 0.7s
2026-01-27 14:46:27,146 - BayesianOptimizer_LDA - WARNING - 采集函数优化失败: 采集函数优化失败，所有重启都失败了
2026-01-27 14:46:27,147 - BayesianOptimizer_LDA - INFO - 使用回退参数建议策略
2026-01-27 14:46:27,147 - BayesianOptimizer_LDA - INFO - 第 7 次迭代，评估参数: {'dimensions': 166.20255139231847, 'hidden1': 110.2347587579154, 'hidden2': 102.4720860654754, 'decoder1': 634.2072835907202, 'lr': np.float64(0.00620448973305458), 'dropout': 0.3091076146270796, 'weight_decay': np.float64(0.004057095555226038), 'alpha': 0.48299534572327274, 'beta': 0.9038454012835818, 'gamma': 1.3843393391924999, 'gat_heads': np.int64(2), 'gt_heads': np.int64(2), 'fusion_heads': np.int64(2), 'batch': np.int64(32), 'moco_K': np.int64(4096), 'fusion_strategy': np.str_('hybrid'), 'feature_type': np.str_('normal'), 'moco_type': np.str_('basic')}
2026-01-27 14:46:27,148 - TaskEvaluator_LDA - INFO - 开始评估参数组合: {'dimensions': 166.20255139231847, 'hidden1': 110.2347587579154, 'hidden2': 102.4720860654754, 'decoder1': 634.2072835907202, 'lr': np.float64(0.00620448973305458), 'dropout': 0.3091076146270796, 'weight_decay': np.float64(0.004057095555226038), 'alpha': 0.48299534572327274, 'beta': 0.9038454012835818, 'gamma': 1.3843393391924999, 'gat_heads': np.int64(2), 'gt_heads': np.int64(2), 'fusion_heads': np.int64(2), 'batch': np.int64(32), 'moco_K': np.int64(4096), 'fusion_strategy': np.str_('hybrid'), 'feature_type': np.str_('normal'), 'moco_type': np.str_('basic')}
2026-01-27 14:46:27,149 - TaskEvaluator_LDA - INFO - 开始5折交叉验证
2026-01-27 14:46:27,153 - TaskEvaluator_LDA - WARNING - 未知参数: alpha
2026-01-27 14:46:27,153 - TaskEvaluator_LDA - WARNING - 未知参数: beta
2026-01-27 14:46:27,154 - TaskEvaluator_LDA - WARNING - 未知参数: gamma
2026-01-27 14:46:27,154 - TaskEvaluator_LDA - INFO - 执行第1折训练
2026-01-27 14:46:27,256 - TaskEvaluator_LDA - INFO - 第1折完成，AUROC: 0.8656
2026-01-27 14:46:27,256 - TaskEvaluator_LDA - INFO - 执行第2折训练
2026-01-27 14:46:27,357 - TaskEvaluator_LDA - INFO - 第2折完成，AUROC: 0.8677
2026-01-27 14:46:27,357 - TaskEvaluator_LDA - INFO - 执行第3折训练
2026-01-27 14:46:27,458 - TaskEvaluator_LDA - INFO - 第3折完成，AUROC: 0.8283
2026-01-27 14:46:27,459 - TaskEvaluator_LDA - INFO - 执行第4折训练
2026-01-27 14:46:27,559 - TaskEvaluator_LDA - INFO - 第4折完成，AUROC: 0.8456
2026-01-27 14:46:27,560 - TaskEvaluator_LDA - INFO - 执行第5折训练
2026-01-27 14:46:27,661 - TaskEvaluator_LDA - INFO - 第5折完成，AUROC: 0.8602
2026-01-27 14:46:27,661 - TaskEvaluator_LDA - INFO - 评估完成，AUROC: 0.8535±0.0148
2026-01-27 14:46:27,777 - BayesianOptimizer_LDA - INFO - 模型更新完成，帕累托前沿大小: 1
2026-01-27 14:46:27,777 - BayesianOptimizer_LDA - INFO - 第 7 次迭代完成，目标值: 0.853499, 帕累托前沿大小: 1, 耗时: 0.7s
2026-01-27 14:46:27,819 - BayesianOptimizer_LDA - WARNING - 采集函数优化失败: 采集函数优化失败，所有重启都失败了
2026-01-27 14:46:27,819 - BayesianOptimizer_LDA - INFO - 使用回退参数建议策略
2026-01-27 14:46:27,820 - BayesianOptimizer_LDA - INFO - 第 8 次迭代，评估参数: {'dimensions': 280.23265236590055, 'hidden1': np.int64(172), 'hidden2': np.int64(64), 'decoder1': 787.6325744723497, 'lr': np.float64(9.986031761032107e-05), 'dropout': 0.3010607163411514, 'weight_decay': np.float64(1.3741190533890707e-05), 'alpha': 0.13783728581791999, 'beta': 1.8572130191384553, 'gamma': 1.5809008819498884, 'gat_heads': np.int64(4), 'gt_heads': np.int64(4), 'fusion_heads': np.int64(8), 'batch': np.int64(16), 'moco_K': np.int64(1024), 'fusion_strategy': np.str_('self_attention'), 'feature_type': np.str_('uniform'), 'moco_type': np.str_('double_tau')}
2026-01-27 14:46:27,820 - TaskEvaluator_LDA - INFO - 开始评估参数组合: {'dimensions': 280.23265236590055, 'hidden1': np.int64(172), 'hidden2': np.int64(64), 'decoder1': 787.6325744723497, 'lr': np.float64(9.986031761032107e-05), 'dropout': 0.3010607163411514, 'weight_decay': np.float64(1.3741190533890707e-05), 'alpha': 0.13783728581791999, 'beta': 1.8572130191384553, 'gamma': 1.5809008819498884, 'gat_heads': np.int64(4), 'gt_heads': np.int64(4), 'fusion_heads': np.int64(8), 'batch': np.int64(16), 'moco_K': np.int64(1024), 'fusion_strategy': np.str_('self_attention'), 'feature_type': np.str_('uniform'), 'moco_type': np.str_('double_tau')}
2026-01-27 14:46:27,820 - TaskEvaluator_LDA - INFO - 开始5折交叉验证
2026-01-27 14:46:27,824 - TaskEvaluator_LDA - WARNING - 未知参数: alpha
2026-01-27 14:46:27,824 - TaskEvaluator_LDA - WARNING - 未知参数: beta
2026-01-27 14:46:27,825 - TaskEvaluator_LDA - WARNING - 未知参数: gamma
2026-01-27 14:46:27,825 - TaskEvaluator_LDA - INFO - 执行第1折训练
2026-01-27 14:46:27,926 - TaskEvaluator_LDA - INFO - 第1折完成，AUROC: 0.7553
2026-01-27 14:46:27,926 - TaskEvaluator_LDA - INFO - 执行第2折训练
2026-01-27 14:46:28,028 - TaskEvaluator_LDA - INFO - 第2折完成，AUROC: 0.7574
2026-01-27 14:46:28,028 - TaskEvaluator_LDA - INFO - 执行第3折训练
2026-01-27 14:46:28,129 - TaskEvaluator_LDA - INFO - 第3折完成，AUROC: 0.7179
2026-01-27 14:46:28,129 - TaskEvaluator_LDA - INFO - 执行第4折训练
2026-01-27 14:46:28,230 - TaskEvaluator_LDA - INFO - 第4折完成，AUROC: 0.7352
2026-01-27 14:46:28,230 - TaskEvaluator_LDA - INFO - 执行第5折训练
2026-01-27 14:46:28,331 - TaskEvaluator_LDA - INFO - 第5折完成，AUROC: 0.7499
2026-01-27 14:46:28,332 - TaskEvaluator_LDA - INFO - 评估完成，AUROC: 0.7431±0.0148
2026-01-27 14:46:28,428 - BayesianOptimizer_LDA - INFO - 模型更新完成，帕累托前沿大小: 1
2026-01-27 14:46:28,429 - BayesianOptimizer_LDA - INFO - 第 8 次迭代完成，目标值: 0.743134, 帕累托前沿大小: 1, 耗时: 0.7s
2026-01-27 14:46:28,434 - StateManager - INFO - 状态保存成功: checkpoints\checkpoint_iter_0008_20260127_144628.pkl
2026-01-27 14:46:28,440 - StateManager - INFO - 清理旧检查点: checkpoint_iter_0005_20260127_144607.pkl
2026-01-27 14:46:28,440 - BayesianOptimizer_LDA - INFO - 检查点保存成功: checkpoints\checkpoint_iter_0008_20260127_144628.pkl
2026-01-27 14:46:28,446 - StateManager - INFO - 状态保存成功: checkpoints\checkpoint_iter_0008_20260127_144628.pkl
2026-01-27 14:46:28,451 - BayesianOptimizer_LDA - INFO - 检查点保存成功: checkpoints\checkpoint_iter_0008_20260127_144628.pkl
2026-01-27 14:46:28,451 - TaskEvaluator_LDA - INFO - TaskEvaluator资源清理完成
2026-01-27 14:46:28,452 - BayesianOptimizer_LDA - INFO - 优化完成，总迭代次数: 8
2026-01-27 14:46:28,452 - BayesianOptimizer_LDA - INFO - 最佳目标值: 0.885513
2026-01-27 14:46:28,452 - BayesianOptimizer_LDA - INFO - 总耗时: 5.1 秒
2026-01-27 14:46:28,453 - TaskEvaluator_LDA - INFO - TaskEvaluator初始化完成，任务类型: LDA, 设备: cpu
2026-01-27 14:46:28,453 - TaskEvaluator_LDA - WARNING - 使用CPU模式，仅用于测试目的
2026-01-27 14:46:28,454 - StateManager - INFO - StateManager初始化完成，检查点目录: checkpoints
2026-01-27 14:46:28,455 - BayesianOptimizer_LDA - INFO - BayesianOptimizer初始化完成，任务类型: LDA
2026-01-27 14:46:28,455 - BayesianOptimizer_LDA - INFO - 参数空间包含 18 个参数
2026-01-27 14:46:28,455 - BayesianOptimizer_LDA - INFO - 采集函数: EI
2026-01-27 14:46:28,456 - BayesianOptimizer_LDA - INFO - 初始采样点数: 3
2026-01-27 14:46:28,456 - BayesianOptimizer_LDA - INFO - 初始化贝叶斯优化器...
2026-01-27 14:46:28,456 - BayesianOptimizer_LDA - INFO - 优化器初始化完成
2026-01-27 14:46:28,457 - BayesianOptimizer_LDA - INFO - 开始贝叶斯优化，最大迭代次数: 8
2026-01-27 14:46:28,457 - BayesianOptimizer_LDA - INFO - 第 1 次迭代，评估参数: {'dimensions': 348.08217226784217, 'hidden1': np.int64(248), 'hidden2': np.int64(64), 'decoder1': 879.3800450633782, 'lr': np.float64(0.00033938025027627276), 'dropout': 0.3896698361988937, 'weight_decay': np.float64(0.00152916101646897), 'alpha': 1.2300345082476487, 'beta': 0.8762982891022933, 'gamma': 1.3754252356291157, 'gat_heads': np.int64(4), 'gt_heads': np.int64(16), 'fusion_heads': np.int64(16), 'batch': np.int64(64), 'moco_K': np.int64(1024), 'fusion_strategy': np.str_('hybrid'), 'feature_type': np.str_('one_hot'), 'moco_type': np.str_('double_tau')}
2026-01-27 14:46:28,457 - TaskEvaluator_LDA - INFO - 开始评估参数组合: {'dimensions': 348.08217226784217, 'hidden1': np.int64(248), 'hidden2': np.int64(64), 'decoder1': 879.3800450633782, 'lr': np.float64(0.00033938025027627276), 'dropout': 0.3896698361988937, 'weight_decay': np.float64(0.00152916101646897), 'alpha': 1.2300345082476487, 'beta': 0.8762982891022933, 'gamma': 1.3754252356291157, 'gat_heads': np.int64(4), 'gt_heads': np.int64(16), 'fusion_heads': np.int64(16), 'batch': np.int64(64), 'moco_K': np.int64(1024), 'fusion_strategy': np.str_('hybrid'), 'feature_type': np.str_('one_hot'), 'moco_type': np.str_('double_tau')}
2026-01-27 14:46:28,458 - TaskEvaluator_LDA - INFO - 开始5折交叉验证
2026-01-27 14:46:28,464 - TaskEvaluator_LDA - WARNING - 未知参数: alpha
2026-01-27 14:46:28,465 - TaskEvaluator_LDA - WARNING - 未知参数: beta
2026-01-27 14:46:28,465 - TaskEvaluator_LDA - WARNING - 未知参数: gamma
2026-01-27 14:46:28,465 - TaskEvaluator_LDA - INFO - 执行第1折训练
2026-01-27 14:46:28,566 - TaskEvaluator_LDA - INFO - 第1折完成，AUROC: 0.8818
2026-01-27 14:46:28,567 - TaskEvaluator_LDA - INFO - 执行第2折训练
2026-01-27 14:46:28,668 - TaskEvaluator_LDA - INFO - 第2折完成，AUROC: 0.8839
2026-01-27 14:46:28,668 - TaskEvaluator_LDA - INFO - 执行第3折训练
2026-01-27 14:46:28,769 - TaskEvaluator_LDA - INFO - 第3折完成，AUROC: 0.8445
2026-01-27 14:46:28,769 - TaskEvaluator_LDA - INFO - 执行第4折训练
2026-01-27 14:46:28,870 - TaskEvaluator_LDA - INFO - 第4折完成，AUROC: 0.8618
2026-01-27 14:46:28,871 - TaskEvaluator_LDA - INFO - 执行第5折训练
2026-01-27 14:46:28,972 - TaskEvaluator_LDA - INFO - 第5折完成，AUROC: 0.8764
2026-01-27 14:46:28,972 - TaskEvaluator_LDA - INFO - 评估完成，AUROC: 0.8697±0.0148
2026-01-27 14:46:28,973 - BayesianOptimizer_LDA - INFO - 模型更新完成，帕累托前沿大小: 1
2026-01-27 14:46:28,973 - BayesianOptimizer_LDA - INFO - 第 1 次迭代完成，目标值: 0.869668, 帕累托前沿大小: 1, 耗时: 0.5s
2026-01-27 14:46:28,974 - BayesianOptimizer_LDA - INFO - 第 2 次迭代，评估参数: {'dimensions': 475.75204224907986, 'hidden1': 204.22896297083798, 'hidden2': 106.19866232192459, 'decoder1': 733.5811703650302, 'lr': np.float64(0.006339941124769435), 'dropout': 0.042473393469388276, 'weight_decay': np.float64(0.00032879035333419537), 'alpha': 1.5735863183010976, 'beta': 1.0717426729960984, 'gamma': 1.5221646654587566, 'gat_heads': np.int64(4), 'gt_heads': np.int64(2), 'fusion_heads': np.int64(2), 'batch': np.int64(25), 'moco_K': np.int64(4096), 'fusion_strategy': np.str_('transformer_multihead'), 'feature_type': np.str_('one_hot'), 'moco_type': np.str_('basic')}
2026-01-27 14:46:28,974 - TaskEvaluator_LDA - INFO - 开始评估参数组合: {'dimensions': 475.75204224907986, 'hidden1': 204.22896297083798, 'hidden2': 106.19866232192459, 'decoder1': 733.5811703650302, 'lr': np.float64(0.006339941124769435), 'dropout': 0.042473393469388276, 'weight_decay': np.float64(0.00032879035333419537), 'alpha': 1.5735863183010976, 'beta': 1.0717426729960984, 'gamma': 1.5221646654587566, 'gat_heads': np.int64(4), 'gt_heads': np.int64(2), 'fusion_heads': np.int64(2), 'batch': np.int64(25), 'moco_K': np.int64(4096), 'fusion_strategy': np.str_('transformer_multihead'), 'feature_type': np.str_('one_hot'), 'moco_type': np.str_('basic')}
2026-01-27 14:46:28,975 - TaskEvaluator_LDA - INFO - 开始5折交叉验证
2026-01-27 14:46:28,979 - TaskEvaluator_LDA - WARNING - 未知参数: alpha
2026-01-27 14:46:28,979 - TaskEvaluator_LDA - WARNING - 未知参数: beta
2026-01-27 14:46:28,980 - TaskEvaluator_LDA - WARNING - 未知参数: gamma
2026-01-27 14:46:28,981 - TaskEvaluator_LDA - INFO - 执行第1折训练
2026-01-27 14:46:29,082 - TaskEvaluator_LDA - INFO - 第1折完成，AUROC: 0.8652
2026-01-27 14:46:29,083 - TaskEvaluator_LDA - INFO - 执行第2折训练
2026-01-27 14:46:29,184 - TaskEvaluator_LDA - INFO - 第2折完成，AUROC: 0.8672
2026-01-27 14:46:29,185 - TaskEvaluator_LDA - INFO - 执行第3折训练
2026-01-27 14:46:29,286 - TaskEvaluator_LDA - INFO - 第3折完成，AUROC: 0.8278
2026-01-27 14:46:29,286 - TaskEvaluator_LDA - INFO - 执行第4折训练
2026-01-27 14:46:29,387 - TaskEvaluator_LDA - INFO - 第4折完成，AUROC: 0.8451
2026-01-27 14:46:29,388 - TaskEvaluator_LDA - INFO - 执行第5折训练
2026-01-27 14:46:29,489 - TaskEvaluator_LDA - INFO - 第5折完成，AUROC: 0.8598
2026-01-27 14:46:29,489 - TaskEvaluator_LDA - INFO - 评估完成，AUROC: 0.8530±0.0148
2026-01-27 14:46:29,581 - BayesianOptimizer_LDA - INFO - 模型更新完成，帕累托前沿大小: 1
2026-01-27 14:46:29,581 - BayesianOptimizer_LDA - INFO - 第 2 次迭代完成，目标值: 0.853030, 帕累托前沿大小: 1, 耗时: 0.6s
2026-01-27 14:46:29,583 - BayesianOptimizer_LDA - INFO - 第 3 次迭代，评估参数: {'dimensions': 412.8519659427433, 'hidden1': np.int64(180), 'hidden2': np.int64(72), 'decoder1': 335.66082276958105, 'lr': np.float64(0.007953449895358563), 'dropout': 0.1603751604396405, 'weight_decay': np.float64(6.328870435142751e-06), 'alpha': 1.7297424594668793, 'beta': 1.0749775721124306, 'gamma': 0.44055610409877377, 'gat_heads': np.int64(4), 'gt_heads': np.int64(4), 'fusion_heads': np.int64(4), 'batch': np.int64(64), 'moco_K': np.int64(8192), 'fusion_strategy': np.str_('hybrid'), 'feature_type': np.str_('one_hot'), 'moco_type': np.str_('double_tau')}
2026-01-27 14:46:29,583 - TaskEvaluator_LDA - INFO - 开始评估参数组合: {'dimensions': 412.8519659427433, 'hidden1': np.int64(180), 'hidden2': np.int64(72), 'decoder1': 335.66082276958105, 'lr': np.float64(0.007953449895358563), 'dropout': 0.1603751604396405, 'weight_decay': np.float64(6.328870435142751e-06), 'alpha': 1.7297424594668793, 'beta': 1.0749775721124306, 'gamma': 0.44055610409877377, 'gat_heads': np.int64(4), 'gt_heads': np.int64(4), 'fusion_heads': np.int64(4), 'batch': np.int64(64), 'moco_K': np.int64(8192), 'fusion_strategy': np.str_('hybrid'), 'feature_type': np.str_('one_hot'), 'moco_type': np.str_('double_tau')}
2026-01-27 14:46:29,583 - TaskEvaluator_LDA - INFO - 开始5折交叉验证
2026-01-27 14:46:29,588 - TaskEvaluator_LDA - WARNING - 未知参数: alpha
2026-01-27 14:46:29,589 - TaskEvaluator_LDA - WARNING - 未知参数: beta
2026-01-27 14:46:29,589 - TaskEvaluator_LDA - WARNING - 未知参数: gamma
2026-01-27 14:46:29,590 - TaskEvaluator_LDA - INFO - 执行第1折训练
2026-01-27 14:46:29,690 - TaskEvaluator_LDA - INFO - 第1折完成，AUROC: 0.8603
2026-01-27 14:46:29,691 - TaskEvaluator_LDA - INFO - 执行第2折训练
2026-01-27 14:46:29,792 - TaskEvaluator_LDA - INFO - 第2折完成，AUROC: 0.8623
2026-01-27 14:46:29,792 - TaskEvaluator_LDA - INFO - 执行第3折训练
2026-01-27 14:46:29,893 - TaskEvaluator_LDA - INFO - 第3折完成，AUROC: 0.8229
2026-01-27 14:46:29,893 - TaskEvaluator_LDA - INFO - 执行第4折训练
2026-01-27 14:46:29,995 - TaskEvaluator_LDA - INFO - 第4折完成，AUROC: 0.8402
2026-01-27 14:46:29,995 - TaskEvaluator_LDA - INFO - 执行第5折训练
2026-01-27 14:46:30,096 - TaskEvaluator_LDA - INFO - 第5折完成，AUROC: 0.8549
2026-01-27 14:46:30,096 - TaskEvaluator_LDA - INFO - 评估完成，AUROC: 0.8481±0.0148
2026-01-27 14:46:30,198 - BayesianOptimizer_LDA - INFO - 模型更新完成，帕累托前沿大小: 1
2026-01-27 14:46:30,198 - BayesianOptimizer_LDA - INFO - 第 3 次迭代完成，目标值: 0.848106, 帕累托前沿大小: 1, 耗时: 0.6s
2026-01-27 14:46:30,241 - BayesianOptimizer_LDA - WARNING - 采集函数优化失败: 采集函数优化失败，所有重启都失败了
2026-01-27 14:46:30,241 - BayesianOptimizer_LDA - INFO - 使用回退参数建议策略
2026-01-27 14:46:30,242 - BayesianOptimizer_LDA - INFO - 第 4 次迭代，评估参数: {'dimensions': 474.4350773262527, 'hidden1': np.int64(144), 'hidden2': 118.62725051613732, 'decoder1': 303.232217670645, 'lr': np.float64(0.00044999236646441813), 'dropout': 0.056216386594886925, 'weight_decay': np.float64(0.0010528108877887533), 'alpha': 1.9130839354873055, 'beta': 1.895725557225704, 'gamma': 1.4693228268128466, 'gat_heads': np.int64(4), 'gt_heads': np.int64(2), 'fusion_heads': np.int64(2), 'batch': np.int64(32), 'moco_K': np.int64(4096), 'fusion_strategy': np.str_('hybrid'), 'feature_type': np.str_('uniform'), 'moco_type': np.str_('double_tau')}
2026-01-27 14:46:30,242 - TaskEvaluator_LDA - INFO - 开始评估参数组合: {'dimensions': 474.4350773262527, 'hidden1': np.int64(144), 'hidden2': 118.62725051613732, 'decoder1': 303.232217670645, 'lr': np.float64(0.00044999236646441813), 'dropout': 0.056216386594886925, 'weight_decay': np.float64(0.0010528108877887533), 'alpha': 1.9130839354873055, 'beta': 1.895725557225704, 'gamma': 1.4693228268128466, 'gat_heads': np.int64(4), 'gt_heads': np.int64(2), 'fusion_heads': np.int64(2), 'batch': np.int64(32), 'moco_K': np.int64(4096), 'fusion_strategy': np.str_('hybrid'), 'feature_type': np.str_('uniform'), 'moco_type': np.str_('double_tau')}
2026-01-27 14:46:30,243 - TaskEvaluator_LDA - INFO - 开始5折交叉验证
2026-01-27 14:46:30,246 - TaskEvaluator_LDA - WARNING - 未知参数: alpha
2026-01-27 14:46:30,247 - TaskEvaluator_LDA - WARNING - 未知参数: beta
2026-01-27 14:46:30,247 - TaskEvaluator_LDA - WARNING - 未知参数: gamma
2026-01-27 14:46:30,247 - TaskEvaluator_LDA - INFO - 执行第1折训练
2026-01-27 14:46:30,348 - TaskEvaluator_LDA - INFO - 第1折完成，AUROC: 0.8879
2026-01-27 14:46:30,349 - TaskEvaluator_LDA - INFO - 执行第2折训练
2026-01-27 14:46:30,450 - TaskEvaluator_LDA - INFO - 第2折完成，AUROC: 0.8900
2026-01-27 14:46:30,451 - TaskEvaluator_LDA - INFO - 执行第3折训练
2026-01-27 14:46:30,552 - TaskEvaluator_LDA - INFO - 第3折完成，AUROC: 0.8506
2026-01-27 14:46:30,552 - TaskEvaluator_LDA - INFO - 执行第4折训练
2026-01-27 14:46:30,653 - TaskEvaluator_LDA - INFO - 第4折完成，AUROC: 0.8679
2026-01-27 14:46:30,653 - TaskEvaluator_LDA - INFO - 执行第5折训练
2026-01-27 14:46:30,754 - TaskEvaluator_LDA - INFO - 第5折完成，AUROC: 0.8825
2026-01-27 14:46:30,755 - TaskEvaluator_LDA - INFO - 评估完成，AUROC: 0.8758±0.0148
2026-01-27 14:46:30,850 - BayesianOptimizer_LDA - INFO - 模型更新完成，帕累托前沿大小: 1
2026-01-27 14:46:30,851 - BayesianOptimizer_LDA - INFO - 第 4 次迭代完成，目标值: 0.875794, 帕累托前沿大小: 1, 耗时: 0.7s
2026-01-27 14:46:30,854 - StateManager - INFO - 状态保存成功: checkpoints\checkpoint_iter_0004_20260127_144630.pkl
2026-01-27 14:46:30,860 - StateManager - INFO - 清理旧检查点: checkpoint_iter_0004_20260127_144630.pkl
2026-01-27 14:46:30,860 - BayesianOptimizer_LDA - INFO - 检查点保存成功: checkpoints\checkpoint_iter_0004_20260127_144630.pkl
2026-01-27 14:46:30,904 - BayesianOptimizer_LDA - WARNING - 采集函数优化失败: 采集函数优化失败，所有重启都失败了
2026-01-27 14:46:30,905 - BayesianOptimizer_LDA - INFO - 使用回退参数建议策略
2026-01-27 14:46:30,905 - BayesianOptimizer_LDA - INFO - 第 5 次迭代，评估参数: {'dimensions': 509.90140380312727, 'hidden1': 146.01623231530772, 'hidden2': np.int64(40), 'decoder1': 603.8078401955156, 'lr': np.float64(0.0008827638560546667), 'dropout': 0.43243290027391945, 'weight_decay': np.float64(0.005861673058482919), 'alpha': 1.9361320741637773, 'beta': 0.1299355097220634, 'gamma': 1.2971478948274764, 'gat_heads': np.int64(2), 'gt_heads': np.int64(8), 'fusion_heads': np.int64(8), 'batch': np.int64(16), 'moco_K': np.int64(1024), 'fusion_strategy': np.str_('self_attention'), 'feature_type': np.str_('uniform'), 'moco_type': np.str_('double_tau')}
2026-01-27 14:46:30,905 - TaskEvaluator_LDA - INFO - 开始评估参数组合: {'dimensions': 509.90140380312727, 'hidden1': 146.01623231530772, 'hidden2': np.int64(40), 'decoder1': 603.8078401955156, 'lr': np.float64(0.0008827638560546667), 'dropout': 0.43243290027391945, 'weight_decay': np.float64(0.005861673058482919), 'alpha': 1.9361320741637773, 'beta': 0.1299355097220634, 'gamma': 1.2971478948274764, 'gat_heads': np.int64(2), 'gt_heads': np.int64(8), 'fusion_heads': np.int64(8), 'batch': np.int64(16), 'moco_K': np.int64(1024), 'fusion_strategy': np.str_('self_attention'), 'feature_type': np.str_('uniform'), 'moco_type': np.str_('double_tau')}
2026-01-27 14:46:30,906 - TaskEvaluator_LDA - INFO - 开始5折交叉验证
2026-01-27 14:46:30,908 - TaskEvaluator_LDA - WARNING - 未知参数: alpha
2026-01-27 14:46:30,909 - TaskEvaluator_LDA - WARNING - 未知参数: beta
2026-01-27 14:46:30,909 - TaskEvaluator_LDA - WARNING - 未知参数: gamma
2026-01-27 14:46:30,910 - TaskEvaluator_LDA - INFO - 执行第1折训练
2026-01-27 14:46:31,010 - TaskEvaluator_LDA - INFO - 第1折完成，AUROC: 0.9026
2026-01-27 14:46:31,011 - TaskEvaluator_LDA - INFO - 执行第2折训练
2026-01-27 14:46:31,112 - TaskEvaluator_LDA - INFO - 第2折完成，AUROC: 0.9046
2026-01-27 14:46:31,112 - TaskEvaluator_LDA - INFO - 执行第3折训练
2026-01-27 14:46:31,213 - TaskEvaluator_LDA - INFO - 第3折完成，AUROC: 0.8652
2026-01-27 14:46:31,214 - TaskEvaluator_LDA - INFO - 执行第4折训练
2026-01-27 14:46:31,315 - TaskEvaluator_LDA - INFO - 第4折完成，AUROC: 0.8825
2026-01-27 14:46:31,315 - TaskEvaluator_LDA - INFO - 执行第5折训练
2026-01-27 14:46:31,416 - TaskEvaluator_LDA - INFO - 第5折完成，AUROC: 0.8972
2026-01-27 14:46:31,417 - TaskEvaluator_LDA - INFO - 评估完成，AUROC: 0.8904±0.0148
2026-01-27 14:46:31,503 - BayesianOptimizer_LDA - INFO - 模型更新完成，帕累托前沿大小: 1
2026-01-27 14:46:31,503 - BayesianOptimizer_LDA - INFO - 第 5 次迭代完成，目标值: 0.890426, 帕累托前沿大小: 1, 耗时: 0.6s
2026-01-27 14:46:31,544 - BayesianOptimizer_LDA - WARNING - 采集函数优化失败: 采集函数优化失败，所有重启都失败了
2026-01-27 14:46:31,544 - BayesianOptimizer_LDA - INFO - 使用回退参数建议策略
2026-01-27 14:46:31,545 - BayesianOptimizer_LDA - INFO - 第 6 次迭代，评估参数: {'dimensions': 314.1718057327067, 'hidden1': 148.04627297542373, 'hidden2': 38.23338579527065, 'decoder1': 674.3521295995495, 'lr': np.float64(0.0004939662212476531), 'dropout': 0.12738991845532716, 'weight_decay': np.float64(2.565679975691155e-05), 'alpha': 0.4284037782788255, 'beta': 1.5338954275996133, 'gamma': 1.0200383525674002, 'gat_heads': np.int64(4), 'gt_heads': np.int64(2), 'fusion_heads': np.int64(2), 'batch': np.int64(25), 'moco_K': np.int64(4096), 'fusion_strategy': np.str_('transformer_multihead'), 'feature_type': np.str_('uniform'), 'moco_type': np.str_('double_tau')}
2026-01-27 14:46:31,545 - TaskEvaluator_LDA - INFO - 开始评估参数组合: {'dimensions': 314.1718057327067, 'hidden1': 148.04627297542373, 'hidden2': 38.23338579527065, 'decoder1': 674.3521295995495, 'lr': np.float64(0.0004939662212476531), 'dropout': 0.12738991845532716, 'weight_decay': np.float64(2.565679975691155e-05), 'alpha': 0.4284037782788255, 'beta': 1.5338954275996133, 'gamma': 1.0200383525674002, 'gat_heads': np.int64(4), 'gt_heads': np.int64(2), 'fusion_heads': np.int64(2), 'batch': np.int64(25), 'moco_K': np.int64(4096), 'fusion_strategy': np.str_('transformer_multihead'), 'feature_type': np.str_('uniform'), 'moco_type': np.str_('double_tau')}
2026-01-27 14:46:31,545 - TaskEvaluator_LDA - INFO - 开始5折交叉验证
2026-01-27 14:46:31,548 - TaskEvaluator_LDA - WARNING - 未知参数: alpha
2026-01-27 14:46:31,549 - TaskEvaluator_LDA - WARNING - 未知参数: beta
2026-01-27 14:46:31,549 - TaskEvaluator_LDA - WARNING - 未知参数: gamma
2026-01-27 14:46:31,549 - TaskEvaluator_LDA - INFO - 执行第1折训练
2026-01-27 14:46:31,650 - TaskEvaluator_LDA - INFO - 第1折完成，AUROC: 0.8900
2026-01-27 14:46:31,651 - TaskEvaluator_LDA - INFO - 执行第2折训练
2026-01-27 14:46:31,752 - TaskEvaluator_LDA - INFO - 第2折完成，AUROC: 0.8920
2026-01-27 14:46:31,752 - TaskEvaluator_LDA - INFO - 执行第3折训练
2026-01-27 14:46:31,853 - TaskEvaluator_LDA - INFO - 第3折完成，AUROC: 0.8526
2026-01-27 14:46:31,854 - TaskEvaluator_LDA - INFO - 执行第4折训练
2026-01-27 14:46:31,954 - TaskEvaluator_LDA - INFO - 第4折完成，AUROC: 0.8699
2026-01-27 14:46:31,955 - TaskEvaluator_LDA - INFO - 执行第5折训练
2026-01-27 14:46:32,056 - TaskEvaluator_LDA - INFO - 第5折完成，AUROC: 0.8846
2026-01-27 14:46:32,056 - TaskEvaluator_LDA - INFO - 评估完成，AUROC: 0.8778±0.0148
2026-01-27 14:46:32,177 - BayesianOptimizer_LDA - INFO - 模型更新完成，帕累托前沿大小: 1
2026-01-27 14:46:32,178 - BayesianOptimizer_LDA - INFO - 第 6 次迭代完成，目标值: 0.877819, 帕累托前沿大小: 1, 耗时: 0.7s
2026-01-27 14:46:32,218 - BayesianOptimizer_LDA - WARNING - 采集函数优化失败: 采集函数优化失败，所有重启都失败了
2026-01-27 14:46:32,218 - BayesianOptimizer_LDA - INFO - 使用回退参数建议策略
2026-01-27 14:46:32,219 - BayesianOptimizer_LDA - INFO - 第 7 次迭代，评估参数: {'dimensions': 394.675634872097, 'hidden1': np.int64(144), 'hidden2': 40.250793253286474, 'decoder1': 290.5181112676797, 'lr': np.float64(8.481651481556879e-05), 'dropout': 0.25267158635016956, 'weight_decay': np.float64(0.00021951467735635005), 'alpha': 0.6026745941759103, 'beta': 0.20746823712292928, 'gamma': 0.14940214292474296, 'gat_heads': np.int64(8), 'gt_heads': np.int64(2), 'fusion_heads': np.int64(8), 'batch': np.int64(32), 'moco_K': np.int64(8192), 'fusion_strategy': np.str_('hybrid'), 'feature_type': np.str_('uniform'), 'moco_type': np.str_('basic')}
2026-01-27 14:46:32,219 - TaskEvaluator_LDA - INFO - 开始评估参数组合: {'dimensions': 394.675634872097, 'hidden1': np.int64(144), 'hidden2': 40.250793253286474, 'decoder1': 290.5181112676797, 'lr': np.float64(8.481651481556879e-05), 'dropout': 0.25267158635016956, 'weight_decay': np.float64(0.00021951467735635005), 'alpha': 0.6026745941759103, 'beta': 0.20746823712292928, 'gamma': 0.14940214292474296, 'gat_heads': np.int64(8), 'gt_heads': np.int64(2), 'fusion_heads': np.int64(8), 'batch': np.int64(32), 'moco_K': np.int64(8192), 'fusion_strategy': np.str_('hybrid'), 'feature_type': np.str_('uniform'), 'moco_type': np.str_('basic')}
2026-01-27 14:46:32,219 - TaskEvaluator_LDA - INFO - 开始5折交叉验证
2026-01-27 14:46:32,222 - TaskEvaluator_LDA - WARNING - 未知参数: alpha
2026-01-27 14:46:32,223 - TaskEvaluator_LDA - WARNING - 未知参数: beta
2026-01-27 14:46:32,223 - TaskEvaluator_LDA - WARNING - 未知参数: gamma
2026-01-27 14:46:32,224 - TaskEvaluator_LDA - INFO - 执行第1折训练
2026-01-27 14:46:32,325 - TaskEvaluator_LDA - INFO - 第1折完成，AUROC: 0.7553
2026-01-27 14:46:32,325 - TaskEvaluator_LDA - INFO - 执行第2折训练
2026-01-27 14:46:32,426 - TaskEvaluator_LDA - INFO - 第2折完成，AUROC: 0.7574
2026-01-27 14:46:32,427 - TaskEvaluator_LDA - INFO - 执行第3折训练
2026-01-27 14:46:32,527 - TaskEvaluator_LDA - INFO - 第3折完成，AUROC: 0.7179
2026-01-27 14:46:32,528 - TaskEvaluator_LDA - INFO - 执行第4折训练
2026-01-27 14:46:32,628 - TaskEvaluator_LDA - INFO - 第4折完成，AUROC: 0.7352
2026-01-27 14:46:32,629 - TaskEvaluator_LDA - INFO - 执行第5折训练
2026-01-27 14:46:32,730 - TaskEvaluator_LDA - INFO - 第5折完成，AUROC: 0.7499
2026-01-27 14:46:32,730 - TaskEvaluator_LDA - INFO - 评估完成，AUROC: 0.7431±0.0148
2026-01-27 14:46:32,822 - BayesianOptimizer_LDA - INFO - 模型更新完成，帕累托前沿大小: 1
2026-01-27 14:46:32,822 - BayesianOptimizer_LDA - INFO - 第 7 次迭代完成，目标值: 0.743134, 帕累托前沿大小: 1, 耗时: 0.6s
2026-01-27 14:46:32,863 - BayesianOptimizer_LDA - WARNING - 采集函数优化失败: 采集函数优化失败，所有重启都失败了
2026-01-27 14:46:32,863 - BayesianOptimizer_LDA - INFO - 使用回退参数建议策略
2026-01-27 14:46:32,864 - BayesianOptimizer_LDA - INFO - 第 8 次迭代，评估参数: {'dimensions': 298.59895075752127, 'hidden1': 154.68919575980746, 'hidden2': 70.60109760924202, 'decoder1': 734.8987324210473, 'lr': np.float64(0.0020445610363712193), 'dropout': 0.2336017281129743, 'weight_decay': np.float64(1.5174524984746824e-05), 'alpha': 0.30505772241315615, 'beta': 0.39819574970169713, 'gamma': 0.43415677574832645, 'gat_heads': np.int64(2), 'gt_heads': np.int64(2), 'fusion_heads': np.int64(2), 'batch': np.int64(25), 'moco_K': np.int64(2048), 'fusion_strategy': np.str_('hybrid'), 'feature_type': np.str_('uniform'), 'moco_type': np.str_('double_tau')}
2026-01-27 14:46:32,864 - TaskEvaluator_LDA - INFO - 开始评估参数组合: {'dimensions': 298.59895075752127, 'hidden1': 154.68919575980746, 'hidden2': 70.60109760924202, 'decoder1': 734.8987324210473, 'lr': np.float64(0.0020445610363712193), 'dropout': 0.2336017281129743, 'weight_decay': np.float64(1.5174524984746824e-05), 'alpha': 0.30505772241315615, 'beta': 0.39819574970169713, 'gamma': 0.43415677574832645, 'gat_heads': np.int64(2), 'gt_heads': np.int64(2), 'fusion_heads': np.int64(2), 'batch': np.int64(25), 'moco_K': np.int64(2048), 'fusion_strategy': np.str_('hybrid'), 'feature_type': np.str_('uniform'), 'moco_type': np.str_('double_tau')}
2026-01-27 14:46:32,865 - TaskEvaluator_LDA - INFO - 开始5折交叉验证
2026-01-27 14:46:32,869 - TaskEvaluator_LDA - WARNING - 未知参数: alpha
2026-01-27 14:46:32,869 - TaskEvaluator_LDA - WARNING - 未知参数: beta
2026-01-27 14:46:32,869 - TaskEvaluator_LDA - WARNING - 未知参数: gamma
2026-01-27 14:46:32,870 - TaskEvaluator_LDA - INFO - 执行第1折训练
2026-01-27 14:46:32,971 - TaskEvaluator_LDA - INFO - 第1折完成，AUROC: 0.8898
2026-01-27 14:46:32,971 - TaskEvaluator_LDA - INFO - 执行第2折训练
2026-01-27 14:46:33,072 - TaskEvaluator_LDA - INFO - 第2折完成，AUROC: 0.8918
2026-01-27 14:46:33,073 - TaskEvaluator_LDA - INFO - 执行第3折训练
2026-01-27 14:46:33,173 - TaskEvaluator_LDA - INFO - 第3折完成，AUROC: 0.8524
2026-01-27 14:46:33,174 - TaskEvaluator_LDA - INFO - 执行第4折训练
2026-01-27 14:46:33,275 - TaskEvaluator_LDA - INFO - 第4折完成，AUROC: 0.8697
2026-01-27 14:46:33,275 - TaskEvaluator_LDA - INFO - 执行第5折训练
2026-01-27 14:46:33,376 - TaskEvaluator_LDA - INFO - 第5折完成，AUROC: 0.8844
2026-01-27 14:46:33,377 - TaskEvaluator_LDA - INFO - 评估完成，AUROC: 0.8776±0.0148
2026-01-27 14:46:33,463 - BayesianOptimizer_LDA - INFO - 模型更新完成，帕累托前沿大小: 1
2026-01-27 14:46:33,464 - BayesianOptimizer_LDA - INFO - 第 8 次迭代完成，目标值: 0.877604, 帕累托前沿大小: 1, 耗时: 0.6s
2026-01-27 14:46:33,469 - StateManager - INFO - 状态保存成功: checkpoints\checkpoint_iter_0008_20260127_144633.pkl
2026-01-27 14:46:33,476 - StateManager - INFO - 清理旧检查点: checkpoint_iter_0005_20260127_144600.pkl
2026-01-27 14:46:33,476 - BayesianOptimizer_LDA - INFO - 检查点保存成功: checkpoints\checkpoint_iter_0008_20260127_144633.pkl
2026-01-27 14:46:33,481 - StateManager - INFO - 状态保存成功: checkpoints\checkpoint_iter_0008_20260127_144633.pkl
2026-01-27 14:46:33,487 - BayesianOptimizer_LDA - INFO - 检查点保存成功: checkpoints\checkpoint_iter_0008_20260127_144633.pkl
2026-01-27 14:46:33,487 - TaskEvaluator_LDA - INFO - TaskEvaluator资源清理完成
2026-01-27 14:46:33,488 - BayesianOptimizer_LDA - INFO - 优化完成，总迭代次数: 8
2026-01-27 14:46:33,488 - BayesianOptimizer_LDA - INFO - 最佳目标值: 0.890426
2026-01-27 14:46:33,488 - BayesianOptimizer_LDA - INFO - 总耗时: 5.0 秒
