2025-10-19 10:35:20 | INFO | EM | ================================================================================
2025-10-19 10:35:20 | INFO | EM | RUN START | run_id=20251019_103520 | run_name=LMI_B_007
2025-10-19 10:35:20 | INFO | EM | COMMAND: /root/miniconda3/bin/python /root/hyperparameter-tuning/main.py --task_type=LMI --epochs=50 --seed=0 --run_name=LMI_B_007 --dimensions=64 --hidden1=128 --hidden2=64 --lr=0.0001 --weight_decay=0.0001 --dropout=0.2 --batch=32 --moco_queue=1024 --moco_momentum=0.99 --moco_t=0.2 --loss_ratio1=0.6 --loss_ratio2=0.5 --loss_ratio3=0.4 --feature_type=one_hot --augment=random_permute_features,attribute_mask,noise_then_mask --augment_mode=online --proj_dim=32 --similarity_threshold=0.5 --noise_std=0.02 --mask_rate=0.2
2025-10-19 10:35:20 | INFO | EM | ================================================================================
2025-10-19 10:35:20 | INFO | EM.result | Result directory: /root/OUTPUT/result/LMI_B_007_data_20251019_103520
2025-10-19 10:35:20 | INFO | EM | Initialized logging and result directory.
2025-10-19 10:35:20 | INFO | EM | Using CUDA: True
2025-10-19 10:35:20 | INFO | EM | CUDA device count: 1
2025-10-19 10:35:20 | INFO | EM | Current CUDA device: 0
2025-10-19 10:35:20 | INFO | EM | CUDA device name: NVIDIA GeForce RTX 4090
2025-10-19 10:35:20 | INFO | EM | === Augmentation Config ===
2025-10-19 10:35:20 | INFO | EM | [AUG CONFIG] Multiple augmentations detected: random_permute_features, attribute_mask, noise_then_mask
2025-10-19 10:35:20 | INFO | EM | augment=random_permute_features,attribute_mask,noise_then_mask | mode=online | noise_std=0.02 | mask_rate=0.2 | augment_seed=None (None means seed+fold for static)
2025-10-19 10:35:20 | INFO | EM | ===========================
2025-10-19 10:35:20 | INFO | EM | Loading dataset1/LDA.edgelist seed0 dataset...
2025-10-19 10:35:20 | INFO | EM | Selected cross_validation type: 5_cv1
2025-10-19 10:35:20 | INFO | EM | Selected task_type: LMI
2025-10-19 10:35:20 | INFO | EM | Selected feature_type: one_hot
2025-10-19 10:35:20 | INFO | EM | Selected embed_dim: N/A
2025-10-19 10:35:20 | INFO | EM | Selected learning_rate: N/A
2025-10-19 10:35:20 | INFO | EM | Selected epochs: 50
2025-10-19 10:35:20 | INFO | EM | Selected task type...
2025-10-19 10:35:29 | INFO | EM.print | [AUG][static][fold=1] start name=random_permute_features noise_std=0.02 mask_rate=0.2 seed=0
2025-10-19 10:35:29 | INFO | EM.print | [AUG][static][fold=1] done name=random_permute_features shape=(1140, 1140)
2025-10-19 10:35:29 | INFO | EM.augment | [AUGMENT][fold=1] name=random_permute_features noise_std=0.02 mask_rate=0.2 seed=0 masked_cols=0 shape=(1140, 1140) mean=0.0009 std=0.0296
2025-10-19 10:35:37 | INFO | EM.print | [AUG][static][fold=2] start name=random_permute_features noise_std=0.02 mask_rate=0.2 seed=1
2025-10-19 10:35:37 | INFO | EM.print | [AUG][static][fold=2] done name=random_permute_features shape=(1140, 1140)
2025-10-19 10:35:37 | INFO | EM.augment | [AUGMENT][fold=2] name=random_permute_features noise_std=0.02 mask_rate=0.2 seed=1 masked_cols=0 shape=(1140, 1140) mean=0.0009 std=0.0296
2025-10-19 10:35:46 | INFO | EM.print | [AUG][static][fold=3] start name=random_permute_features noise_std=0.02 mask_rate=0.2 seed=2
2025-10-19 10:35:46 | INFO | EM.print | [AUG][static][fold=3] done name=random_permute_features shape=(1140, 1140)
2025-10-19 10:35:46 | INFO | EM.augment | [AUGMENT][fold=3] name=random_permute_features noise_std=0.02 mask_rate=0.2 seed=2 masked_cols=0 shape=(1140, 1140) mean=0.0009 std=0.0296
2025-10-19 10:35:54 | INFO | EM.print | [AUG][static][fold=4] start name=random_permute_features noise_std=0.02 mask_rate=0.2 seed=3
2025-10-19 10:35:54 | INFO | EM.print | [AUG][static][fold=4] done name=random_permute_features shape=(1140, 1140)
2025-10-19 10:35:54 | INFO | EM.augment | [AUGMENT][fold=4] name=random_permute_features noise_std=0.02 mask_rate=0.2 seed=3 masked_cols=0 shape=(1140, 1140) mean=0.0009 std=0.0296
2025-10-19 10:36:03 | INFO | EM.print | [AUG][static][fold=5] start name=random_permute_features noise_std=0.02 mask_rate=0.2 seed=4
2025-10-19 10:36:03 | INFO | EM.print | [AUG][static][fold=5] done name=random_permute_features shape=(1140, 1140)
2025-10-19 10:36:03 | INFO | EM.augment | [AUGMENT][fold=5] name=random_permute_features noise_std=0.02 mask_rate=0.2 seed=4 masked_cols=0 shape=(1140, 1140) mean=0.0009 std=0.0296
2025-10-19 10:36:03 | INFO | EM | [DATALOADER] os=linux workers=8 prefetch_factor=4
2025-10-19 10:36:03 | INFO | EM.fold_stats | Saved fold stats to /root/OUTPUT/result/metrics/fold_stats.json
2025-10-19 10:36:03 | INFO | EM | Loading finished!
2025-10-19 10:36:03 | INFO | EM | Starting 5-fold cross validation...
2025-10-19 10:36:03 | INFO | EM | === Fold 1/5 ===
2025-10-19 10:36:03 | INFO | EM.result.save | Saved result text: /root/OUTPUT/result/LMI_B_007_data_20251019_103520/metrics/adv_config_fold_1_20251019_103520.json.txt
2025-10-19 10:36:03 | INFO | EM.print | [SAVE] adv config saved: metrics/adv_config_fold_1_20251019_103520.json
2025-10-19 10:36:03 | INFO | EM.print | Start Training...
2025-10-19 10:36:03 | INFO | EM.print | -------- Epoch 1 --------
2025-10-19 10:36:03 | INFO | EM.print | [AUG][online][epoch=1][iter=0] start name=random_permute_features noise_std=0.02 mask_rate=0.2 seed=0
2025-10-19 10:36:03 | INFO | EM.print | [AUG][online][epoch=1][iter=0] done name=random_permute_features shape=(1140, 1140)
2025-10-19 10:36:03 | INFO | EM.print | [ONLINE-AUG] mode=online name=random_permute_features noise_std=0.02 mask_rate=0.2 base_seed=0
2025-10-19 10:36:04 | INFO | EM.print | epoch: 1/ iteration: 1/ loss_train: 2.216589 | task_loss:0.7006 cont_loss:3.0197 adv_loss:0.7160
2025-10-19 10:36:06 | INFO | EM.print | epoch: 1/ iteration: 101/ loss_train: 3.971275 | task_loss:0.4511 cont_loss:6.9302 adv_loss:0.5887
2025-10-19 10:36:07 | INFO | EM.print | epoch: 0001 loss_train: 3.9235 task_loss: 0.4091 cont_loss: 6.9314 adv_loss: 0.5309 auroc_train: 0.8149 auprc_train: 0.8016 precision_train: 0.7076 recall_train: 0.8264 f1_train: 0.7624 cm_train: (tn=1413, fp=732, fn=372, tp=1771)
2025-10-19 10:36:07 | INFO | EM.print | -------- Epoch 2 --------
2025-10-19 10:36:07 | INFO | EM.print | [AUG][online][epoch=2][iter=0] start name=random_permute_features noise_std=0.02 mask_rate=0.2 seed=1000
2025-10-19 10:36:07 | INFO | EM.print | [AUG][online][epoch=2][iter=0] done name=random_permute_features shape=(1140, 1140)
2025-10-19 10:36:07 | INFO | EM.print | [ONLINE-AUG] mode=online name=random_permute_features noise_std=0.02 mask_rate=0.2 base_seed=0
2025-10-19 10:36:07 | INFO | EM.print | epoch: 2/ iteration: 1/ loss_train: 3.8903081 | task_loss:0.3549 cont_loss:6.9308 adv_loss:0.5299
2025-10-19 10:36:10 | INFO | EM.print | epoch: 2/ iteration: 101/ loss_train: 3.8311996 | task_loss:0.4261 cont_loss:6.9303 adv_loss:0.2759
2025-10-19 10:36:11 | INFO | EM.print | epoch: 0002 loss_train: 3.6980 task_loss: 0.2539 cont_loss: 6.9307 adv_loss: 0.2007 auroc_train: 0.9257 auprc_train: 0.9218 precision_train: 0.8464 recall_train: 0.8464 f1_train: 0.8464 cm_train: (tn=1817, fp=329, fn=329, tp=1813)
2025-10-19 10:36:11 | INFO | EM.print | -------- Epoch 3 --------
2025-10-19 10:36:11 | INFO | EM.print | [AUG][online][epoch=3][iter=0] start name=random_permute_features noise_std=0.02 mask_rate=0.2 seed=2000
2025-10-19 10:36:11 | INFO | EM.print | [AUG][online][epoch=3][iter=0] done name=random_permute_features shape=(1140, 1140)
2025-10-19 10:36:11 | INFO | EM.print | [ONLINE-AUG] mode=online name=random_permute_features noise_std=0.02 mask_rate=0.2 base_seed=0
2025-10-19 10:36:11 | INFO | EM.print | epoch: 3/ iteration: 1/ loss_train: 3.7605817 | task_loss:0.3486 cont_loss:6.9293 adv_loss:0.2169
2025-10-19 10:36:13 | INFO | EM.print | epoch: 3/ iteration: 101/ loss_train: 3.7654479 | task_loss:0.4459 cont_loss:6.9190 adv_loss:0.0960
2025-10-19 10:36:14 | INFO | EM.print | epoch: 0003 loss_train: 3.6808 task_loss: 0.3202 cont_loss: 6.9063 adv_loss: 0.0887 auroc_train: 0.9348 auprc_train: 0.9323 precision_train: 0.8563 recall_train: 0.8591 f1_train: 0.8577 cm_train: (tn=1836, fp=309, fn=302, tp=1841)
2025-10-19 10:36:14 | INFO | EM.print | -------- Epoch 4 --------
2025-10-19 10:36:14 | INFO | EM.print | [AUG][online][epoch=4][iter=0] start name=random_permute_features noise_std=0.02 mask_rate=0.2 seed=3000
2025-10-19 10:36:14 | INFO | EM.print | [AUG][online][epoch=4][iter=0] done name=random_permute_features shape=(1140, 1140)
2025-10-19 10:36:14 | INFO | EM.print | [ONLINE-AUG] mode=online name=random_permute_features noise_std=0.02 mask_rate=0.2 base_seed=0
2025-10-19 10:36:14 | INFO | EM.print | epoch: 4/ iteration: 1/ loss_train: 3.6680427 | task_loss:0.3031 cont_loss:6.9064 adv_loss:0.0825
2025-10-19 10:36:17 | INFO | EM.print | epoch: 4/ iteration: 101/ loss_train: 3.5275927 | task_loss:0.2049 cont_loss:6.7691 adv_loss:0.0502
2025-10-19 10:36:17 | INFO | EM.print | epoch: 0004 loss_train: 3.4957 task_loss: 0.1781 cont_loss: 6.7329 adv_loss: 0.0560 auroc_train: 0.9412 auprc_train: 0.9390 precision_train: 0.8662 recall_train: 0.8690 f1_train: 0.8676 cm_train: (tn=1855, fp=288, fn=281, tp=1864)
2025-10-19 10:36:17 | INFO | EM.print | -------- Epoch 5 --------
2025-10-19 10:36:17 | INFO | EM.print | [AUG][online][epoch=5][iter=0] start name=random_permute_features noise_std=0.02 mask_rate=0.2 seed=4000
2025-10-19 10:36:17 | INFO | EM.print | [AUG][online][epoch=5][iter=0] done name=random_permute_features shape=(1140, 1140)
2025-10-19 10:36:17 | INFO | EM.print | [ONLINE-AUG] mode=online name=random_permute_features noise_std=0.02 mask_rate=0.2 base_seed=0
2025-10-19 10:36:17 | INFO | EM.print | epoch: 5/ iteration: 1/ loss_train: 3.523961 | task_loss:0.2403 cont_loss:6.7166 adv_loss:0.0537
2025-10-19 10:36:20 | INFO | EM.print | epoch: 5/ iteration: 101/ loss_train: 3.5233567 | task_loss:0.2598 cont_loss:6.7068 adv_loss:0.0352
2025-10-19 10:36:21 | INFO | EM.print | epoch: 0005 loss_train: 3.6243 task_loss: 0.3874 cont_loss: 6.7602 adv_loss: 0.0293 auroc_train: 0.9454 auprc_train: 0.9435 precision_train: 0.8672 recall_train: 0.8647 f1_train: 0.8660 cm_train: (tn=1860, fp=284, fn=290, tp=1854)
2025-10-19 10:36:21 | INFO | EM.print | -------- Epoch 6 --------
2025-10-19 10:36:21 | INFO | EM.print | [AUG][online][epoch=6][iter=0] start name=random_permute_features noise_std=0.02 mask_rate=0.2 seed=5000
2025-10-19 10:36:21 | INFO | EM.print | [AUG][online][epoch=6][iter=0] done name=random_permute_features shape=(1140, 1140)
2025-10-19 10:36:21 | INFO | EM.print | [ONLINE-AUG] mode=online name=random_permute_features noise_std=0.02 mask_rate=0.2 base_seed=0
2025-10-19 10:36:21 | INFO | EM.print | epoch: 6/ iteration: 1/ loss_train: 3.6043417 | task_loss:0.2902 cont_loss:6.8339 adv_loss:0.0332
2025-10-19 10:36:24 | INFO | EM.print | epoch: 6/ iteration: 101/ loss_train: 3.5966856 | task_loss:0.2399 cont_loss:6.8849 adv_loss:0.0257
2025-10-19 10:36:25 | INFO | EM.print | epoch: 0006 loss_train: 3.6096 task_loss: 0.2939 cont_loss: 6.8408 adv_loss: 0.0322 auroc_train: 0.9492 auprc_train: 0.9479 precision_train: 0.8789 recall_train: 0.8744 f1_train: 0.8767 cm_train: (tn=1888, fp=258, fn=269, tp=1873)
2025-10-19 10:36:25 | INFO | EM.print | -------- Epoch 7 --------
2025-10-19 10:36:25 | INFO | EM.print | [AUG][online][epoch=7][iter=0] start name=random_permute_features noise_std=0.02 mask_rate=0.2 seed=6000
2025-10-19 10:36:25 | INFO | EM.print | [AUG][online][epoch=7][iter=0] done name=random_permute_features shape=(1140, 1140)
2025-10-19 10:36:25 | INFO | EM.print | [ONLINE-AUG] mode=online name=random_permute_features noise_std=0.02 mask_rate=0.2 base_seed=0
2025-10-19 10:36:25 | INFO | EM.print | epoch: 7/ iteration: 1/ loss_train: 3.6039116 | task_loss:0.3112 cont_loss:6.8115 adv_loss:0.0286
2025-10-19 10:36:27 | INFO | EM.print | epoch: 7/ iteration: 101/ loss_train: 3.6502538 | task_loss:0.3769 cont_loss:6.8249 adv_loss:0.0293
2025-10-19 10:36:28 | INFO | EM.print | epoch: 0007 loss_train: 3.5155 task_loss: 0.1770 cont_loss: 6.7996 adv_loss: 0.0238 auroc_train: 0.9507 auprc_train: 0.9497 precision_train: 0.8776 recall_train: 0.8764 f1_train: 0.8770 cm_train: (tn=1882, fp=262, fn=265, tp=1879)
2025-10-19 10:36:28 | INFO | EM.print | -------- Epoch 8 --------
2025-10-19 10:36:28 | INFO | EM.print | [AUG][online][epoch=8][iter=0] start name=random_permute_features noise_std=0.02 mask_rate=0.2 seed=7000
2025-10-19 10:36:28 | INFO | EM.print | [AUG][online][epoch=8][iter=0] done name=random_permute_features shape=(1140, 1140)
2025-10-19 10:36:28 | INFO | EM.print | [ONLINE-AUG] mode=online name=random_permute_features noise_std=0.02 mask_rate=0.2 base_seed=0
2025-10-19 10:36:28 | INFO | EM.print | epoch: 8/ iteration: 1/ loss_train: 3.6143126 | task_loss:0.2899 cont_loss:6.8644 adv_loss:0.0205
2025-10-19 10:36:31 | INFO | EM.print | epoch: 8/ iteration: 101/ loss_train: 3.6034799 | task_loss:0.2910 cont_loss:6.8294 adv_loss:0.0355
2025-10-19 10:36:31 | INFO | EM.print | epoch: 0008 loss_train: 3.6320 task_loss: 0.3633 cont_loss: 6.8044 adv_loss: 0.0296 auroc_train: 0.9520 auprc_train: 0.9522 precision_train: 0.8706 recall_train: 0.8787 f1_train: 0.8747 cm_train: (tn=1864, fp=280, fn=260, tp=1884)
2025-10-19 10:36:31 | INFO | EM.print | -------- Epoch 9 --------
2025-10-19 10:36:31 | INFO | EM.print | [AUG][online][epoch=9][iter=0] start name=random_permute_features noise_std=0.02 mask_rate=0.2 seed=8000
2025-10-19 10:36:31 | INFO | EM.print | [AUG][online][epoch=9][iter=0] done name=random_permute_features shape=(1140, 1140)
2025-10-19 10:36:31 | INFO | EM.print | [ONLINE-AUG] mode=online name=random_permute_features noise_std=0.02 mask_rate=0.2 base_seed=0
2025-10-19 10:36:31 | INFO | EM.print | epoch: 9/ iteration: 1/ loss_train: 3.5992303 | task_loss:0.2654 cont_loss:6.8637 adv_loss:0.0203
2025-10-19 10:36:34 | INFO | EM.print | epoch: 9/ iteration: 101/ loss_train: 3.5772607 | task_loss:0.3264 cont_loss:6.7421 adv_loss:0.0260
2025-10-19 10:36:35 | INFO | EM.print | epoch: 0009 loss_train: 3.5576 task_loss: 0.2378 cont_loss: 6.8193 adv_loss: 0.0132 auroc_train: 0.9546 auprc_train: 0.9549 precision_train: 0.8792 recall_train: 0.8718 f1_train: 0.8755 cm_train: (tn=1886, fp=257, fn=275, tp=1870)
2025-10-19 10:36:35 | INFO | EM.print | -------- Epoch 10 --------
2025-10-19 10:36:35 | INFO | EM.print | [AUG][online][epoch=10][iter=0] start name=random_permute_features noise_std=0.02 mask_rate=0.2 seed=9000
2025-10-19 10:36:35 | INFO | EM.print | [AUG][online][epoch=10][iter=0] done name=random_permute_features shape=(1140, 1140)
2025-10-19 10:36:35 | INFO | EM.print | [ONLINE-AUG] mode=online name=random_permute_features noise_std=0.02 mask_rate=0.2 base_seed=0
2025-10-19 10:36:35 | INFO | EM.print | epoch: 10/ iteration: 1/ loss_train: 3.6425512 | task_loss:0.3188 cont_loss:6.8824 adv_loss:0.0252
2025-10-19 10:36:37 | INFO | EM.print | epoch: 10/ iteration: 101/ loss_train: 3.6407042 | task_loss:0.3715 cont_loss:6.8261 adv_loss:0.0118
2025-10-19 10:36:38 | INFO | EM.print | epoch: 0010 loss_train: 3.5246 task_loss: 0.2088 cont_loss: 6.7875 adv_loss: 0.0140 auroc_train: 0.9542 auprc_train: 0.9545 precision_train: 0.8800 recall_train: 0.8755 f1_train: 0.8778 cm_train: (tn=1887, fp=256, fn=267, tp=1878)
2025-10-19 10:36:38 | INFO | EM.print | -------- Epoch 11 --------
2025-10-19 10:36:38 | INFO | EM.print | [AUG][online][epoch=11][iter=0] start name=random_permute_features noise_std=0.02 mask_rate=0.2 seed=10000
2025-10-19 10:36:38 | INFO | EM.print | [AUG][online][epoch=11][iter=0] done name=random_permute_features shape=(1140, 1140)
2025-10-19 10:36:38 | INFO | EM.print | [ONLINE-AUG] mode=online name=random_permute_features noise_std=0.02 mask_rate=0.2 base_seed=0
2025-10-19 10:36:38 | INFO | EM.print | epoch: 11/ iteration: 1/ loss_train: 3.5681813 | task_loss:0.2437 cont_loss:6.8286 adv_loss:0.0192
2025-10-19 10:36:41 | INFO | EM.print | epoch: 11/ iteration: 101/ loss_train: 3.6319969 | task_loss:0.3300 cont_loss:6.8573 adv_loss:0.0135
2025-10-19 10:36:42 | INFO | EM.print | epoch: 0011 loss_train: 3.6061 task_loss: 0.3604 cont_loss: 6.7695 adv_loss: 0.0128 auroc_train: 0.9555 auprc_train: 0.9559 precision_train: 0.8760 recall_train: 0.8780 f1_train: 0.8770 cm_train: (tn=1882, fp=266, fn=261, tp=1879)
2025-10-19 10:36:42 | INFO | EM.print | -------- Epoch 12 --------
2025-10-19 10:36:42 | INFO | EM.print | [AUG][online][epoch=12][iter=0] start name=random_permute_features noise_std=0.02 mask_rate=0.2 seed=11000
2025-10-19 10:36:42 | INFO | EM.print | [AUG][online][epoch=12][iter=0] done name=random_permute_features shape=(1140, 1140)
2025-10-19 10:36:42 | INFO | EM.print | [ONLINE-AUG] mode=online name=random_permute_features noise_std=0.02 mask_rate=0.2 base_seed=0
2025-10-19 10:36:42 | INFO | EM.print | epoch: 12/ iteration: 1/ loss_train: 3.474826 | task_loss:0.1320 cont_loss:6.7829 adv_loss:0.0105
2025-10-19 10:36:44 | INFO | EM.print | epoch: 12/ iteration: 101/ loss_train: 3.492892 | task_loss:0.1939 cont_loss:6.7436 adv_loss:0.0119
2025-10-19 10:36:45 | INFO | EM.print | epoch: 0012 loss_train: 3.5625 task_loss: 0.2781 cont_loss: 6.7823 adv_loss: 0.0113 auroc_train: 0.9568 auprc_train: 0.9562 precision_train: 0.8831 recall_train: 0.8852 f1_train: 0.8842 cm_train: (tn=1894, fp=251, fn=246, tp=1897)
2025-10-19 10:36:45 | INFO | EM.print | -------- Epoch 13 --------
2025-10-19 10:36:45 | INFO | EM.print | [AUG][online][epoch=13][iter=0] start name=random_permute_features noise_std=0.02 mask_rate=0.2 seed=12000
2025-10-19 10:36:45 | INFO | EM.print | [AUG][online][epoch=13][iter=0] done name=random_permute_features shape=(1140, 1140)
2025-10-19 10:36:45 | INFO | EM.print | [ONLINE-AUG] mode=online name=random_permute_features noise_std=0.02 mask_rate=0.2 base_seed=0
2025-10-19 10:36:45 | INFO | EM.print | epoch: 13/ iteration: 1/ loss_train: 3.4824505 | task_loss:0.1575 cont_loss:6.7680 adv_loss:0.0099
2025-10-19 10:36:48 | INFO | EM.print | epoch: 13/ iteration: 101/ loss_train: 3.5628161 | task_loss:0.4001 cont_loss:6.6350 adv_loss:0.0132
2025-10-19 10:36:48 | INFO | EM.print | epoch: 0013 loss_train: 3.4479 task_loss: 0.1671 cont_loss: 6.6871 adv_loss: 0.0103 auroc_train: 0.9595 auprc_train: 0.9595 precision_train: 0.8824 recall_train: 0.8873 f1_train: 0.8849 cm_train: (tn=1886, fp=254, fn=242, tp=1906)
2025-10-19 10:36:48 | INFO | EM.print | -------- Epoch 14 --------
2025-10-19 10:36:48 | INFO | EM.print | [AUG][online][epoch=14][iter=0] start name=random_permute_features noise_std=0.02 mask_rate=0.2 seed=13000
2025-10-19 10:36:48 | INFO | EM.print | [AUG][online][epoch=14][iter=0] done name=random_permute_features shape=(1140, 1140)
2025-10-19 10:36:48 | INFO | EM.print | [ONLINE-AUG] mode=online name=random_permute_features noise_std=0.02 mask_rate=0.2 base_seed=0
2025-10-19 10:36:48 | INFO | EM.print | epoch: 14/ iteration: 1/ loss_train: 3.4122903 | task_loss:0.2194 cont_loss:6.5503 adv_loss:0.0137
2025-10-19 10:36:51 | INFO | EM.print | epoch: 14/ iteration: 101/ loss_train: 3.5399861 | task_loss:0.4534 cont_loss:6.5260 adv_loss:0.0123
2025-10-19 10:36:52 | INFO | EM.print | epoch: 0014 loss_train: 3.4136 task_loss: 0.2830 cont_loss: 6.4774 adv_loss: 0.0127 auroc_train: 0.9597 auprc_train: 0.9585 precision_train: 0.8862 recall_train: 0.8940 f1_train: 0.8901 cm_train: (tn=1900, fp=246, fn=227, tp=1915)
2025-10-19 10:36:52 | INFO | EM.print | -------- Epoch 15 --------
2025-10-19 10:36:52 | INFO | EM.print | [AUG][online][epoch=15][iter=0] start name=random_permute_features noise_std=0.02 mask_rate=0.2 seed=14000
2025-10-19 10:36:52 | INFO | EM.print | [AUG][online][epoch=15][iter=0] done name=random_permute_features shape=(1140, 1140)
2025-10-19 10:36:52 | INFO | EM.print | [ONLINE-AUG] mode=online name=random_permute_features noise_std=0.02 mask_rate=0.2 base_seed=0
2025-10-19 10:36:52 | INFO | EM.print | epoch: 15/ iteration: 1/ loss_train: 3.388352 | task_loss:0.1789 cont_loss:6.5553 adv_loss:0.0084
2025-10-19 10:36:54 | INFO | EM.print | epoch: 15/ iteration: 101/ loss_train: 3.4447 | task_loss:0.2006 cont_loss:6.6430 adv_loss:0.0072
2025-10-19 10:36:55 | INFO | EM.print | epoch: 0015 loss_train: 3.4490 task_loss: 0.2909 cont_loss: 6.5433 adv_loss: 0.0071 auroc_train: 0.9588 auprc_train: 0.9584 precision_train: 0.8785 recall_train: 0.8826 f1_train: 0.8805 cm_train: (tn=1880, fp=262, fn=252, tp=1894)
2025-10-19 10:36:55 | INFO | EM.print | -------- Epoch 16 --------
2025-10-19 10:36:55 | INFO | EM.print | [AUG][online][epoch=16][iter=0] start name=random_permute_features noise_std=0.02 mask_rate=0.2 seed=15000
2025-10-19 10:36:55 | INFO | EM.print | [AUG][online][epoch=16][iter=0] done name=random_permute_features shape=(1140, 1140)
2025-10-19 10:36:55 | INFO | EM.print | [ONLINE-AUG] mode=online name=random_permute_features noise_std=0.02 mask_rate=0.2 base_seed=0
2025-10-19 10:36:55 | INFO | EM.print | epoch: 16/ iteration: 1/ loss_train: 3.3922188 | task_loss:0.1508 cont_loss:6.5978 adv_loss:0.0071
2025-10-19 10:36:58 | INFO | EM.print | epoch: 16/ iteration: 101/ loss_train: 3.3631518 | task_loss:0.2753 cont_loss:6.3885 adv_loss:0.0094
2025-10-19 10:36:59 | INFO | EM.print | epoch: 0016 loss_train: 3.3949 task_loss: 0.2606 cont_loss: 6.4717 adv_loss: 0.0067 auroc_train: 0.9599 auprc_train: 0.9589 precision_train: 0.8857 recall_train: 0.8927 f1_train: 0.8892 cm_train: (tn=1897, fp=247, fn=230, tp=1914)
2025-10-19 10:36:59 | INFO | EM.print | -------- Epoch 17 --------
2025-10-19 10:36:59 | INFO | EM.print | [AUG][online][epoch=17][iter=0] start name=random_permute_features noise_std=0.02 mask_rate=0.2 seed=16000
2025-10-19 10:36:59 | INFO | EM.print | [AUG][online][epoch=17][iter=0] done name=random_permute_features shape=(1140, 1140)
2025-10-19 10:36:59 | INFO | EM.print | [ONLINE-AUG] mode=online name=random_permute_features noise_std=0.02 mask_rate=0.2 base_seed=0
2025-10-19 10:36:59 | INFO | EM.print | epoch: 17/ iteration: 1/ loss_train: 3.3139265 | task_loss:0.1733 cont_loss:6.4102 adv_loss:0.0120
2025-10-19 10:37:01 | INFO | EM.print | epoch: 17/ iteration: 101/ loss_train: 3.43725 | task_loss:0.2328 cont_loss:6.5899 adv_loss:0.0065
2025-10-19 10:37:02 | INFO | EM.print | epoch: 0017 loss_train: 3.3452 task_loss: 0.1632 cont_loss: 6.4815 adv_loss: 0.0164 auroc_train: 0.9607 auprc_train: 0.9591 precision_train: 0.8867 recall_train: 0.8983 f1_train: 0.8925 cm_train: (tn=1898, fp=246, fn=218, tp=1926)
2025-10-19 10:37:02 | INFO | EM.print | -------- Epoch 18 --------
2025-10-19 10:37:02 | INFO | EM.print | [AUG][online][epoch=18][iter=0] start name=random_permute_features noise_std=0.02 mask_rate=0.2 seed=17000
2025-10-19 10:37:02 | INFO | EM.print | [AUG][online][epoch=18][iter=0] done name=random_permute_features shape=(1140, 1140)
2025-10-19 10:37:02 | INFO | EM.print | [ONLINE-AUG] mode=online name=random_permute_features noise_std=0.02 mask_rate=0.2 base_seed=0
2025-10-19 10:37:02 | INFO | EM.print | epoch: 18/ iteration: 1/ loss_train: 3.3874452 | task_loss:0.3012 cont_loss:6.4084 adv_loss:0.0064
2025-10-19 10:37:05 | INFO | EM.print | epoch: 18/ iteration: 101/ loss_train: 3.3973382 | task_loss:0.2995 cont_loss:6.4282 adv_loss:0.0087
2025-10-19 10:37:06 | INFO | EM.print | epoch: 0018 loss_train: 3.3761 task_loss: 0.2508 cont_loss: 6.4470 adv_loss: 0.0052 auroc_train: 0.9620 auprc_train: 0.9618 precision_train: 0.8887 recall_train: 0.8941 f1_train: 0.8914 cm_train: (tn=1905, fp=240, fn=227, tp=1916)
2025-10-19 10:37:06 | INFO | EM.print | -------- Epoch 19 --------
2025-10-19 10:37:06 | INFO | EM.print | [AUG][online][epoch=19][iter=0] start name=random_permute_features noise_std=0.02 mask_rate=0.2 seed=18000
2025-10-19 10:37:06 | INFO | EM.print | [AUG][online][epoch=19][iter=0] done name=random_permute_features shape=(1140, 1140)
2025-10-19 10:37:06 | INFO | EM.print | [ONLINE-AUG] mode=online name=random_permute_features noise_std=0.02 mask_rate=0.2 base_seed=0
2025-10-19 10:37:06 | INFO | EM.print | epoch: 19/ iteration: 1/ loss_train: 3.5125039 | task_loss:0.3869 cont_loss:6.5511 adv_loss:0.0120
2025-10-19 10:37:08 | INFO | EM.print | epoch: 19/ iteration: 101/ loss_train: 3.4999683 | task_loss:0.3684 cont_loss:6.5518 adv_loss:0.0075
2025-10-19 10:37:09 | INFO | EM.print | epoch: 0019 loss_train: 3.3619 task_loss: 0.2603 cont_loss: 6.4064 adv_loss: 0.0063 auroc_train: 0.9625 auprc_train: 0.9616 precision_train: 0.8866 recall_train: 0.8970 f1_train: 0.8918 cm_train: (tn=1897, fp=246, fn=221, tp=1924)
2025-10-19 10:37:09 | INFO | EM.print | -------- Epoch 20 --------
2025-10-19 10:37:09 | INFO | EM.print | [AUG][online][epoch=20][iter=0] start name=random_permute_features noise_std=0.02 mask_rate=0.2 seed=19000
2025-10-19 10:37:09 | INFO | EM.print | [AUG][online][epoch=20][iter=0] done name=random_permute_features shape=(1140, 1140)
2025-10-19 10:37:09 | INFO | EM.print | [ONLINE-AUG] mode=online name=random_permute_features noise_std=0.02 mask_rate=0.2 base_seed=0
2025-10-19 10:37:09 | INFO | EM.print | epoch: 20/ iteration: 1/ loss_train: 3.4095478 | task_loss:0.1310 cont_loss:6.6517 adv_loss:0.0127
2025-10-19 10:37:12 | INFO | EM.print | epoch: 20/ iteration: 101/ loss_train: 3.4095168 | task_loss:0.2345 cont_loss:6.5309 adv_loss:0.0084
2025-10-19 10:37:13 | INFO | EM.print | epoch: 0020 loss_train: 3.3794 task_loss: 0.2280 cont_loss: 6.4801 adv_loss: 0.0063 auroc_train: 0.9624 auprc_train: 0.9622 precision_train: 0.8793 recall_train: 0.8965 f1_train: 0.8878 cm_train: (tn=1879, fp=264, fn=222, tp=1923)
2025-10-19 10:37:13 | INFO | EM.print | -------- Epoch 21 --------
2025-10-19 10:37:13 | INFO | EM.print | [AUG][online][epoch=21][iter=0] start name=random_permute_features noise_std=0.02 mask_rate=0.2 seed=20000
2025-10-19 10:37:13 | INFO | EM.print | [AUG][online][epoch=21][iter=0] done name=random_permute_features shape=(1140, 1140)
2025-10-19 10:37:13 | INFO | EM.print | [ONLINE-AUG] mode=online name=random_permute_features noise_std=0.02 mask_rate=0.2 base_seed=0
2025-10-19 10:37:13 | INFO | EM.print | epoch: 21/ iteration: 1/ loss_train: 3.4761095 | task_loss:0.2964 cont_loss:6.5909 adv_loss:0.0070
2025-10-19 10:37:15 | INFO | EM.print | epoch: 21/ iteration: 101/ loss_train: 3.357555 | task_loss:0.1848 cont_loss:6.4876 adv_loss:0.0072
2025-10-19 10:37:16 | INFO | EM.print | epoch: 0021 loss_train: 3.4664 task_loss: 0.3037 cont_loss: 6.5596 adv_loss: 0.0110 auroc_train: 0.9634 auprc_train: 0.9626 precision_train: 0.8858 recall_train: 0.8891 f1_train: 0.8874 cm_train: (tn=1896, fp=246, fn=238, tp=1908)
2025-10-19 10:37:16 | INFO | EM.print | -------- Epoch 22 --------
2025-10-19 10:37:16 | INFO | EM.print | [AUG][online][epoch=22][iter=0] start name=random_permute_features noise_std=0.02 mask_rate=0.2 seed=21000
2025-10-19 10:37:16 | INFO | EM.print | [AUG][online][epoch=22][iter=0] done name=random_permute_features shape=(1140, 1140)
2025-10-19 10:37:16 | INFO | EM.print | [ONLINE-AUG] mode=online name=random_permute_features noise_std=0.02 mask_rate=0.2 base_seed=0
2025-10-19 10:37:16 | INFO | EM.print | epoch: 22/ iteration: 1/ loss_train: 3.4350643 | task_loss:0.2575 cont_loss:6.5570 adv_loss:0.0053
2025-10-19 10:37:19 | INFO | EM.print | epoch: 22/ iteration: 101/ loss_train: 3.3940701 | task_loss:0.2746 cont_loss:6.4500 adv_loss:0.0108
2025-10-19 10:37:20 | INFO | EM.print | epoch: 0022 loss_train: 3.4001 task_loss: 0.2716 cont_loss: 6.4701 adv_loss: 0.0054 auroc_train: 0.9659 auprc_train: 0.9650 precision_train: 0.8928 recall_train: 0.9020 f1_train: 0.8974 cm_train: (tn=1914, fp=232, fn=210, tp=1932)
2025-10-19 10:37:20 | INFO | EM.print | -------- Epoch 23 --------
2025-10-19 10:37:20 | INFO | EM.print | [AUG][online][epoch=23][iter=0] start name=random_permute_features noise_std=0.02 mask_rate=0.2 seed=22000
2025-10-19 10:37:20 | INFO | EM.print | [AUG][online][epoch=23][iter=0] done name=random_permute_features shape=(1140, 1140)
2025-10-19 10:37:20 | INFO | EM.print | [ONLINE-AUG] mode=online name=random_permute_features noise_std=0.02 mask_rate=0.2 base_seed=0
2025-10-19 10:37:20 | INFO | EM.print | epoch: 23/ iteration: 1/ loss_train: 3.3220015 | task_loss:0.1864 cont_loss:6.4156 adv_loss:0.0060
2025-10-19 10:37:22 | INFO | EM.print | epoch: 23/ iteration: 101/ loss_train: 3.388189 | task_loss:0.2294 cont_loss:6.4961 adv_loss:0.0063
2025-10-19 10:37:23 | INFO | EM.print | epoch: 0023 loss_train: 3.4021 task_loss: 0.2259 cont_loss: 6.5289 adv_loss: 0.0053 auroc_train: 0.9631 auprc_train: 0.9629 precision_train: 0.8847 recall_train: 0.8955 f1_train: 0.8901 cm_train: (tn=1895, fp=250, fn=224, tp=1919)
2025-10-19 10:37:23 | INFO | EM.print | -------- Epoch 24 --------
2025-10-19 10:37:23 | INFO | EM.print | [AUG][online][epoch=24][iter=0] start name=random_permute_features noise_std=0.02 mask_rate=0.2 seed=23000
2025-10-19 10:37:23 | INFO | EM.print | [AUG][online][epoch=24][iter=0] done name=random_permute_features shape=(1140, 1140)
2025-10-19 10:37:23 | INFO | EM.print | [ONLINE-AUG] mode=online name=random_permute_features noise_std=0.02 mask_rate=0.2 base_seed=0
2025-10-19 10:37:23 | INFO | EM.print | epoch: 24/ iteration: 1/ loss_train: 3.3950582 | task_loss:0.4197 cont_loss:6.2825 adv_loss:0.0049
2025-10-19 10:37:26 | INFO | EM.print | epoch: 24/ iteration: 101/ loss_train: 3.380238 | task_loss:0.3124 cont_loss:6.3814 adv_loss:0.0052
2025-10-19 10:37:26 | INFO | EM.print | epoch: 0024 loss_train: 3.3466 task_loss: 0.2087 cont_loss: 6.4353 adv_loss: 0.0091 auroc_train: 0.9647 auprc_train: 0.9642 precision_train: 0.8841 recall_train: 0.9030 f1_train: 0.8935 cm_train: (tn=1889, fp=254, fn=208, tp=1937)
2025-10-19 10:37:26 | INFO | EM.print | -------- Epoch 25 --------
2025-10-19 10:37:26 | INFO | EM.print | [AUG][online][epoch=25][iter=0] start name=random_permute_features noise_std=0.02 mask_rate=0.2 seed=24000
2025-10-19 10:37:26 | INFO | EM.print | [AUG][online][epoch=25][iter=0] done name=random_permute_features shape=(1140, 1140)
2025-10-19 10:37:26 | INFO | EM.print | [ONLINE-AUG] mode=online name=random_permute_features noise_std=0.02 mask_rate=0.2 base_seed=0
2025-10-19 10:37:26 | INFO | EM.print | epoch: 25/ iteration: 1/ loss_train: 3.324413 | task_loss:0.1590 cont_loss:6.4546 adv_loss:0.0042
2025-10-19 10:37:29 | INFO | EM.print | epoch: 25/ iteration: 101/ loss_train: 3.2874537 | task_loss:0.1036 cont_loss:6.4458 adv_loss:0.0061
2025-10-19 10:37:30 | INFO | EM.print | epoch: 0025 loss_train: 3.3119 task_loss: 0.1597 cont_loss: 6.4281 adv_loss: 0.0051 auroc_train: 0.9654 auprc_train: 0.9643 precision_train: 0.8928 recall_train: 0.8969 f1_train: 0.8948 cm_train: (tn=1913, fp=231, fn=221, tp=1923)
2025-10-19 10:37:30 | INFO | EM.print | -------- Epoch 26 --------
2025-10-19 10:37:30 | INFO | EM.print | [AUG][online][epoch=26][iter=0] start name=random_permute_features noise_std=0.02 mask_rate=0.2 seed=25000
2025-10-19 10:37:30 | INFO | EM.print | [AUG][online][epoch=26][iter=0] done name=random_permute_features shape=(1140, 1140)
2025-10-19 10:37:30 | INFO | EM.print | [ONLINE-AUG] mode=online name=random_permute_features noise_std=0.02 mask_rate=0.2 base_seed=0
2025-10-19 10:37:30 | INFO | EM.print | epoch: 26/ iteration: 1/ loss_train: 3.4643197 | task_loss:0.2683 cont_loss:6.5992 adv_loss:0.0094
2025-10-19 10:37:33 | INFO | EM.print | epoch: 26/ iteration: 101/ loss_train: 3.4777317 | task_loss:0.2004 cont_loss:6.7113 adv_loss:0.0047
2025-10-19 10:37:33 | INFO | EM.print | epoch: 0026 loss_train: 3.5366 task_loss: 0.3582 cont_loss: 6.6407 adv_loss: 0.0032 auroc_train: 0.9661 auprc_train: 0.9659 precision_train: 0.8824 recall_train: 0.9005 f1_train: 0.8914 cm_train: (tn=1890, fp=257, fn=213, tp=1928)
2025-10-19 10:37:33 | INFO | EM.print | -------- Epoch 27 --------
2025-10-19 10:37:33 | INFO | EM.print | [AUG][online][epoch=27][iter=0] start name=random_permute_features noise_std=0.02 mask_rate=0.2 seed=26000
2025-10-19 10:37:33 | INFO | EM.print | [AUG][online][epoch=27][iter=0] done name=random_permute_features shape=(1140, 1140)
2025-10-19 10:37:33 | INFO | EM.print | [ONLINE-AUG] mode=online name=random_permute_features noise_std=0.02 mask_rate=0.2 base_seed=0
2025-10-19 10:37:33 | INFO | EM.print | epoch: 27/ iteration: 1/ loss_train: 3.42826 | task_loss:0.2404 cont_loss:6.5651 adv_loss:0.0037
2025-10-19 10:37:36 | INFO | EM.print | epoch: 27/ iteration: 101/ loss_train: 3.5257726 | task_loss:0.2835 cont_loss:6.7064 adv_loss:0.0061
2025-10-19 10:37:37 | INFO | EM.print | epoch: 0027 loss_train: 3.4650 task_loss: 0.2646 cont_loss: 6.6084 adv_loss: 0.0051 auroc_train: 0.9667 auprc_train: 0.9666 precision_train: 0.8939 recall_train: 0.9076 f1_train: 0.9007 cm_train: (tn=1913, fp=231, fn=198, tp=1946)
2025-10-19 10:37:37 | INFO | EM.print | -------- Epoch 28 --------
2025-10-19 10:37:37 | INFO | EM.print | [AUG][online][epoch=28][iter=0] start name=random_permute_features noise_std=0.02 mask_rate=0.2 seed=27000
2025-10-19 10:37:37 | INFO | EM.print | [AUG][online][epoch=28][iter=0] done name=random_permute_features shape=(1140, 1140)
2025-10-19 10:37:37 | INFO | EM.print | [ONLINE-AUG] mode=online name=random_permute_features noise_std=0.02 mask_rate=0.2 base_seed=0
2025-10-19 10:37:37 | INFO | EM.print | epoch: 28/ iteration: 1/ loss_train: 3.3035204 | task_loss:0.1893 cont_loss:6.3760 adv_loss:0.0048
2025-10-19 10:37:39 | INFO | EM.print | epoch: 28/ iteration: 101/ loss_train: 3.5072765 | task_loss:0.2262 cont_loss:6.7394 adv_loss:0.0047
2025-10-19 10:37:40 | INFO | EM.print | epoch: 0028 loss_train: 3.4688 task_loss: 0.2623 cont_loss: 6.6061 adv_loss: 0.0208 auroc_train: 0.9673 auprc_train: 0.9667 precision_train: 0.8893 recall_train: 0.9030 f1_train: 0.8961 cm_train: (tn=1902, fp=241, fn=208, tp=1937)
2025-10-19 10:37:40 | INFO | EM.print | -------- Epoch 29 --------
2025-10-19 10:37:40 | INFO | EM.print | [AUG][online][epoch=29][iter=0] start name=random_permute_features noise_std=0.02 mask_rate=0.2 seed=28000
2025-10-19 10:37:40 | INFO | EM.print | [AUG][online][epoch=29][iter=0] done name=random_permute_features shape=(1140, 1140)
2025-10-19 10:37:40 | INFO | EM.print | [ONLINE-AUG] mode=online name=random_permute_features noise_std=0.02 mask_rate=0.2 base_seed=0
2025-10-19 10:37:40 | INFO | EM.print | epoch: 29/ iteration: 1/ loss_train: 3.4272711 | task_loss:0.1236 cont_loss:6.7039 adv_loss:0.0029
2025-10-19 10:37:43 | INFO | EM.print | epoch: 29/ iteration: 101/ loss_train: 3.5725539 | task_loss:0.3117 cont_loss:6.7630 adv_loss:0.0100
2025-10-19 10:37:44 | INFO | EM.print | epoch: 0029 loss_train: 3.4767 task_loss: 0.2716 cont_loss: 6.6222 adv_loss: 0.0066 auroc_train: 0.9676 auprc_train: 0.9669 precision_train: 0.8956 recall_train: 0.9052 f1_train: 0.9004 cm_train: (tn=1920, fp=226, fn=203, tp=1939)
2025-10-19 10:37:44 | INFO | EM.print | -------- Epoch 30 --------
2025-10-19 10:37:44 | INFO | EM.print | [AUG][online][epoch=30][iter=0] start name=random_permute_features noise_std=0.02 mask_rate=0.2 seed=29000
2025-10-19 10:37:44 | INFO | EM.print | [AUG][online][epoch=30][iter=0] done name=random_permute_features shape=(1140, 1140)
2025-10-19 10:37:44 | INFO | EM.print | [ONLINE-AUG] mode=online name=random_permute_features noise_std=0.02 mask_rate=0.2 base_seed=0
2025-10-19 10:37:44 | INFO | EM.print | epoch: 30/ iteration: 1/ loss_train: 3.43978 | task_loss:0.1441 cont_loss:6.7036 adv_loss:0.0037
2025-10-19 10:37:46 | INFO | EM.print | epoch: 30/ iteration: 101/ loss_train: 3.5104191 | task_loss:0.2214 cont_loss:6.7503 adv_loss:0.0061
2025-10-19 10:37:47 | INFO | EM.print | epoch: 0030 loss_train: 3.6153 task_loss: 0.3239 cont_loss: 6.8381 adv_loss: 0.0048 auroc_train: 0.9688 auprc_train: 0.9683 precision_train: 0.8975 recall_train: 0.9059 f1_train: 0.9017 cm_train: (tn=1920, fp=222, fn=202, tp=1944)
2025-10-19 10:37:47 | INFO | EM.print | -------- Epoch 31 --------
2025-10-19 10:37:47 | INFO | EM.print | [AUG][online][epoch=31][iter=0] start name=random_permute_features noise_std=0.02 mask_rate=0.2 seed=30000
2025-10-19 10:37:47 | INFO | EM.print | [AUG][online][epoch=31][iter=0] done name=random_permute_features shape=(1140, 1140)
2025-10-19 10:37:47 | INFO | EM.print | [ONLINE-AUG] mode=online name=random_permute_features noise_std=0.02 mask_rate=0.2 base_seed=0
2025-10-19 10:37:47 | INFO | EM.print | epoch: 31/ iteration: 1/ loss_train: 3.4590545 | task_loss:0.2192 cont_loss:6.6521 adv_loss:0.0037
2025-10-19 10:37:50 | INFO | EM.print | epoch: 31/ iteration: 101/ loss_train: 3.4271126 | task_loss:0.0993 cont_loss:6.7325 adv_loss:0.0032
2025-10-19 10:37:50 | INFO | EM.print | epoch: 0031 loss_train: 3.4451 task_loss: 0.2153 cont_loss: 6.6286 adv_loss: 0.0039 auroc_train: 0.9691 auprc_train: 0.9685 precision_train: 0.8957 recall_train: 0.9045 f1_train: 0.9001 cm_train: (tn=1916, fp=226, fn=205, tp=1941)
2025-10-19 10:37:50 | INFO | EM.print | -------- Epoch 32 --------
2025-10-19 10:37:50 | INFO | EM.print | [AUG][online][epoch=32][iter=0] start name=random_permute_features noise_std=0.02 mask_rate=0.2 seed=31000
2025-10-19 10:37:50 | INFO | EM.print | [AUG][online][epoch=32][iter=0] done name=random_permute_features shape=(1140, 1140)
2025-10-19 10:37:50 | INFO | EM.print | [ONLINE-AUG] mode=online name=random_permute_features noise_std=0.02 mask_rate=0.2 base_seed=0
2025-10-19 10:37:50 | INFO | EM.print | epoch: 32/ iteration: 1/ loss_train: 3.5432394 | task_loss:0.1793 cont_loss:6.8676 adv_loss:0.0047
2025-10-19 10:37:53 | INFO | EM.print | epoch: 32/ iteration: 101/ loss_train: 3.5464153 | task_loss:0.1364 cont_loss:6.9267 adv_loss:0.0031
2025-10-19 10:37:54 | INFO | EM.print | epoch: 0032 loss_train: 3.6281 task_loss: 0.3789 cont_loss: 6.7949 adv_loss: 0.0085 auroc_train: 0.9695 auprc_train: 0.9690 precision_train: 0.8986 recall_train: 0.9095 f1_train: 0.9040 cm_train: (tn=1925, fp=220, fn=194, tp=1949)
2025-10-19 10:37:54 | INFO | EM.print | -------- Epoch 33 --------
2025-10-19 10:37:54 | INFO | EM.print | [AUG][online][epoch=33][iter=0] start name=random_permute_features noise_std=0.02 mask_rate=0.2 seed=32000
2025-10-19 10:37:54 | INFO | EM.print | [AUG][online][epoch=33][iter=0] done name=random_permute_features shape=(1140, 1140)
2025-10-19 10:37:54 | INFO | EM.print | [ONLINE-AUG] mode=online name=random_permute_features noise_std=0.02 mask_rate=0.2 base_seed=0
2025-10-19 10:37:54 | INFO | EM.print | epoch: 33/ iteration: 1/ loss_train: 3.4097168 | task_loss:0.1398 cont_loss:6.6489 adv_loss:0.0034
2025-10-19 10:37:56 | INFO | EM.print | epoch: 33/ iteration: 101/ loss_train: 3.5059059 | task_loss:0.2207 cont_loss:6.7452 adv_loss:0.0022
2025-10-19 10:37:57 | INFO | EM.print | epoch: 0033 loss_train: 3.5827 task_loss: 0.2851 cont_loss: 6.8210 adv_loss: 0.0030 auroc_train: 0.9704 auprc_train: 0.9693 precision_train: 0.8973 recall_train: 0.9128 f1_train: 0.9050 cm_train: (tn=1919, fp=224, fn=187, tp=1958)
2025-10-19 10:37:57 | INFO | EM.print | -------- Epoch 34 --------
2025-10-19 10:37:57 | INFO | EM.print | [AUG][online][epoch=34][iter=0] start name=random_permute_features noise_std=0.02 mask_rate=0.2 seed=33000
2025-10-19 10:37:57 | INFO | EM.print | [AUG][online][epoch=34][iter=0] done name=random_permute_features shape=(1140, 1140)
2025-10-19 10:37:57 | INFO | EM.print | [ONLINE-AUG] mode=online name=random_permute_features noise_std=0.02 mask_rate=0.2 base_seed=0
2025-10-19 10:37:57 | INFO | EM.print | epoch: 34/ iteration: 1/ loss_train: 3.5013883 | task_loss:0.1781 cont_loss:6.7864 adv_loss:0.0033
2025-10-19 10:38:00 | INFO | EM.print | epoch: 34/ iteration: 101/ loss_train: 3.4645498 | task_loss:0.1286 cont_loss:6.7716 adv_loss:0.0040
2025-10-19 10:38:01 | INFO | EM.print | epoch: 0034 loss_train: 3.5234 task_loss: 0.2075 cont_loss: 6.7881 adv_loss: 0.0123 auroc_train: 0.9721 auprc_train: 0.9713 precision_train: 0.9032 recall_train: 0.9057 f1_train: 0.9045 cm_train: (tn=1937, fp=208, fn=202, tp=1941)
2025-10-19 10:38:01 | INFO | EM.print | -------- Epoch 35 --------
2025-10-19 10:38:01 | INFO | EM.print | [AUG][online][epoch=35][iter=0] start name=random_permute_features noise_std=0.02 mask_rate=0.2 seed=34000
2025-10-19 10:38:01 | INFO | EM.print | [AUG][online][epoch=35][iter=0] done name=random_permute_features shape=(1140, 1140)
2025-10-19 10:38:01 | INFO | EM.print | [ONLINE-AUG] mode=online name=random_permute_features noise_std=0.02 mask_rate=0.2 base_seed=0
2025-10-19 10:38:01 | INFO | EM.print | epoch: 35/ iteration: 1/ loss_train: 3.4671884 | task_loss:0.1633 cont_loss:6.7300 adv_loss:0.0105
2025-10-19 10:38:04 | INFO | EM.print | epoch: 35/ iteration: 101/ loss_train: 3.4603148 | task_loss:0.1157 cont_loss:6.7792 adv_loss:0.0032
2025-10-19 10:38:04 | INFO | EM.print | epoch: 0035 loss_train: 3.4815 task_loss: 0.2153 cont_loss: 6.6998 adv_loss: 0.0060 auroc_train: 0.9731 auprc_train: 0.9727 precision_train: 0.9039 recall_train: 0.9203 f1_train: 0.9120 cm_train: (tn=1932, fp=210, fn=171, tp=1975)
2025-10-19 10:38:04 | INFO | EM.print | -------- Epoch 36 --------
2025-10-19 10:38:04 | INFO | EM.print | [AUG][online][epoch=36][iter=0] start name=random_permute_features noise_std=0.02 mask_rate=0.2 seed=35000
2025-10-19 10:38:04 | INFO | EM.print | [AUG][online][epoch=36][iter=0] done name=random_permute_features shape=(1140, 1140)
2025-10-19 10:38:04 | INFO | EM.print | [ONLINE-AUG] mode=online name=random_permute_features noise_std=0.02 mask_rate=0.2 base_seed=0
2025-10-19 10:38:04 | INFO | EM.print | epoch: 36/ iteration: 1/ loss_train: 3.4912193 | task_loss:0.1350 cont_loss:6.8170 adv_loss:0.0042
2025-10-19 10:38:07 | INFO | EM.print | epoch: 36/ iteration: 101/ loss_train: 3.486905 | task_loss:0.1331 cont_loss:6.8113 adv_loss:0.0034
2025-10-19 10:38:08 | INFO | EM.print | epoch: 0036 loss_train: 3.4941 task_loss: 0.2461 cont_loss: 6.6894 adv_loss: 0.0044 auroc_train: 0.9711 auprc_train: 0.9698 precision_train: 0.9011 recall_train: 0.9087 f1_train: 0.9049 cm_train: (tn=1928, fp=214, fn=196, tp=1950)
2025-10-19 10:38:08 | INFO | EM.print | -------- Epoch 37 --------
2025-10-19 10:38:08 | INFO | EM.print | [AUG][online][epoch=37][iter=0] start name=random_permute_features noise_std=0.02 mask_rate=0.2 seed=36000
2025-10-19 10:38:08 | INFO | EM.print | [AUG][online][epoch=37][iter=0] done name=random_permute_features shape=(1140, 1140)
2025-10-19 10:38:08 | INFO | EM.print | [ONLINE-AUG] mode=online name=random_permute_features noise_std=0.02 mask_rate=0.2 base_seed=0
2025-10-19 10:38:08 | INFO | EM.print | epoch: 37/ iteration: 1/ loss_train: 3.5370362 | task_loss:0.2239 cont_loss:6.8024 adv_loss:0.0037
2025-10-19 10:38:11 | INFO | EM.print | epoch: 37/ iteration: 101/ loss_train: 3.5818162 | task_loss:0.1903 cont_loss:6.9327 adv_loss:0.0032
2025-10-19 10:38:11 | INFO | EM.print | epoch: 0037 loss_train: 3.5801 task_loss: 0.1615 cont_loss: 6.9597 adv_loss: 0.0083 auroc_train: 0.9727 auprc_train: 0.9715 precision_train: 0.9011 recall_train: 0.9188 f1_train: 0.9098 cm_train: (tn=1930, fp=216, fn=174, tp=1968)
2025-10-19 10:38:11 | INFO | EM.print | -------- Epoch 38 --------
2025-10-19 10:38:11 | INFO | EM.print | [AUG][online][epoch=38][iter=0] start name=random_permute_features noise_std=0.02 mask_rate=0.2 seed=37000
2025-10-19 10:38:11 | INFO | EM.print | [AUG][online][epoch=38][iter=0] done name=random_permute_features shape=(1140, 1140)
2025-10-19 10:38:11 | INFO | EM.print | [ONLINE-AUG] mode=online name=random_permute_features noise_std=0.02 mask_rate=0.2 base_seed=0
2025-10-19 10:38:11 | INFO | EM.print | epoch: 38/ iteration: 1/ loss_train: 3.5678418 | task_loss:0.2238 cont_loss:6.8649 adv_loss:0.0027
2025-10-19 10:38:14 | INFO | EM.print | epoch: 38/ iteration: 101/ loss_train: 3.4675558 | task_loss:0.1647 cont_loss:6.7346 adv_loss:0.0035
2025-10-19 10:38:15 | INFO | EM.print | epoch: 0038 loss_train: 3.5491 task_loss: 0.2200 cont_loss: 6.8298 adv_loss: 0.0055 auroc_train: 0.9750 auprc_train: 0.9735 precision_train: 0.9157 recall_train: 0.9212 f1_train: 0.9184 cm_train: (tn=1961, fp=182, fn=169, tp=1976)
2025-10-19 10:38:15 | INFO | EM.print | -------- Epoch 39 --------
2025-10-19 10:38:15 | INFO | EM.print | [AUG][online][epoch=39][iter=0] start name=random_permute_features noise_std=0.02 mask_rate=0.2 seed=38000
2025-10-19 10:38:15 | INFO | EM.print | [AUG][online][epoch=39][iter=0] done name=random_permute_features shape=(1140, 1140)
2025-10-19 10:38:15 | INFO | EM.print | [ONLINE-AUG] mode=online name=random_permute_features noise_std=0.02 mask_rate=0.2 base_seed=0
2025-10-19 10:38:15 | INFO | EM.print | epoch: 39/ iteration: 1/ loss_train: 3.3816583 | task_loss:0.1493 cont_loss:6.5819 adv_loss:0.0028
2025-10-19 10:38:18 | INFO | EM.print | epoch: 39/ iteration: 101/ loss_train: 3.4579594 | task_loss:0.1182 cont_loss:6.7692 adv_loss:0.0062
2025-10-19 10:38:18 | INFO | EM.print | epoch: 0039 loss_train: 3.5632 task_loss: 0.3113 cont_loss: 6.7501 adv_loss: 0.0033 auroc_train: 0.9748 auprc_train: 0.9738 precision_train: 0.9113 recall_train: 0.9258 f1_train: 0.9185 cm_train: (tn=1952, fp=193, fn=159, tp=1984)
2025-10-19 10:38:18 | INFO | EM.print | -------- Epoch 40 --------
2025-10-19 10:38:18 | INFO | EM.print | [AUG][online][epoch=40][iter=0] start name=random_permute_features noise_std=0.02 mask_rate=0.2 seed=39000
2025-10-19 10:38:18 | INFO | EM.print | [AUG][online][epoch=40][iter=0] done name=random_permute_features shape=(1140, 1140)
2025-10-19 10:38:18 | INFO | EM.print | [ONLINE-AUG] mode=online name=random_permute_features noise_std=0.02 mask_rate=0.2 base_seed=0
2025-10-19 10:38:18 | INFO | EM.print | epoch: 40/ iteration: 1/ loss_train: 3.6472926 | task_loss:0.2985 cont_loss:6.9338 adv_loss:0.0033
2025-10-19 10:38:21 | INFO | EM.print | epoch: 40/ iteration: 101/ loss_train: 3.5361643 | task_loss:0.2123 cont_loss:6.8141 adv_loss:0.0044
2025-10-19 10:38:22 | INFO | EM.print | epoch: 0040 loss_train: 3.6302 task_loss: 0.3233 cont_loss: 6.8675 adv_loss: 0.0061 auroc_train: 0.9772 auprc_train: 0.9758 precision_train: 0.9156 recall_train: 0.9245 f1_train: 0.9200 cm_train: (tn=1959, fp=183, fn=162, tp=1984)
2025-10-19 10:38:22 | INFO | EM.print | -------- Epoch 41 --------
2025-10-19 10:38:22 | INFO | EM.print | [AUG][online][epoch=41][iter=0] start name=random_permute_features noise_std=0.02 mask_rate=0.2 seed=40000
2025-10-19 10:38:22 | INFO | EM.print | [AUG][online][epoch=41][iter=0] done name=random_permute_features shape=(1140, 1140)
2025-10-19 10:38:22 | INFO | EM.print | [ONLINE-AUG] mode=online name=random_permute_features noise_std=0.02 mask_rate=0.2 base_seed=0
2025-10-19 10:38:22 | INFO | EM.print | epoch: 41/ iteration: 1/ loss_train: 3.4695163 | task_loss:0.1941 cont_loss:6.7036 adv_loss:0.0031
2025-10-19 10:38:24 | INFO | EM.print | epoch: 41/ iteration: 101/ loss_train: 3.5069005 | task_loss:0.1783 cont_loss:6.7974 adv_loss:0.0030
2025-10-19 10:38:25 | INFO | EM.print | epoch: 0041 loss_train: 3.5353 task_loss: 0.2391 cont_loss: 6.7788 adv_loss: 0.0060 auroc_train: 0.9771 auprc_train: 0.9760 precision_train: 0.9097 recall_train: 0.9263 f1_train: 0.9179 cm_train: (tn=1948, fp=197, fn=158, tp=1985)
2025-10-19 10:38:25 | INFO | EM.print | -------- Epoch 42 --------
2025-10-19 10:38:25 | INFO | EM.print | [AUG][online][epoch=42][iter=0] start name=random_permute_features noise_std=0.02 mask_rate=0.2 seed=41000
2025-10-19 10:38:25 | INFO | EM.print | [AUG][online][epoch=42][iter=0] done name=random_permute_features shape=(1140, 1140)
2025-10-19 10:38:25 | INFO | EM.print | [ONLINE-AUG] mode=online name=random_permute_features noise_std=0.02 mask_rate=0.2 base_seed=0
2025-10-19 10:38:25 | INFO | EM.print | epoch: 42/ iteration: 1/ loss_train: 3.4644148 | task_loss:0.1622 cont_loss:6.7322 adv_loss:0.0025
2025-10-19 10:38:28 | INFO | EM.print | epoch: 42/ iteration: 101/ loss_train: 3.6138902 | task_loss:0.3253 cont_loss:6.8328 adv_loss:0.0058
2025-10-19 10:38:29 | INFO | EM.print | epoch: 0042 loss_train: 3.4482 task_loss: 0.1658 cont_loss: 6.6947 adv_loss: 0.0032 auroc_train: 0.9788 auprc_train: 0.9774 precision_train: 0.9208 recall_train: 0.9259 f1_train: 0.9234 cm_train: (tn=1970, fp=171, fn=159, tp=1988)
2025-10-19 10:38:29 | INFO | EM.print | -------- Epoch 43 --------
2025-10-19 10:38:29 | INFO | EM.print | [AUG][online][epoch=43][iter=0] start name=random_permute_features noise_std=0.02 mask_rate=0.2 seed=42000
2025-10-19 10:38:29 | INFO | EM.print | [AUG][online][epoch=43][iter=0] done name=random_permute_features shape=(1140, 1140)
2025-10-19 10:38:29 | INFO | EM.print | [ONLINE-AUG] mode=online name=random_permute_features noise_std=0.02 mask_rate=0.2 base_seed=0
2025-10-19 10:38:29 | INFO | EM.print | epoch: 43/ iteration: 1/ loss_train: 3.6107476 | task_loss:0.2666 cont_loss:6.8990 adv_loss:0.0032
2025-10-19 10:38:31 | INFO | EM.print | epoch: 43/ iteration: 101/ loss_train: 3.5399847 | task_loss:0.2527 cont_loss:6.7749 adv_loss:0.0022
2025-10-19 10:38:32 | INFO | EM.print | epoch: 0043 loss_train: 3.5499 task_loss: 0.3166 cont_loss: 6.7174 adv_loss: 0.0031 auroc_train: 0.9780 auprc_train: 0.9769 precision_train: 0.9171 recall_train: 0.9291 f1_train: 0.9230 cm_train: (tn=1965, fp=180, fn=152, tp=1991)
2025-10-19 10:38:32 | INFO | EM.print | -------- Epoch 44 --------
2025-10-19 10:38:32 | INFO | EM.print | [AUG][online][epoch=44][iter=0] start name=random_permute_features noise_std=0.02 mask_rate=0.2 seed=43000
2025-10-19 10:38:32 | INFO | EM.print | [AUG][online][epoch=44][iter=0] done name=random_permute_features shape=(1140, 1140)
2025-10-19 10:38:32 | INFO | EM.print | [ONLINE-AUG] mode=online name=random_permute_features noise_std=0.02 mask_rate=0.2 base_seed=0
2025-10-19 10:38:32 | INFO | EM.print | epoch: 44/ iteration: 1/ loss_train: 3.441401 | task_loss:0.1140 cont_loss:6.7434 adv_loss:0.0033
2025-10-19 10:38:35 | INFO | EM.print | epoch: 44/ iteration: 101/ loss_train: 3.459047 | task_loss:0.0745 cont_loss:6.8241 adv_loss:0.0058
2025-10-19 10:38:36 | INFO | EM.print | epoch: 0044 loss_train: 3.5388 task_loss: 0.2549 cont_loss: 6.7606 adv_loss: 0.0140 auroc_train: 0.9776 auprc_train: 0.9769 precision_train: 0.9084 recall_train: 0.9287 f1_train: 0.9185 cm_train: (tn=1940, fp=201, fn=153, tp=1994)
2025-10-19 10:38:36 | INFO | EM.print | -------- Epoch 45 --------
2025-10-19 10:38:36 | INFO | EM.print | [AUG][online][epoch=45][iter=0] start name=random_permute_features noise_std=0.02 mask_rate=0.2 seed=44000
2025-10-19 10:38:36 | INFO | EM.print | [AUG][online][epoch=45][iter=0] done name=random_permute_features shape=(1140, 1140)
2025-10-19 10:38:36 | INFO | EM.print | [ONLINE-AUG] mode=online name=random_permute_features noise_std=0.02 mask_rate=0.2 base_seed=0
2025-10-19 10:38:36 | INFO | EM.print | epoch: 45/ iteration: 1/ loss_train: 3.5974703 | task_loss:0.2645 cont_loss:6.8757 adv_loss:0.0023
2025-10-19 10:38:38 | INFO | EM.print | epoch: 45/ iteration: 101/ loss_train: 3.5350988 | task_loss:0.1149 cont_loss:6.9298 adv_loss:0.0031
2025-10-19 10:38:39 | INFO | EM.print | epoch: 0045 loss_train: 3.5426 task_loss: 0.2129 cont_loss: 6.8272 adv_loss: 0.0031 auroc_train: 0.9793 auprc_train: 0.9782 precision_train: 0.9145 recall_train: 0.9324 f1_train: 0.9233 cm_train: (tn=1957, fp=187, fn=145, tp=1999)
2025-10-19 10:38:39 | INFO | EM.print | -------- Epoch 46 --------
2025-10-19 10:38:39 | INFO | EM.print | [AUG][online][epoch=46][iter=0] start name=random_permute_features noise_std=0.02 mask_rate=0.2 seed=45000
2025-10-19 10:38:39 | INFO | EM.print | [AUG][online][epoch=46][iter=0] done name=random_permute_features shape=(1140, 1140)
2025-10-19 10:38:39 | INFO | EM.print | [ONLINE-AUG] mode=online name=random_permute_features noise_std=0.02 mask_rate=0.2 base_seed=0
2025-10-19 10:38:39 | INFO | EM.print | epoch: 46/ iteration: 1/ loss_train: 3.5567935 | task_loss:0.3359 cont_loss:6.7083 adv_loss:0.0028
2025-10-19 10:38:42 | INFO | EM.print | epoch: 46/ iteration: 101/ loss_train: 3.397919 | task_loss:0.1876 cont_loss:6.5687 adv_loss:0.0025
2025-10-19 10:38:42 | INFO | EM.print | epoch: 0046 loss_train: 3.4569 task_loss: 0.1320 cont_loss: 6.7521 adv_loss: 0.0042 auroc_train: 0.9795 auprc_train: 0.9785 precision_train: 0.9206 recall_train: 0.9357 f1_train: 0.9281 cm_train: (tn=1970, fp=173, fn=138, tp=2007)
2025-10-19 10:38:42 | INFO | EM.print | -------- Epoch 47 --------
2025-10-19 10:38:42 | INFO | EM.print | [AUG][online][epoch=47][iter=0] start name=random_permute_features noise_std=0.02 mask_rate=0.2 seed=46000
2025-10-19 10:38:42 | INFO | EM.print | [AUG][online][epoch=47][iter=0] done name=random_permute_features shape=(1140, 1140)
2025-10-19 10:38:42 | INFO | EM.print | [ONLINE-AUG] mode=online name=random_permute_features noise_std=0.02 mask_rate=0.2 base_seed=0
2025-10-19 10:38:42 | INFO | EM.print | epoch: 47/ iteration: 1/ loss_train: 3.4770603 | task_loss:0.1767 cont_loss:6.7336 adv_loss:0.0106
2025-10-19 10:38:45 | INFO | EM.print | epoch: 47/ iteration: 101/ loss_train: 3.468161 | task_loss:0.0986 cont_loss:6.8139 adv_loss:0.0051
2025-10-19 10:38:46 | INFO | EM.print | epoch: 0047 loss_train: 3.6129 task_loss: 0.3604 cont_loss: 6.7823 adv_loss: 0.0139 auroc_train: 0.9791 auprc_train: 0.9782 precision_train: 0.9154 recall_train: 0.9338 f1_train: 0.9245 cm_train: (tn=1958, fp=185, fn=142, tp=2003)
2025-10-19 10:38:46 | INFO | EM.print | -------- Epoch 48 --------
2025-10-19 10:38:46 | INFO | EM.print | [AUG][online][epoch=48][iter=0] start name=random_permute_features noise_std=0.02 mask_rate=0.2 seed=47000
2025-10-19 10:38:46 | INFO | EM.print | [AUG][online][epoch=48][iter=0] done name=random_permute_features shape=(1140, 1140)
2025-10-19 10:38:46 | INFO | EM.print | [ONLINE-AUG] mode=online name=random_permute_features noise_std=0.02 mask_rate=0.2 base_seed=0
2025-10-19 10:38:46 | INFO | EM.print | epoch: 48/ iteration: 1/ loss_train: 3.4071105 | task_loss:0.0643 cont_loss:6.7341 adv_loss:0.0036
2025-10-19 10:38:48 | INFO | EM.print | epoch: 48/ iteration: 101/ loss_train: 3.4967291 | task_loss:0.1313 cont_loss:6.8315 adv_loss:0.0054
2025-10-19 10:38:49 | INFO | EM.print | epoch: 0048 loss_train: 3.7165 task_loss: 0.3840 cont_loss: 6.9662 adv_loss: 0.0075 auroc_train: 0.9806 auprc_train: 0.9797 precision_train: 0.9194 recall_train: 0.9366 f1_train: 0.9279 cm_train: (tn=1968, fp=176, fn=136, tp=2008)
2025-10-19 10:38:49 | INFO | EM.print | -------- Epoch 49 --------
2025-10-19 10:38:49 | INFO | EM.print | [AUG][online][epoch=49][iter=0] start name=random_permute_features noise_std=0.02 mask_rate=0.2 seed=48000
2025-10-19 10:38:49 | INFO | EM.print | [AUG][online][epoch=49][iter=0] done name=random_permute_features shape=(1140, 1140)
2025-10-19 10:38:49 | INFO | EM.print | [ONLINE-AUG] mode=online name=random_permute_features noise_std=0.02 mask_rate=0.2 base_seed=0
2025-10-19 10:38:49 | INFO | EM.print | epoch: 49/ iteration: 1/ loss_train: 3.4051769 | task_loss:0.1098 cont_loss:6.6743 adv_loss:0.0053
2025-10-19 10:38:52 | INFO | EM.print | epoch: 49/ iteration: 101/ loss_train: 3.5221126 | task_loss:0.1864 cont_loss:6.8179 adv_loss:0.0033
2025-10-19 10:38:53 | INFO | EM.print | epoch: 0049 loss_train: 3.5559 task_loss: 0.1798 cont_loss: 6.8935 adv_loss: 0.0032 auroc_train: 0.9802 auprc_train: 0.9796 precision_train: 0.9182 recall_train: 0.9323 f1_train: 0.9252 cm_train: (tn=1968, fp=178, fn=145, tp=1997)
2025-10-19 10:38:53 | INFO | EM.print | -------- Epoch 50 --------
2025-10-19 10:38:53 | INFO | EM.print | [AUG][online][epoch=50][iter=0] start name=random_permute_features noise_std=0.02 mask_rate=0.2 seed=49000
2025-10-19 10:38:53 | INFO | EM.print | [AUG][online][epoch=50][iter=0] done name=random_permute_features shape=(1140, 1140)
2025-10-19 10:38:53 | INFO | EM.print | [ONLINE-AUG] mode=online name=random_permute_features noise_std=0.02 mask_rate=0.2 base_seed=0
2025-10-19 10:38:53 | INFO | EM.print | epoch: 50/ iteration: 1/ loss_train: 3.5470064 | task_loss:0.1909 cont_loss:6.8627 adv_loss:0.0027
2025-10-19 10:38:55 | INFO | EM.print | epoch: 50/ iteration: 101/ loss_train: 3.490971 | task_loss:0.2522 cont_loss:6.6771 adv_loss:0.0027
2025-10-19 10:38:56 | INFO | EM.print | epoch: 0050 loss_train: 3.4744 task_loss: 0.0969 cont_loss: 6.8307 adv_loss: 0.0022 auroc_train: 0.9812 auprc_train: 0.9807 precision_train: 0.9244 recall_train: 0.9356 f1_train: 0.9300 cm_train: (tn=1981, fp=164, fn=138, tp=2005)
2025-10-19 10:38:56 | INFO | EM.print | Optimization Finished!
2025-10-19 10:38:56 | INFO | EM.result.save | Saved result text: /root/OUTPUT/result/LMI_B_007_data_20251019_103520/metrics/train_epoch_metrics_fold_1_20251019_103520.csv.txt
2025-10-19 10:38:56 | INFO | EM.print | [SAVE] Per-epoch train metrics saved: train_epoch_metrics_fold_1_20251019_103520.csv
2025-10-19 10:38:57 | INFO | EM.print | loss_test: 3.5248 auroc_test: 0.9496 auprc_test: 0.9429 precision_test: 0.8443 recall_test: 0.9225 f1_test: 0.8817 cm_test: (tn=437, fp=90, fn=41, tp=488)
2025-10-19 10:38:57 | INFO | EM | Fold 1 completed.
2025-10-19 10:38:57 | INFO | EM | === Fold 2/5 ===
2025-10-19 10:38:57 | INFO | EM.result.save | Saved result text: /root/OUTPUT/result/LMI_B_007_data_20251019_103520/metrics/adv_config_fold_2_20251019_103520.json.txt
2025-10-19 10:38:57 | INFO | EM.print | [SAVE] adv config saved: metrics/adv_config_fold_2_20251019_103520.json
2025-10-19 10:38:57 | INFO | EM.print | Start Training...
2025-10-19 10:38:57 | INFO | EM.print | -------- Epoch 1 --------
2025-10-19 10:38:58 | INFO | EM.print | [AUG][online][epoch=1][iter=0] start name=random_permute_features noise_std=0.02 mask_rate=0.2 seed=0
2025-10-19 10:38:58 | INFO | EM.print | [AUG][online][epoch=1][iter=0] done name=random_permute_features shape=(1140, 1140)
2025-10-19 10:38:58 | INFO | EM.print | [ONLINE-AUG] mode=online name=random_permute_features noise_std=0.02 mask_rate=0.2 base_seed=0
2025-10-19 10:38:58 | INFO | EM.print | epoch: 1/ iteration: 1/ loss_train: 2.0055778 | task_loss:0.7296 cont_loss:2.5735 adv_loss:0.7026
2025-10-19 10:39:00 | INFO | EM.print | epoch: 1/ iteration: 101/ loss_train: 3.9552627 | task_loss:0.4441 cont_loss:6.9318 adv_loss:0.5572
2025-10-19 10:39:01 | INFO | EM.print | epoch: 0001 loss_train: 3.9056 task_loss: 0.4191 cont_loss: 6.9323 adv_loss: 0.4701 auroc_train: 0.8125 auprc_train: 0.8047 precision_train: 0.6971 recall_train: 0.7726 f1_train: 0.7329 cm_train: (tn=1427, fp=719, fn=487, tp=1655)
2025-10-19 10:39:01 | INFO | EM.print | -------- Epoch 2 --------
2025-10-19 10:39:01 | INFO | EM.print | [AUG][online][epoch=2][iter=0] start name=random_permute_features noise_std=0.02 mask_rate=0.2 seed=1000
2025-10-19 10:39:01 | INFO | EM.print | [AUG][online][epoch=2][iter=0] done name=random_permute_features shape=(1140, 1140)
2025-10-19 10:39:01 | INFO | EM.print | [ONLINE-AUG] mode=online name=random_permute_features noise_std=0.02 mask_rate=0.2 base_seed=0
2025-10-19 10:39:01 | INFO | EM.print | epoch: 2/ iteration: 1/ loss_train: 3.862815 | task_loss:0.3480 cont_loss:6.9319 adv_loss:0.4702
2025-10-19 10:39:04 | INFO | EM.print | epoch: 2/ iteration: 101/ loss_train: 3.7849073 | task_loss:0.4023 cont_loss:6.9316 adv_loss:0.1944
2025-10-19 10:39:04 | INFO | EM.print | epoch: 0002 loss_train: 3.7231 task_loss: 0.3311 cont_loss: 6.9348 adv_loss: 0.1425 auroc_train: 0.9228 auprc_train: 0.9187 precision_train: 0.8470 recall_train: 0.8497 f1_train: 0.8484 cm_train: (tn=1816, fp=329, fn=322, tp=1821)
2025-10-19 10:39:04 | INFO | EM.print | -------- Epoch 3 --------
2025-10-19 10:39:04 | INFO | EM.print | [AUG][online][epoch=3][iter=0] start name=random_permute_features noise_std=0.02 mask_rate=0.2 seed=2000
2025-10-19 10:39:04 | INFO | EM.print | [AUG][online][epoch=3][iter=0] done name=random_permute_features shape=(1140, 1140)
2025-10-19 10:39:04 | INFO | EM.print | [ONLINE-AUG] mode=online name=random_permute_features noise_std=0.02 mask_rate=0.2 base_seed=0
2025-10-19 10:39:04 | INFO | EM.print | epoch: 3/ iteration: 1/ loss_train: 3.7172782 | task_loss:0.3286 cont_loss:6.9316 adv_loss:0.1358
2025-10-19 10:39:07 | INFO | EM.print | epoch: 3/ iteration: 101/ loss_train: 3.7384024 | task_loss:0.4048 cont_loss:6.9316 adv_loss:0.0743
2025-10-19 10:39:08 | INFO | EM.print | epoch: 0003 loss_train: 3.7669 task_loss: 0.4676 cont_loss: 6.9259 adv_loss: 0.0586 auroc_train: 0.9343 auprc_train: 0.9341 precision_train: 0.8594 recall_train: 0.8530 f1_train: 0.8562 cm_train: (tn=1846, fp=299, fn=315, tp=1828)
2025-10-19 10:39:08 | INFO | EM.print | -------- Epoch 4 --------
2025-10-19 10:39:08 | INFO | EM.print | [AUG][online][epoch=4][iter=0] start name=random_permute_features noise_std=0.02 mask_rate=0.2 seed=3000
2025-10-19 10:39:08 | INFO | EM.print | [AUG][online][epoch=4][iter=0] done name=random_permute_features shape=(1140, 1140)
2025-10-19 10:39:08 | INFO | EM.print | [ONLINE-AUG] mode=online name=random_permute_features noise_std=0.02 mask_rate=0.2 base_seed=0
2025-10-19 10:39:08 | INFO | EM.print | epoch: 4/ iteration: 1/ loss_train: 3.7672932 | task_loss:0.4613 cont_loss:6.9301 adv_loss:0.0637
2025-10-19 10:39:11 | INFO | EM.print | epoch: 4/ iteration: 101/ loss_train: 3.71858 | task_loss:0.3915 cont_loss:6.9188 adv_loss:0.0607
2025-10-19 10:39:11 | INFO | EM.print | epoch: 0004 loss_train: 3.6400 task_loss: 0.2788 cont_loss: 6.9134 adv_loss: 0.0401 auroc_train: 0.9413 auprc_train: 0.9393 precision_train: 0.8658 recall_train: 0.8645 f1_train: 0.8652 cm_train: (tn=1860, fp=287, fn=290, tp=1851)
2025-10-19 10:39:11 | INFO | EM.print | -------- Epoch 5 --------
2025-10-19 10:39:11 | INFO | EM.print | [AUG][online][epoch=5][iter=0] start name=random_permute_features noise_std=0.02 mask_rate=0.2 seed=4000
2025-10-19 10:39:11 | INFO | EM.print | [AUG][online][epoch=5][iter=0] done name=random_permute_features shape=(1140, 1140)
2025-10-19 10:39:11 | INFO | EM.print | [ONLINE-AUG] mode=online name=random_permute_features noise_std=0.02 mask_rate=0.2 base_seed=0
2025-10-19 10:39:11 | INFO | EM.print | epoch: 5/ iteration: 1/ loss_train: 3.6064057 | task_loss:0.2260 cont_loss:6.9130 adv_loss:0.0358
2025-10-19 10:39:14 | INFO | EM.print | epoch: 5/ iteration: 101/ loss_train: 3.626078 | task_loss:0.2813 cont_loss:6.8921 adv_loss:0.0281
2025-10-19 10:39:15 | INFO | EM.print | epoch: 0005 loss_train: 3.5352 task_loss: 0.1821 cont_loss: 6.8323 adv_loss: 0.0244 auroc_train: 0.9476 auprc_train: 0.9463 precision_train: 0.8696 recall_train: 0.8756 f1_train: 0.8726 cm_train: (tn=1859, fp=282, fn=267, tp=1880)
2025-10-19 10:39:15 | INFO | EM.print | -------- Epoch 6 --------
2025-10-19 10:39:15 | INFO | EM.print | [AUG][online][epoch=6][iter=0] start name=random_permute_features noise_std=0.02 mask_rate=0.2 seed=5000
2025-10-19 10:39:15 | INFO | EM.print | [AUG][online][epoch=6][iter=0] done name=random_permute_features shape=(1140, 1140)
2025-10-19 10:39:15 | INFO | EM.print | [ONLINE-AUG] mode=online name=random_permute_features noise_std=0.02 mask_rate=0.2 base_seed=0
2025-10-19 10:39:15 | INFO | EM.print | epoch: 6/ iteration: 1/ loss_train: 3.5763843 | task_loss:0.2383 cont_loss:6.8511 adv_loss:0.0196
2025-10-19 10:39:17 | INFO | EM.print | epoch: 6/ iteration: 101/ loss_train: 3.6291611 | task_loss:0.3138 cont_loss:6.8591 adv_loss:0.0283
2025-10-19 10:39:18 | INFO | EM.print | epoch: 0006 loss_train: 3.5242 task_loss: 0.1665 cont_loss: 6.8320 adv_loss: 0.0208 auroc_train: 0.9512 auprc_train: 0.9503 precision_train: 0.8760 recall_train: 0.8764 f1_train: 0.8762 cm_train: (tn=1878, fp=266, fn=265, tp=1879)
2025-10-19 10:39:18 | INFO | EM.print | -------- Epoch 7 --------
2025-10-19 10:39:18 | INFO | EM.print | [AUG][online][epoch=7][iter=0] start name=random_permute_features noise_std=0.02 mask_rate=0.2 seed=6000
2025-10-19 10:39:18 | INFO | EM.print | [AUG][online][epoch=7][iter=0] done name=random_permute_features shape=(1140, 1140)
2025-10-19 10:39:18 | INFO | EM.print | [ONLINE-AUG] mode=online name=random_permute_features noise_std=0.02 mask_rate=0.2 base_seed=0
2025-10-19 10:39:18 | INFO | EM.print | epoch: 7/ iteration: 1/ loss_train: 3.5694866 | task_loss:0.2664 cont_loss:6.7930 adv_loss:0.0329
2025-10-19 10:39:21 | INFO | EM.print | epoch: 7/ iteration: 101/ loss_train: 3.6061223 | task_loss:0.2984 cont_loss:6.8412 adv_loss:0.0162
2025-10-19 10:39:22 | INFO | EM.print | epoch: 0007 loss_train: 3.6331 task_loss: 0.3334 cont_loss: 6.8487 adv_loss: 0.0217 auroc_train: 0.9519 auprc_train: 0.9516 precision_train: 0.8680 recall_train: 0.8789 f1_train: 0.8734 cm_train: (tn=1854, fp=287, fn=260, tp=1887)
2025-10-19 10:39:22 | INFO | EM.print | -------- Epoch 8 --------
2025-10-19 10:39:22 | INFO | EM.print | [AUG][online][epoch=8][iter=0] start name=random_permute_features noise_std=0.02 mask_rate=0.2 seed=7000
2025-10-19 10:39:22 | INFO | EM.print | [AUG][online][epoch=8][iter=0] done name=random_permute_features shape=(1140, 1140)
2025-10-19 10:39:22 | INFO | EM.print | [ONLINE-AUG] mode=online name=random_permute_features noise_std=0.02 mask_rate=0.2 base_seed=0
2025-10-19 10:39:22 | INFO | EM.print | epoch: 8/ iteration: 1/ loss_train: 3.5910754 | task_loss:0.2793 cont_loss:6.8318 adv_loss:0.0190
2025-10-19 10:39:24 | INFO | EM.print | epoch: 8/ iteration: 101/ loss_train: 3.5915494 | task_loss:0.2803 cont_loss:6.8288 adv_loss:0.0225
2025-10-19 10:39:25 | INFO | EM.print | epoch: 0008 loss_train: 3.4905 task_loss: 0.0909 cont_loss: 6.8570 adv_loss: 0.0188 auroc_train: 0.9542 auprc_train: 0.9541 precision_train: 0.8772 recall_train: 0.8759 f1_train: 0.8765 cm_train: (tn=1881, fp=263, fn=266, tp=1878)
2025-10-19 10:39:25 | INFO | EM.print | -------- Epoch 9 --------
2025-10-19 10:39:25 | INFO | EM.print | [AUG][online][epoch=9][iter=0] start name=random_permute_features noise_std=0.02 mask_rate=0.2 seed=8000
2025-10-19 10:39:25 | INFO | EM.print | [AUG][online][epoch=9][iter=0] done name=random_permute_features shape=(1140, 1140)
2025-10-19 10:39:25 | INFO | EM.print | [ONLINE-AUG] mode=online name=random_permute_features noise_std=0.02 mask_rate=0.2 base_seed=0
2025-10-19 10:39:25 | INFO | EM.print | epoch: 9/ iteration: 1/ loss_train: 3.5701947 | task_loss:0.2497 cont_loss:6.8252 adv_loss:0.0194
2025-10-19 10:39:28 | INFO | EM.print | epoch: 9/ iteration: 101/ loss_train: 3.6355412 | task_loss:0.3054 cont_loss:6.8950 adv_loss:0.0119
2025-10-19 10:39:29 | INFO | EM.print | epoch: 0009 loss_train: 3.5929 task_loss: 0.2799 cont_loss: 6.8347 adv_loss: 0.0191 auroc_train: 0.9546 auprc_train: 0.9544 precision_train: 0.8714 recall_train: 0.8763 f1_train: 0.8738 cm_train: (tn=1869, fp=277, fn=265, tp=1877)
2025-10-19 10:39:29 | INFO | EM.print | -------- Epoch 10 --------
2025-10-19 10:39:29 | INFO | EM.print | [AUG][online][epoch=10][iter=0] start name=random_permute_features noise_std=0.02 mask_rate=0.2 seed=9000
2025-10-19 10:39:29 | INFO | EM.print | [AUG][online][epoch=10][iter=0] done name=random_permute_features shape=(1140, 1140)
2025-10-19 10:39:29 | INFO | EM.print | [ONLINE-AUG] mode=online name=random_permute_features noise_std=0.02 mask_rate=0.2 base_seed=0
2025-10-19 10:39:29 | INFO | EM.print | epoch: 10/ iteration: 1/ loss_train: 3.630313 | task_loss:0.3442 cont_loss:6.8374 adv_loss:0.0128
2025-10-19 10:39:31 | INFO | EM.print | epoch: 10/ iteration: 101/ loss_train: 3.5763571 | task_loss:0.2356 cont_loss:6.8600 adv_loss:0.0124
2025-10-19 10:39:32 | INFO | EM.print | epoch: 0010 loss_train: 3.5151 task_loss: 0.2093 cont_loss: 6.7630 adv_loss: 0.0200 auroc_train: 0.9558 auprc_train: 0.9560 precision_train: 0.8749 recall_train: 0.8843 f1_train: 0.8796 cm_train: (tn=1874, fp=271, fn=248, tp=1895)
2025-10-19 10:39:32 | INFO | EM.print | -------- Epoch 11 --------
2025-10-19 10:39:32 | INFO | EM.print | [AUG][online][epoch=11][iter=0] start name=random_permute_features noise_std=0.02 mask_rate=0.2 seed=10000
2025-10-19 10:39:32 | INFO | EM.print | [AUG][online][epoch=11][iter=0] done name=random_permute_features shape=(1140, 1140)
2025-10-19 10:39:32 | INFO | EM.print | [ONLINE-AUG] mode=online name=random_permute_features noise_std=0.02 mask_rate=0.2 base_seed=0
2025-10-19 10:39:32 | INFO | EM.print | epoch: 11/ iteration: 1/ loss_train: 3.5618691 | task_loss:0.1583 cont_loss:6.9108 adv_loss:0.0287
2025-10-19 10:39:35 | INFO | EM.print | epoch: 11/ iteration: 101/ loss_train: 3.5820553 | task_loss:0.2176 cont_loss:6.8948 adv_loss:0.0103
2025-10-19 10:39:36 | INFO | EM.print | epoch: 0011 loss_train: 3.5904 task_loss: 0.2229 cont_loss: 6.9023 adv_loss: 0.0140 auroc_train: 0.9557 auprc_train: 0.9568 precision_train: 0.8795 recall_train: 0.8811 f1_train: 0.8803 cm_train: (tn=1884, fp=259, fn=255, tp=1890)
2025-10-19 10:39:36 | INFO | EM.print | -------- Epoch 12 --------
2025-10-19 10:39:36 | INFO | EM.print | [AUG][online][epoch=12][iter=0] start name=random_permute_features noise_std=0.02 mask_rate=0.2 seed=11000
2025-10-19 10:39:36 | INFO | EM.print | [AUG][online][epoch=12][iter=0] done name=random_permute_features shape=(1140, 1140)
2025-10-19 10:39:36 | INFO | EM.print | [ONLINE-AUG] mode=online name=random_permute_features noise_std=0.02 mask_rate=0.2 base_seed=0
2025-10-19 10:39:36 | INFO | EM.print | epoch: 12/ iteration: 1/ loss_train: 3.6036215 | task_loss:0.2836 cont_loss:6.8607 adv_loss:0.0078
2025-10-19 10:39:38 | INFO | EM.print | epoch: 12/ iteration: 101/ loss_train: 3.5917335 | task_loss:0.2561 cont_loss:6.8671 adv_loss:0.0112
2025-10-19 10:39:39 | INFO | EM.print | epoch: 0012 loss_train: 3.6817 task_loss: 0.4088 cont_loss: 6.8662 adv_loss: 0.0082 auroc_train: 0.9555 auprc_train: 0.9552 precision_train: 0.8736 recall_train: 0.8890 f1_train: 0.8812 cm_train: (tn=1867, fp=276, fn=238, tp=1907)
2025-10-19 10:39:39 | INFO | EM.print | -------- Epoch 13 --------
2025-10-19 10:39:39 | INFO | EM.print | [AUG][online][epoch=13][iter=0] start name=random_permute_features noise_std=0.02 mask_rate=0.2 seed=12000
2025-10-19 10:39:39 | INFO | EM.print | [AUG][online][epoch=13][iter=0] done name=random_permute_features shape=(1140, 1140)
2025-10-19 10:39:39 | INFO | EM.print | [ONLINE-AUG] mode=online name=random_permute_features noise_std=0.02 mask_rate=0.2 base_seed=0
2025-10-19 10:39:39 | INFO | EM.print | epoch: 13/ iteration: 1/ loss_train: 3.6773484 | task_loss:0.3899 cont_loss:6.8800 adv_loss:0.0086
2025-10-19 10:39:42 | INFO | EM.print | epoch: 13/ iteration: 101/ loss_train: 3.5843692 | task_loss:0.2047 cont_loss:6.9125 adv_loss:0.0133
2025-10-19 10:39:43 | INFO | EM.print | epoch: 0013 loss_train: 3.6166 task_loss: 0.3340 cont_loss: 6.8236 adv_loss: 0.0110 auroc_train: 0.9583 auprc_train: 0.9583 precision_train: 0.8772 recall_train: 0.8842 f1_train: 0.8807 cm_train: (tn=1882, fp=265, fn=248, tp=1893)
2025-10-19 10:39:43 | INFO | EM.print | -------- Epoch 14 --------
2025-10-19 10:39:43 | INFO | EM.print | [AUG][online][epoch=14][iter=0] start name=random_permute_features noise_std=0.02 mask_rate=0.2 seed=13000
2025-10-19 10:39:43 | INFO | EM.print | [AUG][online][epoch=14][iter=0] done name=random_permute_features shape=(1140, 1140)
2025-10-19 10:39:43 | INFO | EM.print | [ONLINE-AUG] mode=online name=random_permute_features noise_std=0.02 mask_rate=0.2 base_seed=0
2025-10-19 10:39:43 | INFO | EM.print | epoch: 14/ iteration: 1/ loss_train: 3.6665816 | task_loss:0.3758 cont_loss:6.8714 adv_loss:0.0135
2025-10-19 10:39:45 | INFO | EM.print | epoch: 14/ iteration: 101/ loss_train: 3.6648433 | task_loss:0.3797 cont_loss:6.8696 adv_loss:0.0055
2025-10-19 10:39:46 | INFO | EM.print | epoch: 0014 loss_train: 3.5157 task_loss: 0.1870 cont_loss: 6.7871 adv_loss: 0.0247 auroc_train: 0.9593 auprc_train: 0.9590 precision_train: 0.8787 recall_train: 0.8886 f1_train: 0.8836 cm_train: (tn=1880, fp=263, fn=239, tp=1906)
2025-10-19 10:39:46 | INFO | EM.print | -------- Epoch 15 --------
2025-10-19 10:39:46 | INFO | EM.print | [AUG][online][epoch=15][iter=0] start name=random_permute_features noise_std=0.02 mask_rate=0.2 seed=14000
2025-10-19 10:39:46 | INFO | EM.print | [AUG][online][epoch=15][iter=0] done name=random_permute_features shape=(1140, 1140)
2025-10-19 10:39:46 | INFO | EM.print | [ONLINE-AUG] mode=online name=random_permute_features noise_std=0.02 mask_rate=0.2 base_seed=0
2025-10-19 10:39:46 | INFO | EM.print | epoch: 15/ iteration: 1/ loss_train: 3.5543113 | task_loss:0.2958 cont_loss:6.7486 adv_loss:0.0064
2025-10-19 10:39:49 | INFO | EM.print | epoch: 15/ iteration: 101/ loss_train: 3.5443387 | task_loss:0.2601 cont_loss:6.7708 adv_loss:0.0073
2025-10-19 10:39:49 | INFO | EM.print | epoch: 0015 loss_train: 3.5201 task_loss: 0.2110 cont_loss: 6.7816 adv_loss: 0.0067 auroc_train: 0.9625 auprc_train: 0.9625 precision_train: 0.8840 recall_train: 0.8914 f1_train: 0.8877 cm_train: (tn=1892, fp=251, fn=233, tp=1912)
2025-10-19 10:39:49 | INFO | EM.print | -------- Epoch 16 --------
2025-10-19 10:39:49 | INFO | EM.print | [AUG][online][epoch=16][iter=0] start name=random_permute_features noise_std=0.02 mask_rate=0.2 seed=15000
2025-10-19 10:39:49 | INFO | EM.print | [AUG][online][epoch=16][iter=0] done name=random_permute_features shape=(1140, 1140)
2025-10-19 10:39:49 | INFO | EM.print | [ONLINE-AUG] mode=online name=random_permute_features noise_std=0.02 mask_rate=0.2 base_seed=0
2025-10-19 10:39:49 | INFO | EM.print | epoch: 16/ iteration: 1/ loss_train: 3.4260366 | task_loss:0.1535 cont_loss:6.6602 adv_loss:0.0096
2025-10-19 10:39:52 | INFO | EM.print | epoch: 16/ iteration: 101/ loss_train: 3.4594083 | task_loss:0.2577 cont_loss:6.6019 adv_loss:0.0095
2025-10-19 10:39:53 | INFO | EM.print | epoch: 0016 loss_train: 3.4322 task_loss: 0.3458 cont_loss: 6.4424 adv_loss: 0.0086 auroc_train: 0.9601 auprc_train: 0.9600 precision_train: 0.8797 recall_train: 0.8903 f1_train: 0.8850 cm_train: (tn=1884, fp=261, fn=235, tp=1908)
2025-10-19 10:39:53 | INFO | EM.print | -------- Epoch 17 --------
2025-10-19 10:39:53 | INFO | EM.print | [AUG][online][epoch=17][iter=0] start name=random_permute_features noise_std=0.02 mask_rate=0.2 seed=16000
2025-10-19 10:39:53 | INFO | EM.print | [AUG][online][epoch=17][iter=0] done name=random_permute_features shape=(1140, 1140)
2025-10-19 10:39:53 | INFO | EM.print | [ONLINE-AUG] mode=online name=random_permute_features noise_std=0.02 mask_rate=0.2 base_seed=0
2025-10-19 10:39:53 | INFO | EM.print | epoch: 17/ iteration: 1/ loss_train: 3.5276887 | task_loss:0.3491 cont_loss:6.6316 adv_loss:0.0061
2025-10-19 10:39:55 | INFO | EM.print | epoch: 17/ iteration: 101/ loss_train: 3.4792676 | task_loss:0.2964 cont_loss:6.5974 adv_loss:0.0068
2025-10-19 10:39:56 | INFO | EM.print | epoch: 0017 loss_train: 3.4359 task_loss: 0.1236 cont_loss: 6.7196 adv_loss: 0.0050 auroc_train: 0.9604 auprc_train: 0.9607 precision_train: 0.8781 recall_train: 0.8867 f1_train: 0.8823 cm_train: (tn=1880, fp=264, fn=243, tp=1901)
2025-10-19 10:39:56 | INFO | EM.print | -------- Epoch 18 --------
2025-10-19 10:39:56 | INFO | EM.print | [AUG][online][epoch=18][iter=0] start name=random_permute_features noise_std=0.02 mask_rate=0.2 seed=17000
2025-10-19 10:39:56 | INFO | EM.print | [AUG][online][epoch=18][iter=0] done name=random_permute_features shape=(1140, 1140)
2025-10-19 10:39:56 | INFO | EM.print | [ONLINE-AUG] mode=online name=random_permute_features noise_std=0.02 mask_rate=0.2 base_seed=0
2025-10-19 10:39:56 | INFO | EM.print | epoch: 18/ iteration: 1/ loss_train: 3.4209301 | task_loss:0.2392 cont_loss:6.5444 adv_loss:0.0131
2025-10-19 10:39:59 | INFO | EM.print | epoch: 18/ iteration: 101/ loss_train: 3.3998296 | task_loss:0.1824 cont_loss:6.5762 adv_loss:0.0058
2025-10-19 10:40:00 | INFO | EM.print | epoch: 0018 loss_train: 3.5237 task_loss: 0.3437 cont_loss: 6.6312 adv_loss: 0.0046 auroc_train: 0.9602 auprc_train: 0.9589 precision_train: 0.8808 recall_train: 0.8931 f1_train: 0.8869 cm_train: (tn=1886, fp=259, fn=229, tp=1914)
2025-10-19 10:40:00 | INFO | EM.print | -------- Epoch 19 --------
2025-10-19 10:40:00 | INFO | EM.print | [AUG][online][epoch=19][iter=0] start name=random_permute_features noise_std=0.02 mask_rate=0.2 seed=18000
2025-10-19 10:40:00 | INFO | EM.print | [AUG][online][epoch=19][iter=0] done name=random_permute_features shape=(1140, 1140)
2025-10-19 10:40:00 | INFO | EM.print | [ONLINE-AUG] mode=online name=random_permute_features noise_std=0.02 mask_rate=0.2 base_seed=0
2025-10-19 10:40:00 | INFO | EM.print | epoch: 19/ iteration: 1/ loss_train: 3.3909924 | task_loss:0.2043 cont_loss:6.5328 adv_loss:0.0049
2025-10-19 10:40:02 | INFO | EM.print | epoch: 19/ iteration: 101/ loss_train: 3.4651186 | task_loss:0.2876 cont_loss:6.5799 adv_loss:0.0066
2025-10-19 10:40:03 | INFO | EM.print | epoch: 0019 loss_train: 3.3735 task_loss: 0.1892 cont_loss: 6.5157 adv_loss: 0.0052 auroc_train: 0.9622 auprc_train: 0.9620 precision_train: 0.8784 recall_train: 0.8890 f1_train: 0.8837 cm_train: (tn=1879, fp=264, fn=238, tp=1907)
2025-10-19 10:40:03 | INFO | EM.print | -------- Epoch 20 --------
2025-10-19 10:40:03 | INFO | EM.print | [AUG][online][epoch=20][iter=0] start name=random_permute_features noise_std=0.02 mask_rate=0.2 seed=19000
2025-10-19 10:40:03 | INFO | EM.print | [AUG][online][epoch=20][iter=0] done name=random_permute_features shape=(1140, 1140)
2025-10-19 10:40:03 | INFO | EM.print | [ONLINE-AUG] mode=online name=random_permute_features noise_std=0.02 mask_rate=0.2 base_seed=0
2025-10-19 10:40:03 | INFO | EM.print | epoch: 20/ iteration: 1/ loss_train: 3.5144083 | task_loss:0.3909 cont_loss:6.5457 adv_loss:0.0176
2025-10-19 10:40:06 | INFO | EM.print | epoch: 20/ iteration: 101/ loss_train: 3.431721 | task_loss:0.2355 cont_loss:6.5767 adv_loss:0.0052
2025-10-19 10:40:06 | INFO | EM.print | epoch: 0020 loss_train: 3.4608 task_loss: 0.3564 cont_loss: 6.4898 adv_loss: 0.0051 auroc_train: 0.9640 auprc_train: 0.9639 precision_train: 0.8910 recall_train: 0.8902 f1_train: 0.8906 cm_train: (tn=1915, fp=233, fn=235, tp=1905)
2025-10-19 10:40:07 | INFO | EM.print | -------- Epoch 21 --------
2025-10-19 10:40:07 | INFO | EM.print | [AUG][online][epoch=21][iter=0] start name=random_permute_features noise_std=0.02 mask_rate=0.2 seed=20000
2025-10-19 10:40:07 | INFO | EM.print | [AUG][online][epoch=21][iter=0] done name=random_permute_features shape=(1140, 1140)
2025-10-19 10:40:07 | INFO | EM.print | [ONLINE-AUG] mode=online name=random_permute_features noise_std=0.02 mask_rate=0.2 base_seed=0
2025-10-19 10:40:07 | INFO | EM.print | epoch: 21/ iteration: 1/ loss_train: 3.394549 | task_loss:0.2704 cont_loss:6.4542 adv_loss:0.0131
2025-10-19 10:40:09 | INFO | EM.print | epoch: 21/ iteration: 101/ loss_train: 3.395215 | task_loss:0.3473 cont_loss:6.3702 adv_loss:0.0043
2025-10-19 10:40:10 | INFO | EM.print | epoch: 0021 loss_train: 3.3592 task_loss: 0.3652 cont_loss: 6.2757 adv_loss: 0.0057 auroc_train: 0.9646 auprc_train: 0.9641 precision_train: 0.8861 recall_train: 0.8997 f1_train: 0.8928 cm_train: (tn=1896, fp=248, fn=215, tp=1929)
2025-10-19 10:40:10 | INFO | EM.print | -------- Epoch 22 --------
2025-10-19 10:40:10 | INFO | EM.print | [AUG][online][epoch=22][iter=0] start name=random_permute_features noise_std=0.02 mask_rate=0.2 seed=21000
2025-10-19 10:40:10 | INFO | EM.print | [AUG][online][epoch=22][iter=0] done name=random_permute_features shape=(1140, 1140)
2025-10-19 10:40:10 | INFO | EM.print | [ONLINE-AUG] mode=online name=random_permute_features noise_std=0.02 mask_rate=0.2 base_seed=0
2025-10-19 10:40:10 | INFO | EM.print | epoch: 22/ iteration: 1/ loss_train: 3.395735 | task_loss:0.2029 cont_loss:6.5449 adv_loss:0.0039
2025-10-19 10:40:13 | INFO | EM.print | epoch: 22/ iteration: 101/ loss_train: 3.451604 | task_loss:0.2306 cont_loss:6.6220 adv_loss:0.0056
2025-10-19 10:40:13 | INFO | EM.print | epoch: 0022 loss_train: 3.3106 task_loss: 0.1891 cont_loss: 6.3905 adv_loss: 0.0046 auroc_train: 0.9648 auprc_train: 0.9651 precision_train: 0.8885 recall_train: 0.8985 f1_train: 0.8935 cm_train: (tn=1899, fp=242, fn=218, tp=1929)
2025-10-19 10:40:13 | INFO | EM.print | -------- Epoch 23 --------
2025-10-19 10:40:13 | INFO | EM.print | [AUG][online][epoch=23][iter=0] start name=random_permute_features noise_std=0.02 mask_rate=0.2 seed=22000
2025-10-19 10:40:13 | INFO | EM.print | [AUG][online][epoch=23][iter=0] done name=random_permute_features shape=(1140, 1140)
2025-10-19 10:40:13 | INFO | EM.print | [ONLINE-AUG] mode=online name=random_permute_features noise_std=0.02 mask_rate=0.2 base_seed=0
2025-10-19 10:40:13 | INFO | EM.print | epoch: 23/ iteration: 1/ loss_train: 3.3944504 | task_loss:0.1810 cont_loss:6.5680 adv_loss:0.0046
2025-10-19 10:40:16 | INFO | EM.print | epoch: 23/ iteration: 101/ loss_train: 3.3589919 | task_loss:0.1318 cont_loss:6.5570 adv_loss:0.0035
2025-10-19 10:40:17 | INFO | EM.print | epoch: 0023 loss_train: 3.3814 task_loss: 0.2596 cont_loss: 6.4485 adv_loss: 0.0033 auroc_train: 0.9638 auprc_train: 0.9629 precision_train: 0.8812 recall_train: 0.8977 f1_train: 0.8894 cm_train: (tn=1888, fp=259, fn=219, tp=1922)
2025-10-19 10:40:17 | INFO | EM.print | -------- Epoch 24 --------
2025-10-19 10:40:17 | INFO | EM.print | [AUG][online][epoch=24][iter=0] start name=random_permute_features noise_std=0.02 mask_rate=0.2 seed=23000
2025-10-19 10:40:17 | INFO | EM.print | [AUG][online][epoch=24][iter=0] done name=random_permute_features shape=(1140, 1140)
2025-10-19 10:40:17 | INFO | EM.print | [ONLINE-AUG] mode=online name=random_permute_features noise_std=0.02 mask_rate=0.2 base_seed=0
2025-10-19 10:40:17 | INFO | EM.print | epoch: 24/ iteration: 1/ loss_train: 3.3759818 | task_loss:0.2263 cont_loss:6.4746 adv_loss:0.0073
2025-10-19 10:40:19 | INFO | EM.print | epoch: 24/ iteration: 101/ loss_train: 3.406947 | task_loss:0.2210 cont_loss:6.5438 adv_loss:0.0061
2025-10-19 10:40:20 | INFO | EM.print | epoch: 0024 loss_train: 3.3871 task_loss: 0.1823 cont_loss: 6.5517 adv_loss: 0.0046 auroc_train: 0.9662 auprc_train: 0.9659 precision_train: 0.8885 recall_train: 0.9096 f1_train: 0.8989 cm_train: (tn=1897, fp=245, fn=194, tp=1952)
2025-10-19 10:40:20 | INFO | EM.print | -------- Epoch 25 --------
2025-10-19 10:40:20 | INFO | EM.print | [AUG][online][epoch=25][iter=0] start name=random_permute_features noise_std=0.02 mask_rate=0.2 seed=24000
2025-10-19 10:40:20 | INFO | EM.print | [AUG][online][epoch=25][iter=0] done name=random_permute_features shape=(1140, 1140)
2025-10-19 10:40:20 | INFO | EM.print | [ONLINE-AUG] mode=online name=random_permute_features noise_std=0.02 mask_rate=0.2 base_seed=0
2025-10-19 10:40:20 | INFO | EM.print | epoch: 25/ iteration: 1/ loss_train: 3.3236954 | task_loss:0.1715 cont_loss:6.4370 adv_loss:0.0058
2025-10-19 10:40:23 | INFO | EM.print | epoch: 25/ iteration: 101/ loss_train: 3.354181 | task_loss:0.2282 cont_loss:6.4313 adv_loss:0.0040
2025-10-19 10:40:24 | INFO | EM.print | epoch: 0025 loss_train: 3.3172 task_loss: 0.0936 cont_loss: 6.5182 adv_loss: 0.0048 auroc_train: 0.9661 auprc_train: 0.9655 precision_train: 0.8836 recall_train: 0.9050 f1_train: 0.8942 cm_train: (tn=1885, fp=256, fn=204, tp=1943)
2025-10-19 10:40:24 | INFO | EM.print | -------- Epoch 26 --------
2025-10-19 10:40:24 | INFO | EM.print | [AUG][online][epoch=26][iter=0] start name=random_permute_features noise_std=0.02 mask_rate=0.2 seed=25000
2025-10-19 10:40:24 | INFO | EM.print | [AUG][online][epoch=26][iter=0] done name=random_permute_features shape=(1140, 1140)
2025-10-19 10:40:24 | INFO | EM.print | [ONLINE-AUG] mode=online name=random_permute_features noise_std=0.02 mask_rate=0.2 base_seed=0
2025-10-19 10:40:24 | INFO | EM.print | epoch: 26/ iteration: 1/ loss_train: 3.368122 | task_loss:0.2319 cont_loss:6.4516 adv_loss:0.0080
2025-10-19 10:40:26 | INFO | EM.print | epoch: 26/ iteration: 101/ loss_train: 3.4538195 | task_loss:0.3671 cont_loss:6.4637 adv_loss:0.0042
2025-10-19 10:40:27 | INFO | EM.print | epoch: 0026 loss_train: 3.3938 task_loss: 0.1459 cont_loss: 6.6099 adv_loss: 0.0033 auroc_train: 0.9658 auprc_train: 0.9651 precision_train: 0.8829 recall_train: 0.9113 f1_train: 0.8969 cm_train: (tn=1887, fp=259, fn=190, tp=1952)
2025-10-19 10:40:27 | INFO | EM.print | -------- Epoch 27 --------
2025-10-19 10:40:27 | INFO | EM.print | [AUG][online][epoch=27][iter=0] start name=random_permute_features noise_std=0.02 mask_rate=0.2 seed=26000
2025-10-19 10:40:27 | INFO | EM.print | [AUG][online][epoch=27][iter=0] done name=random_permute_features shape=(1140, 1140)
2025-10-19 10:40:27 | INFO | EM.print | [ONLINE-AUG] mode=online name=random_permute_features noise_std=0.02 mask_rate=0.2 base_seed=0
2025-10-19 10:40:27 | INFO | EM.print | epoch: 27/ iteration: 1/ loss_train: 3.3234475 | task_loss:0.2708 cont_loss:6.3190 adv_loss:0.0037
2025-10-19 10:40:30 | INFO | EM.print | epoch: 27/ iteration: 101/ loss_train: 3.413952 | task_loss:0.2516 cont_loss:6.5214 adv_loss:0.0058
2025-10-19 10:40:31 | INFO | EM.print | epoch: 0027 loss_train: 3.3496 task_loss: 0.1534 cont_loss: 6.5014 adv_loss: 0.0173 auroc_train: 0.9674 auprc_train: 0.9664 precision_train: 0.8988 recall_train: 0.9013 f1_train: 0.9000 cm_train: (tn=1922, fp=218, fn=212, tp=1936)
2025-10-19 10:40:31 | INFO | EM.print | -------- Epoch 28 --------
2025-10-19 10:40:31 | INFO | EM.print | [AUG][online][epoch=28][iter=0] start name=random_permute_features noise_std=0.02 mask_rate=0.2 seed=27000
2025-10-19 10:40:31 | INFO | EM.print | [AUG][online][epoch=28][iter=0] done name=random_permute_features shape=(1140, 1140)
2025-10-19 10:40:31 | INFO | EM.print | [ONLINE-AUG] mode=online name=random_permute_features noise_std=0.02 mask_rate=0.2 base_seed=0
2025-10-19 10:40:31 | INFO | EM.print | epoch: 28/ iteration: 1/ loss_train: 3.3876874 | task_loss:0.2441 cont_loss:6.4804 adv_loss:0.0026
2025-10-19 10:40:33 | INFO | EM.print | epoch: 28/ iteration: 101/ loss_train: 3.300539 | task_loss:0.1625 cont_loss:6.4031 adv_loss:0.0038
2025-10-19 10:40:34 | INFO | EM.print | epoch: 0028 loss_train: 3.3248 task_loss: 0.2030 cont_loss: 6.4038 adv_loss: 0.0028 auroc_train: 0.9674 auprc_train: 0.9667 precision_train: 0.8931 recall_train: 0.9035 f1_train: 0.8983 cm_train: (tn=1910, fp=232, fn=207, tp=1939)
2025-10-19 10:40:34 | INFO | EM.print | -------- Epoch 29 --------
2025-10-19 10:40:34 | INFO | EM.print | [AUG][online][epoch=29][iter=0] start name=random_permute_features noise_std=0.02 mask_rate=0.2 seed=28000
2025-10-19 10:40:34 | INFO | EM.print | [AUG][online][epoch=29][iter=0] done name=random_permute_features shape=(1140, 1140)
2025-10-19 10:40:34 | INFO | EM.print | [ONLINE-AUG] mode=online name=random_permute_features noise_std=0.02 mask_rate=0.2 base_seed=0
2025-10-19 10:40:34 | INFO | EM.print | epoch: 29/ iteration: 1/ loss_train: 3.356298 | task_loss:0.1755 cont_loss:6.4997 adv_loss:0.0028
2025-10-19 10:40:37 | INFO | EM.print | epoch: 29/ iteration: 101/ loss_train: 3.3038373 | task_loss:0.1507 cont_loss:6.4218 adv_loss:0.0063
2025-10-19 10:40:37 | INFO | EM.print | epoch: 0029 loss_train: 3.4873 task_loss: 0.2866 cont_loss: 6.6261 adv_loss: 0.0058 auroc_train: 0.9707 auprc_train: 0.9701 precision_train: 0.8971 recall_train: 0.9155 f1_train: 0.9062 cm_train: (tn=1921, fp=225, fn=181, tp=1961)
2025-10-19 10:40:37 | INFO | EM.print | -------- Epoch 30 --------
2025-10-19 10:40:37 | INFO | EM.print | [AUG][online][epoch=30][iter=0] start name=random_permute_features noise_std=0.02 mask_rate=0.2 seed=29000
2025-10-19 10:40:37 | INFO | EM.print | [AUG][online][epoch=30][iter=0] done name=random_permute_features shape=(1140, 1140)
2025-10-19 10:40:37 | INFO | EM.print | [ONLINE-AUG] mode=online name=random_permute_features noise_std=0.02 mask_rate=0.2 base_seed=0
2025-10-19 10:40:37 | INFO | EM.print | epoch: 30/ iteration: 1/ loss_train: 3.3356073 | task_loss:0.2865 cont_loss:6.3239 adv_loss:0.0044
2025-10-19 10:40:40 | INFO | EM.print | epoch: 30/ iteration: 101/ loss_train: 3.3495085 | task_loss:0.1368 cont_loss:6.5315 adv_loss:0.0042
2025-10-19 10:40:41 | INFO | EM.print | epoch: 0030 loss_train: 3.3634 task_loss: 0.1466 cont_loss: 6.5480 adv_loss: 0.0036 auroc_train: 0.9696 auprc_train: 0.9692 precision_train: 0.9001 recall_train: 0.9094 f1_train: 0.9047 cm_train: (tn=1931, fp=216, fn=194, tp=1947)
2025-10-19 10:40:41 | INFO | EM.print | -------- Epoch 31 --------
2025-10-19 10:40:41 | INFO | EM.print | [AUG][online][epoch=31][iter=0] start name=random_permute_features noise_std=0.02 mask_rate=0.2 seed=30000
2025-10-19 10:40:41 | INFO | EM.print | [AUG][online][epoch=31][iter=0] done name=random_permute_features shape=(1140, 1140)
2025-10-19 10:40:41 | INFO | EM.print | [ONLINE-AUG] mode=online name=random_permute_features noise_std=0.02 mask_rate=0.2 base_seed=0
2025-10-19 10:40:41 | INFO | EM.print | epoch: 31/ iteration: 1/ loss_train: 3.48353 | task_loss:0.5176 cont_loss:6.3426 adv_loss:0.0042
2025-10-19 10:40:43 | INFO | EM.print | epoch: 31/ iteration: 101/ loss_train: 3.3454275 | task_loss:0.1701 cont_loss:6.4801 adv_loss:0.0082
2025-10-19 10:40:44 | INFO | EM.print | epoch: 0031 loss_train: 3.2969 task_loss: 0.1425 cont_loss: 6.4198 adv_loss: 0.0038 auroc_train: 0.9701 auprc_train: 0.9695 precision_train: 0.8980 recall_train: 0.9072 f1_train: 0.9026 cm_train: (tn=1922, fp=221, fn=199, tp=1946)
2025-10-19 10:40:44 | INFO | EM.print | -------- Epoch 32 --------
2025-10-19 10:40:44 | INFO | EM.print | [AUG][online][epoch=32][iter=0] start name=random_permute_features noise_std=0.02 mask_rate=0.2 seed=31000
2025-10-19 10:40:44 | INFO | EM.print | [AUG][online][epoch=32][iter=0] done name=random_permute_features shape=(1140, 1140)
2025-10-19 10:40:44 | INFO | EM.print | [ONLINE-AUG] mode=online name=random_permute_features noise_std=0.02 mask_rate=0.2 base_seed=0
2025-10-19 10:40:44 | INFO | EM.print | epoch: 32/ iteration: 1/ loss_train: 3.4113832 | task_loss:0.2211 cont_loss:6.5549 adv_loss:0.0033
2025-10-19 10:40:47 | INFO | EM.print | epoch: 32/ iteration: 101/ loss_train: 3.4223745 | task_loss:0.2807 cont_loss:6.5047 adv_loss:0.0040
2025-10-19 10:40:48 | INFO | EM.print | epoch: 0032 loss_train: 3.3812 task_loss: 0.2061 cont_loss: 6.5115 adv_loss: 0.0045 auroc_train: 0.9729 auprc_train: 0.9724 precision_train: 0.9064 recall_train: 0.9170 f1_train: 0.9117 cm_train: (tn=1941, fp=203, fn=178, tp=1966)
2025-10-19 10:40:48 | INFO | EM.print | -------- Epoch 33 --------
2025-10-19 10:40:48 | INFO | EM.print | [AUG][online][epoch=33][iter=0] start name=random_permute_features noise_std=0.02 mask_rate=0.2 seed=32000
2025-10-19 10:40:48 | INFO | EM.print | [AUG][online][epoch=33][iter=0] done name=random_permute_features shape=(1140, 1140)
2025-10-19 10:40:48 | INFO | EM.print | [ONLINE-AUG] mode=online name=random_permute_features noise_std=0.02 mask_rate=0.2 base_seed=0
2025-10-19 10:40:48 | INFO | EM.print | epoch: 33/ iteration: 1/ loss_train: 3.3940985 | task_loss:0.1206 cont_loss:6.6402 adv_loss:0.0041
2025-10-19 10:40:50 | INFO | EM.print | epoch: 33/ iteration: 101/ loss_train: 3.2894583 | task_loss:0.1039 cont_loss:6.4509 adv_loss:0.0042
2025-10-19 10:40:51 | INFO | EM.print | epoch: 0033 loss_train: 3.3368 task_loss: 0.1559 cont_loss: 6.4840 adv_loss: 0.0032 auroc_train: 0.9696 auprc_train: 0.9685 precision_train: 0.8979 recall_train: 0.9151 f1_train: 0.9064 cm_train: (tn=1921, fp=223, fn=182, tp=1962)
2025-10-19 10:40:51 | INFO | EM.print | -------- Epoch 34 --------
2025-10-19 10:40:51 | INFO | EM.print | [AUG][online][epoch=34][iter=0] start name=random_permute_features noise_std=0.02 mask_rate=0.2 seed=33000
2025-10-19 10:40:51 | INFO | EM.print | [AUG][online][epoch=34][iter=0] done name=random_permute_features shape=(1140, 1140)
2025-10-19 10:40:51 | INFO | EM.print | [ONLINE-AUG] mode=online name=random_permute_features noise_std=0.02 mask_rate=0.2 base_seed=0
2025-10-19 10:40:51 | INFO | EM.print | epoch: 34/ iteration: 1/ loss_train: 3.2869406 | task_loss:0.1391 cont_loss:6.4034 adv_loss:0.0043
2025-10-19 10:40:53 | INFO | EM.print | epoch: 34/ iteration: 101/ loss_train: 3.3029184 | task_loss:0.1456 cont_loss:6.4287 adv_loss:0.0030
2025-10-19 10:40:54 | INFO | EM.print | epoch: 0034 loss_train: 3.5669 task_loss: 0.3268 cont_loss: 6.7402 adv_loss: 0.0018 auroc_train: 0.9737 auprc_train: 0.9724 precision_train: 0.9053 recall_train: 0.9213 f1_train: 0.9132 cm_train: (tn=1934, fp=207, fn=169, tp=1978)
2025-10-19 10:40:54 | INFO | EM.print | -------- Epoch 35 --------
2025-10-19 10:40:54 | INFO | EM.print | [AUG][online][epoch=35][iter=0] start name=random_permute_features noise_std=0.02 mask_rate=0.2 seed=34000
2025-10-19 10:40:54 | INFO | EM.print | [AUG][online][epoch=35][iter=0] done name=random_permute_features shape=(1140, 1140)
2025-10-19 10:40:54 | INFO | EM.print | [ONLINE-AUG] mode=online name=random_permute_features noise_std=0.02 mask_rate=0.2 base_seed=0
2025-10-19 10:40:54 | INFO | EM.print | epoch: 35/ iteration: 1/ loss_train: 3.2880387 | task_loss:0.2705 cont_loss:6.2484 adv_loss:0.0038
2025-10-19 10:40:57 | INFO | EM.print | epoch: 35/ iteration: 101/ loss_train: 3.4214625 | task_loss:0.2801 cont_loss:6.5012 adv_loss:0.0069
2025-10-19 10:40:57 | INFO | EM.print | epoch: 0035 loss_train: 3.3601 task_loss: 0.1171 cont_loss: 6.5770 adv_loss: 0.0035 auroc_train: 0.9743 auprc_train: 0.9735 precision_train: 0.9048 recall_train: 0.9141 f1_train: 0.9095 cm_train: (tn=1939, fp=206, fn=184, tp=1959)
2025-10-19 10:40:57 | INFO | EM.print | -------- Epoch 36 --------
2025-10-19 10:40:57 | INFO | EM.print | [AUG][online][epoch=36][iter=0] start name=random_permute_features noise_std=0.02 mask_rate=0.2 seed=35000
2025-10-19 10:40:57 | INFO | EM.print | [AUG][online][epoch=36][iter=0] done name=random_permute_features shape=(1140, 1140)
2025-10-19 10:40:57 | INFO | EM.print | [ONLINE-AUG] mode=online name=random_permute_features noise_std=0.02 mask_rate=0.2 base_seed=0
2025-10-19 10:40:58 | INFO | EM.print | epoch: 36/ iteration: 1/ loss_train: 3.3119695 | task_loss:0.1658 cont_loss:6.4226 adv_loss:0.0029
2025-10-19 10:41:00 | INFO | EM.print | epoch: 36/ iteration: 101/ loss_train: 3.3615742 | task_loss:0.2697 cont_loss:6.3959 adv_loss:0.0045
2025-10-19 10:41:01 | INFO | EM.print | epoch: 0036 loss_train: 3.2488 task_loss: 0.1310 cont_loss: 6.3356 adv_loss: 0.0060 auroc_train: 0.9745 auprc_train: 0.9731 precision_train: 0.9090 recall_train: 0.9208 f1_train: 0.9149 cm_train: (tn=1943, fp=198, fn=170, tp=1977)
2025-10-19 10:41:01 | INFO | EM.print | -------- Epoch 37 --------
2025-10-19 10:41:01 | INFO | EM.print | [AUG][online][epoch=37][iter=0] start name=random_permute_features noise_std=0.02 mask_rate=0.2 seed=36000
2025-10-19 10:41:01 | INFO | EM.print | [AUG][online][epoch=37][iter=0] done name=random_permute_features shape=(1140, 1140)
2025-10-19 10:41:01 | INFO | EM.print | [ONLINE-AUG] mode=online name=random_permute_features noise_std=0.02 mask_rate=0.2 base_seed=0
2025-10-19 10:41:01 | INFO | EM.print | epoch: 37/ iteration: 1/ loss_train: 3.2748775 | task_loss:0.2169 cont_loss:6.2814 adv_loss:0.0101
2025-10-19 10:41:03 | INFO | EM.print | epoch: 37/ iteration: 101/ loss_train: 3.436317 | task_loss:0.2325 cont_loss:6.5914 adv_loss:0.0028
2025-10-19 10:41:04 | INFO | EM.print | epoch: 0037 loss_train: 3.3751 task_loss: 0.2035 cont_loss: 6.5024 adv_loss: 0.0045 auroc_train: 0.9755 auprc_train: 0.9750 precision_train: 0.9056 recall_train: 0.9217 f1_train: 0.9136 cm_train: (tn=1937, fp=206, fn=168, tp=1977)
2025-10-19 10:41:04 | INFO | EM.print | -------- Epoch 38 --------
2025-10-19 10:41:04 | INFO | EM.print | [AUG][online][epoch=38][iter=0] start name=random_permute_features noise_std=0.02 mask_rate=0.2 seed=37000
2025-10-19 10:41:04 | INFO | EM.print | [AUG][online][epoch=38][iter=0] done name=random_permute_features shape=(1140, 1140)
2025-10-19 10:41:04 | INFO | EM.print | [ONLINE-AUG] mode=online name=random_permute_features noise_std=0.02 mask_rate=0.2 base_seed=0
2025-10-19 10:41:04 | INFO | EM.print | epoch: 38/ iteration: 1/ loss_train: 3.3445213 | task_loss:0.1476 cont_loss:6.5089 adv_loss:0.0039
2025-10-19 10:41:07 | INFO | EM.print | epoch: 38/ iteration: 101/ loss_train: 3.342417 | task_loss:0.0931 cont_loss:6.5669 adv_loss:0.0077
2025-10-19 10:41:08 | INFO | EM.print | epoch: 0038 loss_train: 3.3659 task_loss: 0.1675 cont_loss: 6.5262 adv_loss: 0.0056 auroc_train: 0.9759 auprc_train: 0.9747 precision_train: 0.9050 recall_train: 0.9236 f1_train: 0.9142 cm_train: (tn=1934, fp=208, fn=164, tp=1982)
2025-10-19 10:41:08 | INFO | EM.print | -------- Epoch 39 --------
2025-10-19 10:41:08 | INFO | EM.print | [AUG][online][epoch=39][iter=0] start name=random_permute_features noise_std=0.02 mask_rate=0.2 seed=38000
2025-10-19 10:41:08 | INFO | EM.print | [AUG][online][epoch=39][iter=0] done name=random_permute_features shape=(1140, 1140)
2025-10-19 10:41:08 | INFO | EM.print | [ONLINE-AUG] mode=online name=random_permute_features noise_std=0.02 mask_rate=0.2 base_seed=0
2025-10-19 10:41:08 | INFO | EM.print | epoch: 39/ iteration: 1/ loss_train: 3.2235904 | task_loss:0.1150 cont_loss:6.3055 adv_loss:0.0046
2025-10-19 10:41:10 | INFO | EM.print | epoch: 39/ iteration: 101/ loss_train: 3.2955835 | task_loss:0.0669 cont_loss:6.5054 adv_loss:0.0069
2025-10-19 10:41:11 | INFO | EM.print | epoch: 0039 loss_train: 3.3458 task_loss: 0.2081 cont_loss: 6.4400 adv_loss: 0.0023 auroc_train: 0.9755 auprc_train: 0.9744 precision_train: 0.9072 recall_train: 0.9203 f1_train: 0.9137 cm_train: (tn=1940, fp=202, fn=171, tp=1975)
2025-10-19 10:41:11 | INFO | EM.print | -------- Epoch 40 --------
2025-10-19 10:41:11 | INFO | EM.print | [AUG][online][epoch=40][iter=0] start name=random_permute_features noise_std=0.02 mask_rate=0.2 seed=39000
2025-10-19 10:41:11 | INFO | EM.print | [AUG][online][epoch=40][iter=0] done name=random_permute_features shape=(1140, 1140)
2025-10-19 10:41:11 | INFO | EM.print | [ONLINE-AUG] mode=online name=random_permute_features noise_std=0.02 mask_rate=0.2 base_seed=0
2025-10-19 10:41:11 | INFO | EM.print | epoch: 40/ iteration: 1/ loss_train: 3.378575 | task_loss:0.1013 cont_loss:6.6311 adv_loss:0.0055
2025-10-19 10:41:14 | INFO | EM.print | epoch: 40/ iteration: 101/ loss_train: 3.415403 | task_loss:0.0867 cont_loss:6.7235 adv_loss:0.0041
2025-10-19 10:41:14 | INFO | EM.print | epoch: 0040 loss_train: 3.3514 task_loss: 0.0659 cont_loss: 6.6189 adv_loss: 0.0060 auroc_train: 0.9759 auprc_train: 0.9749 precision_train: 0.9089 recall_train: 0.9267 f1_train: 0.9177 cm_train: (tn=1947, fp=199, fn=157, tp=1985)
2025-10-19 10:41:14 | INFO | EM.print | -------- Epoch 41 --------
2025-10-19 10:41:14 | INFO | EM.print | [AUG][online][epoch=41][iter=0] start name=random_permute_features noise_std=0.02 mask_rate=0.2 seed=40000
2025-10-19 10:41:14 | INFO | EM.print | [AUG][online][epoch=41][iter=0] done name=random_permute_features shape=(1140, 1140)
2025-10-19 10:41:14 | INFO | EM.print | [ONLINE-AUG] mode=online name=random_permute_features noise_std=0.02 mask_rate=0.2 base_seed=0
2025-10-19 10:41:14 | INFO | EM.print | epoch: 41/ iteration: 1/ loss_train: 3.4536054 | task_loss:0.1588 cont_loss:6.7138 adv_loss:0.0035
2025-10-19 10:41:17 | INFO | EM.print | epoch: 41/ iteration: 101/ loss_train: 3.451901 | task_loss:0.3699 cont_loss:6.4571 adv_loss:0.0036
2025-10-19 10:41:18 | INFO | EM.print | epoch: 0041 loss_train: 3.4182 task_loss: 0.2610 cont_loss: 6.5206 adv_loss: 0.0033 auroc_train: 0.9785 auprc_train: 0.9778 precision_train: 0.9143 recall_train: 0.9305 f1_train: 0.9223 cm_train: (tn=1957, fp=187, fn=149, tp=1995)
2025-10-19 10:41:18 | INFO | EM.print | -------- Epoch 42 --------
2025-10-19 10:41:18 | INFO | EM.print | [AUG][online][epoch=42][iter=0] start name=random_permute_features noise_std=0.02 mask_rate=0.2 seed=41000
2025-10-19 10:41:18 | INFO | EM.print | [AUG][online][epoch=42][iter=0] done name=random_permute_features shape=(1140, 1140)
2025-10-19 10:41:18 | INFO | EM.print | [ONLINE-AUG] mode=online name=random_permute_features noise_std=0.02 mask_rate=0.2 base_seed=0
2025-10-19 10:41:18 | INFO | EM.print | epoch: 42/ iteration: 1/ loss_train: 3.4193256 | task_loss:0.1319 cont_loss:6.6789 adv_loss:0.0019
2025-10-19 10:41:20 | INFO | EM.print | epoch: 42/ iteration: 101/ loss_train: 3.34247 | task_loss:0.1942 cont_loss:6.4494 adv_loss:0.0031
2025-10-19 10:41:21 | INFO | EM.print | epoch: 0042 loss_train: 3.3340 task_loss: 0.1872 cont_loss: 6.4411 adv_loss: 0.0027 auroc_train: 0.9782 auprc_train: 0.9768 precision_train: 0.9104 recall_train: 0.9333 f1_train: 0.9217 cm_train: (tn=1947, fp=197, fn=143, tp=2001)
2025-10-19 10:41:21 | INFO | EM.print | -------- Epoch 43 --------
2025-10-19 10:41:21 | INFO | EM.print | [AUG][online][epoch=43][iter=0] start name=random_permute_features noise_std=0.02 mask_rate=0.2 seed=42000
2025-10-19 10:41:21 | INFO | EM.print | [AUG][online][epoch=43][iter=0] done name=random_permute_features shape=(1140, 1140)
2025-10-19 10:41:21 | INFO | EM.print | [ONLINE-AUG] mode=online name=random_permute_features noise_std=0.02 mask_rate=0.2 base_seed=0
2025-10-19 10:41:21 | INFO | EM.print | epoch: 43/ iteration: 1/ loss_train: 3.4928007 | task_loss:0.2910 cont_loss:6.6325 adv_loss:0.0048
2025-10-19 10:41:24 | INFO | EM.print | epoch: 43/ iteration: 101/ loss_train: 3.5011451 | task_loss:0.2854 cont_loss:6.6563 adv_loss:0.0043
2025-10-19 10:41:25 | INFO | EM.print | epoch: 0043 loss_train: 3.4142 task_loss: 0.2289 cont_loss: 6.5512 adv_loss: 0.0032 auroc_train: 0.9788 auprc_train: 0.9778 precision_train: 0.9152 recall_train: 0.9331 f1_train: 0.9241 cm_train: (tn=1964, fp=185, fn=143, tp=1996)
2025-10-19 10:41:25 | INFO | EM.print | -------- Epoch 44 --------
2025-10-19 10:41:25 | INFO | EM.print | [AUG][online][epoch=44][iter=0] start name=random_permute_features noise_std=0.02 mask_rate=0.2 seed=43000
2025-10-19 10:41:25 | INFO | EM.print | [AUG][online][epoch=44][iter=0] done name=random_permute_features shape=(1140, 1140)
2025-10-19 10:41:25 | INFO | EM.print | [ONLINE-AUG] mode=online name=random_permute_features noise_std=0.02 mask_rate=0.2 base_seed=0
2025-10-19 10:41:25 | INFO | EM.print | epoch: 44/ iteration: 1/ loss_train: 3.3323057 | task_loss:0.0818 cont_loss:6.5634 adv_loss:0.0038
2025-10-19 10:41:27 | INFO | EM.print | epoch: 44/ iteration: 101/ loss_train: 3.520072 | task_loss:0.4447 cont_loss:6.5006 adv_loss:0.0074
2025-10-19 10:41:28 | INFO | EM.print | epoch: 0044 loss_train: 3.4550 task_loss: 0.3451 cont_loss: 6.4936 adv_loss: 0.0029 auroc_train: 0.9787 auprc_train: 0.9776 precision_train: 0.9100 recall_train: 0.9291 f1_train: 0.9195 cm_train: (tn=1947, fp=197, fn=152, tp=1992)
2025-10-19 10:41:28 | INFO | EM.print | -------- Epoch 45 --------
2025-10-19 10:41:28 | INFO | EM.print | [AUG][online][epoch=45][iter=0] start name=random_permute_features noise_std=0.02 mask_rate=0.2 seed=44000
2025-10-19 10:41:28 | INFO | EM.print | [AUG][online][epoch=45][iter=0] done name=random_permute_features shape=(1140, 1140)
2025-10-19 10:41:28 | INFO | EM.print | [ONLINE-AUG] mode=online name=random_permute_features noise_std=0.02 mask_rate=0.2 base_seed=0
2025-10-19 10:41:28 | INFO | EM.print | epoch: 45/ iteration: 1/ loss_train: 3.4216943 | task_loss:0.1584 cont_loss:6.6512 adv_loss:0.0027
2025-10-19 10:41:31 | INFO | EM.print | epoch: 45/ iteration: 101/ loss_train: 3.4859438 | task_loss:0.2051 cont_loss:6.7225 adv_loss:0.0041
2025-10-19 10:41:31 | INFO | EM.print | epoch: 0045 loss_train: 3.3629 task_loss: 0.0991 cont_loss: 6.6048 adv_loss: 0.0027 auroc_train: 0.9807 auprc_train: 0.9800 precision_train: 0.9172 recall_train: 0.9305 f1_train: 0.9238 cm_train: (tn=1964, fp=180, fn=149, tp=1995)
2025-10-19 10:41:31 | INFO | EM.print | -------- Epoch 46 --------
2025-10-19 10:41:31 | INFO | EM.print | [AUG][online][epoch=46][iter=0] start name=random_permute_features noise_std=0.02 mask_rate=0.2 seed=45000
2025-10-19 10:41:31 | INFO | EM.print | [AUG][online][epoch=46][iter=0] done name=random_permute_features shape=(1140, 1140)
2025-10-19 10:41:31 | INFO | EM.print | [ONLINE-AUG] mode=online name=random_permute_features noise_std=0.02 mask_rate=0.2 base_seed=0
2025-10-19 10:41:31 | INFO | EM.print | epoch: 46/ iteration: 1/ loss_train: 3.3201902 | task_loss:0.1225 cont_loss:6.4910 adv_loss:0.0031
2025-10-19 10:41:34 | INFO | EM.print | epoch: 46/ iteration: 101/ loss_train: 3.4512367 | task_loss:0.1743 cont_loss:6.6909 adv_loss:0.0029
2025-10-19 10:41:35 | INFO | EM.print | epoch: 0046 loss_train: 3.4741 task_loss: 0.3068 cont_loss: 6.5776 adv_loss: 0.0032 auroc_train: 0.9802 auprc_train: 0.9789 precision_train: 0.9177 recall_train: 0.9357 f1_train: 0.9266 cm_train: (tn=1963, fp=180, fn=138, tp=2007)
2025-10-19 10:41:35 | INFO | EM.print | -------- Epoch 47 --------
2025-10-19 10:41:35 | INFO | EM.print | [AUG][online][epoch=47][iter=0] start name=random_permute_features noise_std=0.02 mask_rate=0.2 seed=46000
2025-10-19 10:41:35 | INFO | EM.print | [AUG][online][epoch=47][iter=0] done name=random_permute_features shape=(1140, 1140)
2025-10-19 10:41:35 | INFO | EM.print | [ONLINE-AUG] mode=online name=random_permute_features noise_std=0.02 mask_rate=0.2 base_seed=0
2025-10-19 10:41:35 | INFO | EM.print | epoch: 47/ iteration: 1/ loss_train: 3.3473988 | task_loss:0.0878 cont_loss:6.5865 adv_loss:0.0038
2025-10-19 10:41:38 | INFO | EM.print | epoch: 47/ iteration: 101/ loss_train: 3.475998 | task_loss:0.1581 cont_loss:6.7580 adv_loss:0.0054
2025-10-19 10:41:38 | INFO | EM.print | epoch: 0047 loss_train: 3.4190 task_loss: 0.1319 cont_loss: 6.6771 adv_loss: 0.0033 auroc_train: 0.9784 auprc_train: 0.9769 precision_train: 0.9120 recall_train: 0.9426 f1_train: 0.9270 cm_train: (tn=1950, fp=195, fn=123, tp=2020)
2025-10-19 10:41:38 | INFO | EM.print | -------- Epoch 48 --------
2025-10-19 10:41:38 | INFO | EM.print | [AUG][online][epoch=48][iter=0] start name=random_permute_features noise_std=0.02 mask_rate=0.2 seed=47000
2025-10-19 10:41:38 | INFO | EM.print | [AUG][online][epoch=48][iter=0] done name=random_permute_features shape=(1140, 1140)
2025-10-19 10:41:38 | INFO | EM.print | [ONLINE-AUG] mode=online name=random_permute_features noise_std=0.02 mask_rate=0.2 base_seed=0
2025-10-19 10:41:38 | INFO | EM.print | epoch: 48/ iteration: 1/ loss_train: 3.4541137 | task_loss:0.2852 cont_loss:6.5640 adv_loss:0.0026
2025-10-19 10:41:41 | INFO | EM.print | epoch: 48/ iteration: 101/ loss_train: 3.5355575 | task_loss:0.1894 cont_loss:6.8413 adv_loss:0.0032
2025-10-19 10:41:42 | INFO | EM.print | epoch: 0048 loss_train: 3.4110 task_loss: 0.1111 cont_loss: 6.6866 adv_loss: 0.0027 auroc_train: 0.9805 auprc_train: 0.9793 precision_train: 0.9172 recall_train: 0.9347 f1_train: 0.9258 cm_train: (tn=1963, fp=181, fn=140, tp=2004)
2025-10-19 10:41:42 | INFO | EM.print | -------- Epoch 49 --------
2025-10-19 10:41:42 | INFO | EM.print | [AUG][online][epoch=49][iter=0] start name=random_permute_features noise_std=0.02 mask_rate=0.2 seed=48000
2025-10-19 10:41:42 | INFO | EM.print | [AUG][online][epoch=49][iter=0] done name=random_permute_features shape=(1140, 1140)
2025-10-19 10:41:42 | INFO | EM.print | [ONLINE-AUG] mode=online name=random_permute_features noise_std=0.02 mask_rate=0.2 base_seed=0
2025-10-19 10:41:42 | INFO | EM.print | epoch: 49/ iteration: 1/ loss_train: 3.537061 | task_loss:0.3159 cont_loss:6.6928 adv_loss:0.0028
2025-10-19 10:41:44 | INFO | EM.print | epoch: 49/ iteration: 101/ loss_train: 3.4962459 | task_loss:0.1639 cont_loss:6.7897 adv_loss:0.0076
2025-10-19 10:41:45 | INFO | EM.print | epoch: 0049 loss_train: 3.4349 task_loss: 0.1516 cont_loss: 6.6846 adv_loss: 0.0040 auroc_train: 0.9803 auprc_train: 0.9786 precision_train: 0.9199 recall_train: 0.9417 f1_train: 0.9307 cm_train: (tn=1967, fp=176, fn=125, tp=2020)
2025-10-19 10:41:45 | INFO | EM.print | -------- Epoch 50 --------
2025-10-19 10:41:45 | INFO | EM.print | [AUG][online][epoch=50][iter=0] start name=random_permute_features noise_std=0.02 mask_rate=0.2 seed=49000
2025-10-19 10:41:45 | INFO | EM.print | [AUG][online][epoch=50][iter=0] done name=random_permute_features shape=(1140, 1140)
2025-10-19 10:41:45 | INFO | EM.print | [ONLINE-AUG] mode=online name=random_permute_features noise_std=0.02 mask_rate=0.2 base_seed=0
2025-10-19 10:41:45 | INFO | EM.print | epoch: 50/ iteration: 1/ loss_train: 3.532187 | task_loss:0.1924 cont_loss:6.8318 adv_loss:0.0022
2025-10-19 10:41:47 | INFO | EM.print | epoch: 50/ iteration: 101/ loss_train: 3.4964552 | task_loss:0.1904 cont_loss:6.7606 adv_loss:0.0048
2025-10-19 10:41:48 | INFO | EM.print | epoch: 0050 loss_train: 3.5916 task_loss: 0.3138 cont_loss: 6.8046 adv_loss: 0.0026 auroc_train: 0.9811 auprc_train: 0.9802 precision_train: 0.9187 recall_train: 0.9384 f1_train: 0.9285 cm_train: (tn=1966, fp=178, fn=132, tp=2012)
2025-10-19 10:41:48 | INFO | EM.print | Optimization Finished!
2025-10-19 10:41:48 | INFO | EM.result.save | Saved result text: /root/OUTPUT/result/LMI_B_007_data_20251019_103520/metrics/train_epoch_metrics_fold_2_20251019_103520.csv.txt
2025-10-19 10:41:48 | INFO | EM.print | [SAVE] Per-epoch train metrics saved: train_epoch_metrics_fold_2_20251019_103520.csv
2025-10-19 10:41:49 | INFO | EM.print | loss_test: 3.5342 auroc_test: 0.9484 auprc_test: 0.9431 precision_test: 0.8821 recall_test: 0.8821 f1_test: 0.8821 cm_test: (tn=468, fp=62, fn=62, tp=464)
2025-10-19 10:41:49 | INFO | EM | Fold 2 completed.
2025-10-19 10:41:49 | INFO | EM | === Fold 3/5 ===
2025-10-19 10:41:49 | INFO | EM.result.save | Saved result text: /root/OUTPUT/result/LMI_B_007_data_20251019_103520/metrics/adv_config_fold_3_20251019_103520.json.txt
2025-10-19 10:41:49 | INFO | EM.print | [SAVE] adv config saved: metrics/adv_config_fold_3_20251019_103520.json
2025-10-19 10:41:49 | INFO | EM.print | Start Training...
2025-10-19 10:41:49 | INFO | EM.print | -------- Epoch 1 --------
2025-10-19 10:41:50 | INFO | EM.print | [AUG][online][epoch=1][iter=0] start name=random_permute_features noise_std=0.02 mask_rate=0.2 seed=0
2025-10-19 10:41:50 | INFO | EM.print | [AUG][online][epoch=1][iter=0] done name=random_permute_features shape=(1140, 1140)
2025-10-19 10:41:50 | INFO | EM.print | [ONLINE-AUG] mode=online name=random_permute_features noise_std=0.02 mask_rate=0.2 base_seed=0
2025-10-19 10:41:50 | INFO | EM.print | epoch: 1/ iteration: 1/ loss_train: 2.0571153 | task_loss:0.6602 cont_loss:2.7655 adv_loss:0.6956
2025-10-19 10:41:52 | INFO | EM.print | epoch: 1/ iteration: 101/ loss_train: 3.834437 | task_loss:0.2535 cont_loss:6.9312 adv_loss:0.5418
2025-10-19 10:41:53 | INFO | EM.print | epoch: 0001 loss_train: 3.9599 task_loss: 0.5202 cont_loss: 6.9318 adv_loss: 0.4546 auroc_train: 0.8232 auprc_train: 0.8132 precision_train: 0.7191 recall_train: 0.7670 f1_train: 0.7423 cm_train: (tn=1499, fp=643, fn=500, tp=1646)
2025-10-19 10:41:53 | INFO | EM.print | -------- Epoch 2 --------
2025-10-19 10:41:53 | INFO | EM.print | [AUG][online][epoch=2][iter=0] start name=random_permute_features noise_std=0.02 mask_rate=0.2 seed=1000
2025-10-19 10:41:53 | INFO | EM.print | [AUG][online][epoch=2][iter=0] done name=random_permute_features shape=(1140, 1140)
2025-10-19 10:41:53 | INFO | EM.print | [ONLINE-AUG] mode=online name=random_permute_features noise_std=0.02 mask_rate=0.2 base_seed=0
2025-10-19 10:41:53 | INFO | EM.print | epoch: 2/ iteration: 1/ loss_train: 3.7852998 | task_loss:0.2332 cont_loss:6.9317 adv_loss:0.4489
2025-10-19 10:41:56 | INFO | EM.print | epoch: 2/ iteration: 101/ loss_train: 3.7898138 | task_loss:0.3984 cont_loss:6.9310 adv_loss:0.2131
2025-10-19 10:41:57 | INFO | EM.print | epoch: 0002 loss_train: 3.6722 task_loss: 0.2372 cont_loss: 6.9282 adv_loss: 0.1642 auroc_train: 0.9203 auprc_train: 0.9155 precision_train: 0.8434 recall_train: 0.8560 f1_train: 0.8497 cm_train: (tn=1801, fp=341, fn=309, tp=1837)
2025-10-19 10:41:57 | INFO | EM.print | -------- Epoch 3 --------
2025-10-19 10:41:57 | INFO | EM.print | [AUG][online][epoch=3][iter=0] start name=random_permute_features noise_std=0.02 mask_rate=0.2 seed=2000
2025-10-19 10:41:57 | INFO | EM.print | [AUG][online][epoch=3][iter=0] done name=random_permute_features shape=(1140, 1140)
2025-10-19 10:41:57 | INFO | EM.print | [ONLINE-AUG] mode=online name=random_permute_features noise_std=0.02 mask_rate=0.2 base_seed=0
2025-10-19 10:41:57 | INFO | EM.print | epoch: 3/ iteration: 1/ loss_train: 3.868281 | task_loss:0.5649 cont_loss:6.9301 adv_loss:0.1607
2025-10-19 10:41:59 | INFO | EM.print | epoch: 3/ iteration: 101/ loss_train: 3.709843 | task_loss:0.3640 cont_loss:6.9171 adv_loss:0.0823
2025-10-19 10:42:00 | INFO | EM.print | epoch: 0003 loss_train: 3.7596 task_loss: 0.4557 cont_loss: 6.9092 adv_loss: 0.0789 auroc_train: 0.9345 auprc_train: 0.9318 precision_train: 0.8483 recall_train: 0.8602 f1_train: 0.8542 cm_train: (tn=1812, fp=330, fn=300, tp=1846)
2025-10-19 10:42:00 | INFO | EM.print | -------- Epoch 4 --------
2025-10-19 10:42:00 | INFO | EM.print | [AUG][online][epoch=4][iter=0] start name=random_permute_features noise_std=0.02 mask_rate=0.2 seed=3000
2025-10-19 10:42:00 | INFO | EM.print | [AUG][online][epoch=4][iter=0] done name=random_permute_features shape=(1140, 1140)
2025-10-19 10:42:00 | INFO | EM.print | [ONLINE-AUG] mode=online name=random_permute_features noise_std=0.02 mask_rate=0.2 base_seed=0
2025-10-19 10:42:00 | INFO | EM.print | epoch: 4/ iteration: 1/ loss_train: 3.6716359 | task_loss:0.3064 cont_loss:6.9122 adv_loss:0.0794
2025-10-19 10:42:03 | INFO | EM.print | epoch: 4/ iteration: 101/ loss_train: 3.6543126 | task_loss:0.3909 cont_loss:6.8057 adv_loss:0.0423
2025-10-19 10:42:03 | INFO | EM.print | epoch: 0004 loss_train: 3.5136 task_loss: 0.2157 cont_loss: 6.7307 adv_loss: 0.0470 auroc_train: 0.9399 auprc_train: 0.9387 precision_train: 0.8575 recall_train: 0.8651 f1_train: 0.8613 cm_train: (tn=1837, fp=308, fn=289, tp=1854)
2025-10-19 10:42:03 | INFO | EM.print | -------- Epoch 5 --------
2025-10-19 10:42:03 | INFO | EM.print | [AUG][online][epoch=5][iter=0] start name=random_permute_features noise_std=0.02 mask_rate=0.2 seed=4000
2025-10-19 10:42:03 | INFO | EM.print | [AUG][online][epoch=5][iter=0] done name=random_permute_features shape=(1140, 1140)
2025-10-19 10:42:03 | INFO | EM.print | [ONLINE-AUG] mode=online name=random_permute_features noise_std=0.02 mask_rate=0.2 base_seed=0
2025-10-19 10:42:03 | INFO | EM.print | epoch: 5/ iteration: 1/ loss_train: 3.5198562 | task_loss:0.2196 cont_loss:6.7329 adv_loss:0.0541
2025-10-19 10:42:06 | INFO | EM.print | epoch: 5/ iteration: 101/ loss_train: 3.5002203 | task_loss:0.3677 cont_loss:6.5361 adv_loss:0.0288
2025-10-19 10:42:07 | INFO | EM.print | epoch: 0005 loss_train: 3.5276 task_loss: 0.4013 cont_loss: 6.5483 adv_loss: 0.0317 auroc_train: 0.9441 auprc_train: 0.9428 precision_train: 0.8607 recall_train: 0.8660 f1_train: 0.8633 cm_train: (tn=1847, fp=300, fn=287, tp=1854)
2025-10-19 10:42:07 | INFO | EM.print | -------- Epoch 6 --------
2025-10-19 10:42:07 | INFO | EM.print | [AUG][online][epoch=6][iter=0] start name=random_permute_features noise_std=0.02 mask_rate=0.2 seed=5000
2025-10-19 10:42:07 | INFO | EM.print | [AUG][online][epoch=6][iter=0] done name=random_permute_features shape=(1140, 1140)
2025-10-19 10:42:07 | INFO | EM.print | [ONLINE-AUG] mode=online name=random_permute_features noise_std=0.02 mask_rate=0.2 base_seed=0
2025-10-19 10:42:07 | INFO | EM.print | epoch: 6/ iteration: 1/ loss_train: 3.4144878 | task_loss:0.1426 cont_loss:6.6263 adv_loss:0.0394
2025-10-19 10:42:10 | INFO | EM.print | epoch: 6/ iteration: 101/ loss_train: 3.4667668 | task_loss:0.2153 cont_loss:6.6479 adv_loss:0.0341
2025-10-19 10:42:10 | INFO | EM.print | epoch: 0006 loss_train: 3.4084 task_loss: 0.1741 cont_loss: 6.5826 adv_loss: 0.0318 auroc_train: 0.9479 auprc_train: 0.9468 precision_train: 0.8626 recall_train: 0.8690 f1_train: 0.8658 cm_train: (tn=1846, fp=297, fn=281, tp=1864)
2025-10-19 10:42:10 | INFO | EM.print | -------- Epoch 7 --------
2025-10-19 10:42:10 | INFO | EM.print | [AUG][online][epoch=7][iter=0] start name=random_permute_features noise_std=0.02 mask_rate=0.2 seed=6000
2025-10-19 10:42:10 | INFO | EM.print | [AUG][online][epoch=7][iter=0] done name=random_permute_features shape=(1140, 1140)
2025-10-19 10:42:10 | INFO | EM.print | [ONLINE-AUG] mode=online name=random_permute_features noise_std=0.02 mask_rate=0.2 base_seed=0
2025-10-19 10:42:10 | INFO | EM.print | epoch: 7/ iteration: 1/ loss_train: 3.5575335 | task_loss:0.3502 cont_loss:6.6783 adv_loss:0.0207
2025-10-19 10:42:13 | INFO | EM.print | epoch: 7/ iteration: 101/ loss_train: 3.5583181 | task_loss:0.3581 cont_loss:6.6669 adv_loss:0.0249
2025-10-19 10:42:14 | INFO | EM.print | epoch: 0007 loss_train: 3.5537 task_loss: 0.3848 cont_loss: 6.6328 adv_loss: 0.0160 auroc_train: 0.9505 auprc_train: 0.9493 precision_train: 0.8631 recall_train: 0.8865 f1_train: 0.8747 cm_train: (tn=1846, fp=301, fn=243, tp=1898)
2025-10-19 10:42:14 | INFO | EM.print | -------- Epoch 8 --------
2025-10-19 10:42:14 | INFO | EM.print | [AUG][online][epoch=8][iter=0] start name=random_permute_features noise_std=0.02 mask_rate=0.2 seed=7000
2025-10-19 10:42:14 | INFO | EM.print | [AUG][online][epoch=8][iter=0] done name=random_permute_features shape=(1140, 1140)
2025-10-19 10:42:14 | INFO | EM.print | [ONLINE-AUG] mode=online name=random_permute_features noise_std=0.02 mask_rate=0.2 base_seed=0
2025-10-19 10:42:14 | INFO | EM.print | epoch: 8/ iteration: 1/ loss_train: 3.457127 | task_loss:0.3301 cont_loss:6.5007 adv_loss:0.0217
2025-10-19 10:42:16 | INFO | EM.print | epoch: 8/ iteration: 101/ loss_train: 3.623339 | task_loss:0.3480 cont_loss:6.8109 adv_loss:0.0227
2025-10-19 10:42:17 | INFO | EM.print | epoch: 0008 loss_train: 3.5200 task_loss: 0.2347 cont_loss: 6.7463 adv_loss: 0.0149 auroc_train: 0.9484 auprc_train: 0.9471 precision_train: 0.8673 recall_train: 0.8749 f1_train: 0.8711 cm_train: (tn=1858, fp=287, fn=268, tp=1875)
2025-10-19 10:42:17 | INFO | EM.print | -------- Epoch 9 --------
2025-10-19 10:42:17 | INFO | EM.print | [AUG][online][epoch=9][iter=0] start name=random_permute_features noise_std=0.02 mask_rate=0.2 seed=8000
2025-10-19 10:42:17 | INFO | EM.print | [AUG][online][epoch=9][iter=0] done name=random_permute_features shape=(1140, 1140)
2025-10-19 10:42:17 | INFO | EM.print | [ONLINE-AUG] mode=online name=random_permute_features noise_std=0.02 mask_rate=0.2 base_seed=0
2025-10-19 10:42:17 | INFO | EM.print | epoch: 9/ iteration: 1/ loss_train: 3.507346 | task_loss:0.2523 cont_loss:6.6923 adv_loss:0.0245
2025-10-19 10:42:20 | INFO | EM.print | epoch: 9/ iteration: 101/ loss_train: 3.5432093 | task_loss:0.2840 cont_loss:6.7367 adv_loss:0.0111
2025-10-19 10:42:21 | INFO | EM.print | epoch: 0009 loss_train: 3.5227 task_loss: 0.2554 cont_loss: 6.7258 adv_loss: 0.0165 auroc_train: 0.9529 auprc_train: 0.9520 precision_train: 0.8732 recall_train: 0.8838 f1_train: 0.8785 cm_train: (tn=1870, fp=275, fn=249, tp=1894)
2025-10-19 10:42:21 | INFO | EM.print | -------- Epoch 10 --------
2025-10-19 10:42:21 | INFO | EM.print | [AUG][online][epoch=10][iter=0] start name=random_permute_features noise_std=0.02 mask_rate=0.2 seed=9000
2025-10-19 10:42:21 | INFO | EM.print | [AUG][online][epoch=10][iter=0] done name=random_permute_features shape=(1140, 1140)
2025-10-19 10:42:21 | INFO | EM.print | [ONLINE-AUG] mode=online name=random_permute_features noise_std=0.02 mask_rate=0.2 base_seed=0
2025-10-19 10:42:21 | INFO | EM.print | epoch: 10/ iteration: 1/ loss_train: 3.4004636 | task_loss:0.1994 cont_loss:6.5490 adv_loss:0.0159
2025-10-19 10:42:23 | INFO | EM.print | epoch: 10/ iteration: 101/ loss_train: 3.7125711 | task_loss:0.5438 cont_loss:6.7624 adv_loss:0.0128
2025-10-19 10:42:24 | INFO | EM.print | epoch: 0010 loss_train: 3.5435 task_loss: 0.2414 cont_loss: 6.7894 adv_loss: 0.0100 auroc_train: 0.9536 auprc_train: 0.9530 precision_train: 0.8722 recall_train: 0.8812 f1_train: 0.8767 cm_train: (tn=1865, fp=277, fn=255, tp=1891)
2025-10-19 10:42:24 | INFO | EM.print | -------- Epoch 11 --------
2025-10-19 10:42:24 | INFO | EM.print | [AUG][online][epoch=11][iter=0] start name=random_permute_features noise_std=0.02 mask_rate=0.2 seed=10000
2025-10-19 10:42:24 | INFO | EM.print | [AUG][online][epoch=11][iter=0] done name=random_permute_features shape=(1140, 1140)
2025-10-19 10:42:24 | INFO | EM.print | [ONLINE-AUG] mode=online name=random_permute_features noise_std=0.02 mask_rate=0.2 base_seed=0
2025-10-19 10:42:24 | INFO | EM.print | epoch: 11/ iteration: 1/ loss_train: 3.430776 | task_loss:0.2502 cont_loss:6.5509 adv_loss:0.0130
2025-10-19 10:42:27 | INFO | EM.print | epoch: 11/ iteration: 101/ loss_train: 3.398118 | task_loss:0.1780 cont_loss:6.5711 adv_loss:0.0144
2025-10-19 10:42:28 | INFO | EM.print | epoch: 0011 loss_train: 3.4360 task_loss: 0.2703 cont_loss: 6.5344 adv_loss: 0.0164 auroc_train: 0.9549 auprc_train: 0.9526 precision_train: 0.8769 recall_train: 0.8843 f1_train: 0.8806 cm_train: (tn=1879, fp=266, fn=248, tp=1895)
2025-10-19 10:42:28 | INFO | EM.print | -------- Epoch 12 --------
2025-10-19 10:42:28 | INFO | EM.print | [AUG][online][epoch=12][iter=0] start name=random_permute_features noise_std=0.02 mask_rate=0.2 seed=11000
2025-10-19 10:42:28 | INFO | EM.print | [AUG][online][epoch=12][iter=0] done name=random_permute_features shape=(1140, 1140)
2025-10-19 10:42:28 | INFO | EM.print | [ONLINE-AUG] mode=online name=random_permute_features noise_std=0.02 mask_rate=0.2 base_seed=0
2025-10-19 10:42:28 | INFO | EM.print | epoch: 12/ iteration: 1/ loss_train: 3.4051561 | task_loss:0.2306 cont_loss:6.5159 adv_loss:0.0221
2025-10-19 10:42:30 | INFO | EM.print | epoch: 12/ iteration: 101/ loss_train: 3.4214885 | task_loss:0.4034 cont_loss:6.3488 adv_loss:0.0126
2025-10-19 10:42:31 | INFO | EM.print | epoch: 0012 loss_train: 3.3548 task_loss: 0.1367 cont_loss: 6.5364 adv_loss: 0.0113 auroc_train: 0.9566 auprc_train: 0.9553 precision_train: 0.8741 recall_train: 0.8847 f1_train: 0.8794 cm_train: (tn=1873, fp=273, fn=247, tp=1895)
2025-10-19 10:42:31 | INFO | EM.print | -------- Epoch 13 --------
2025-10-19 10:42:31 | INFO | EM.print | [AUG][online][epoch=13][iter=0] start name=random_permute_features noise_std=0.02 mask_rate=0.2 seed=12000
2025-10-19 10:42:31 | INFO | EM.print | [AUG][online][epoch=13][iter=0] done name=random_permute_features shape=(1140, 1140)
2025-10-19 10:42:31 | INFO | EM.print | [ONLINE-AUG] mode=online name=random_permute_features noise_std=0.02 mask_rate=0.2 base_seed=0
2025-10-19 10:42:31 | INFO | EM.print | epoch: 13/ iteration: 1/ loss_train: 3.4703033 | task_loss:0.3872 cont_loss:6.4621 adv_loss:0.0173
2025-10-19 10:42:34 | INFO | EM.print | epoch: 13/ iteration: 101/ loss_train: 3.4978983 | task_loss:0.3731 cont_loss:6.5319 adv_loss:0.0203
2025-10-19 10:42:35 | INFO | EM.print | epoch: 0013 loss_train: 3.5189 task_loss: 0.3217 cont_loss: 6.6461 adv_loss: 0.0072 auroc_train: 0.9577 auprc_train: 0.9567 precision_train: 0.8757 recall_train: 0.8950 f1_train: 0.8852 cm_train: (tn=1874, fp=272, fn=225, tp=1917)
2025-10-19 10:42:35 | INFO | EM.print | -------- Epoch 14 --------
2025-10-19 10:42:35 | INFO | EM.print | [AUG][online][epoch=14][iter=0] start name=random_permute_features noise_std=0.02 mask_rate=0.2 seed=13000
2025-10-19 10:42:35 | INFO | EM.print | [AUG][online][epoch=14][iter=0] done name=random_permute_features shape=(1140, 1140)
2025-10-19 10:42:35 | INFO | EM.print | [ONLINE-AUG] mode=online name=random_permute_features noise_std=0.02 mask_rate=0.2 base_seed=0
2025-10-19 10:42:35 | INFO | EM.print | epoch: 14/ iteration: 1/ loss_train: 3.3449366 | task_loss:0.2674 cont_loss:6.3554 adv_loss:0.0170
2025-10-19 10:42:37 | INFO | EM.print | epoch: 14/ iteration: 101/ loss_train: 3.3297224 | task_loss:0.2752 cont_loss:6.3237 adv_loss:0.0068
2025-10-19 10:42:38 | INFO | EM.print | epoch: 0014 loss_train: 3.4348 task_loss: 0.2680 cont_loss: 6.5304 adv_loss: 0.0220 auroc_train: 0.9574 auprc_train: 0.9561 precision_train: 0.8716 recall_train: 0.8932 f1_train: 0.8823 cm_train: (tn=1862, fp=282, fn=229, tp=1915)
2025-10-19 10:42:38 | INFO | EM.print | -------- Epoch 15 --------
2025-10-19 10:42:38 | INFO | EM.print | [AUG][online][epoch=15][iter=0] start name=random_permute_features noise_std=0.02 mask_rate=0.2 seed=14000
2025-10-19 10:42:38 | INFO | EM.print | [AUG][online][epoch=15][iter=0] done name=random_permute_features shape=(1140, 1140)
2025-10-19 10:42:38 | INFO | EM.print | [ONLINE-AUG] mode=online name=random_permute_features noise_std=0.02 mask_rate=0.2 base_seed=0
2025-10-19 10:42:38 | INFO | EM.print | epoch: 15/ iteration: 1/ loss_train: 3.4070287 | task_loss:0.3070 cont_loss:6.4281 adv_loss:0.0220
2025-10-19 10:42:41 | INFO | EM.print | epoch: 15/ iteration: 101/ loss_train: 3.3426328 | task_loss:0.2282 cont_loss:6.4062 adv_loss:0.0065
2025-10-19 10:42:41 | INFO | EM.print | epoch: 0015 loss_train: 3.3630 task_loss: 0.1998 cont_loss: 6.4793 adv_loss: 0.0088 auroc_train: 0.9590 auprc_train: 0.9589 precision_train: 0.8743 recall_train: 0.8877 f1_train: 0.8809 cm_train: (tn=1868, fp=274, fn=241, tp=1905)
2025-10-19 10:42:41 | INFO | EM.print | -------- Epoch 16 --------
2025-10-19 10:42:41 | INFO | EM.print | [AUG][online][epoch=16][iter=0] start name=random_permute_features noise_std=0.02 mask_rate=0.2 seed=15000
2025-10-19 10:42:41 | INFO | EM.print | [AUG][online][epoch=16][iter=0] done name=random_permute_features shape=(1140, 1140)
2025-10-19 10:42:41 | INFO | EM.print | [ONLINE-AUG] mode=online name=random_permute_features noise_std=0.02 mask_rate=0.2 base_seed=0
2025-10-19 10:42:41 | INFO | EM.print | epoch: 16/ iteration: 1/ loss_train: 3.3793664 | task_loss:0.1959 cont_loss:6.5193 adv_loss:0.0054
2025-10-19 10:42:44 | INFO | EM.print | epoch: 16/ iteration: 101/ loss_train: 3.405646 | task_loss:0.3287 cont_loss:6.4083 adv_loss:0.0108
2025-10-19 10:42:45 | INFO | EM.print | epoch: 0016 loss_train: 3.3652 task_loss: 0.1611 cont_loss: 6.5322 adv_loss: 0.0059 auroc_train: 0.9591 auprc_train: 0.9577 precision_train: 0.8794 recall_train: 0.8991 f1_train: 0.8891 cm_train: (tn=1883, fp=264, fn=216, tp=1925)
2025-10-19 10:42:45 | INFO | EM.print | -------- Epoch 17 --------
2025-10-19 10:42:45 | INFO | EM.print | [AUG][online][epoch=17][iter=0] start name=random_permute_features noise_std=0.02 mask_rate=0.2 seed=16000
2025-10-19 10:42:45 | INFO | EM.print | [AUG][online][epoch=17][iter=0] done name=random_permute_features shape=(1140, 1140)
2025-10-19 10:42:45 | INFO | EM.print | [ONLINE-AUG] mode=online name=random_permute_features noise_std=0.02 mask_rate=0.2 base_seed=0
2025-10-19 10:42:45 | INFO | EM.print | epoch: 17/ iteration: 1/ loss_train: 3.3789222 | task_loss:0.2588 cont_loss:6.4412 adv_loss:0.0075
2025-10-19 10:42:47 | INFO | EM.print | epoch: 17/ iteration: 101/ loss_train: 3.3951159 | task_loss:0.2912 cont_loss:6.4328 adv_loss:0.0099
2025-10-19 10:42:48 | INFO | EM.print | epoch: 0017 loss_train: 3.3808 task_loss: 0.2908 cont_loss: 6.3854 adv_loss: 0.0340 auroc_train: 0.9578 auprc_train: 0.9566 precision_train: 0.8780 recall_train: 0.8931 f1_train: 0.8855 cm_train: (tn=1879, fp=266, fn=229, tp=1914)
2025-10-19 10:42:48 | INFO | EM.print | -------- Epoch 18 --------
2025-10-19 10:42:48 | INFO | EM.print | [AUG][online][epoch=18][iter=0] start name=random_permute_features noise_std=0.02 mask_rate=0.2 seed=17000
2025-10-19 10:42:48 | INFO | EM.print | [AUG][online][epoch=18][iter=0] done name=random_permute_features shape=(1140, 1140)
2025-10-19 10:42:48 | INFO | EM.print | [ONLINE-AUG] mode=online name=random_permute_features noise_std=0.02 mask_rate=0.2 base_seed=0
2025-10-19 10:42:48 | INFO | EM.print | epoch: 18/ iteration: 1/ loss_train: 3.468683 | task_loss:0.4113 cont_loss:6.4358 adv_loss:0.0100
2025-10-19 10:42:50 | INFO | EM.print | epoch: 18/ iteration: 101/ loss_train: 3.379119 | task_loss:0.2746 cont_loss:6.4240 adv_loss:0.0058
2025-10-19 10:42:51 | INFO | EM.print | epoch: 0018 loss_train: 3.2428 task_loss: 0.1305 cont_loss: 6.3248 adv_loss: 0.0052 auroc_train: 0.9619 auprc_train: 0.9610 precision_train: 0.8827 recall_train: 0.9016 f1_train: 0.8921 cm_train: (tn=1886, fp=257, fn=211, tp=1934)
2025-10-19 10:42:51 | INFO | EM.print | -------- Epoch 19 --------
2025-10-19 10:42:51 | INFO | EM.print | [AUG][online][epoch=19][iter=0] start name=random_permute_features noise_std=0.02 mask_rate=0.2 seed=18000
2025-10-19 10:42:51 | INFO | EM.print | [AUG][online][epoch=19][iter=0] done name=random_permute_features shape=(1140, 1140)
2025-10-19 10:42:51 | INFO | EM.print | [ONLINE-AUG] mode=online name=random_permute_features noise_std=0.02 mask_rate=0.2 base_seed=0
2025-10-19 10:42:51 | INFO | EM.print | epoch: 19/ iteration: 1/ loss_train: 3.3825116 | task_loss:0.1750 cont_loss:6.5514 adv_loss:0.0046
2025-10-19 10:42:54 | INFO | EM.print | epoch: 19/ iteration: 101/ loss_train: 3.3685744 | task_loss:0.1605 cont_loss:6.5408 adv_loss:0.0048
2025-10-19 10:42:55 | INFO | EM.print | epoch: 0019 loss_train: 3.4354 task_loss: 0.3454 cont_loss: 6.4494 adv_loss: 0.0087 auroc_train: 0.9632 auprc_train: 0.9626 precision_train: 0.8847 recall_train: 0.9049 f1_train: 0.8947 cm_train: (tn=1890, fp=253, fn=204, tp=1941)
2025-10-19 10:42:55 | INFO | EM.print | -------- Epoch 20 --------
2025-10-19 10:42:55 | INFO | EM.print | [AUG][online][epoch=20][iter=0] start name=random_permute_features noise_std=0.02 mask_rate=0.2 seed=19000
2025-10-19 10:42:55 | INFO | EM.print | [AUG][online][epoch=20][iter=0] done name=random_permute_features shape=(1140, 1140)
2025-10-19 10:42:55 | INFO | EM.print | [ONLINE-AUG] mode=online name=random_permute_features noise_std=0.02 mask_rate=0.2 base_seed=0
2025-10-19 10:42:55 | INFO | EM.print | epoch: 20/ iteration: 1/ loss_train: 3.3689399 | task_loss:0.1776 cont_loss:6.5210 adv_loss:0.0048
2025-10-19 10:42:57 | INFO | EM.print | epoch: 20/ iteration: 101/ loss_train: 3.482717 | task_loss:0.3038 cont_loss:6.5975 adv_loss:0.0042
2025-10-19 10:42:58 | INFO | EM.print | epoch: 0020 loss_train: 3.3190 task_loss: 0.2153 cont_loss: 6.3738 adv_loss: 0.0073 auroc_train: 0.9629 auprc_train: 0.9625 precision_train: 0.8835 recall_train: 0.8955 f1_train: 0.8895 cm_train: (tn=1892, fp=253, fn=224, tp=1919)
2025-10-19 10:42:58 | INFO | EM.print | -------- Epoch 21 --------
2025-10-19 10:42:58 | INFO | EM.print | [AUG][online][epoch=21][iter=0] start name=random_permute_features noise_std=0.02 mask_rate=0.2 seed=20000
2025-10-19 10:42:58 | INFO | EM.print | [AUG][online][epoch=21][iter=0] done name=random_permute_features shape=(1140, 1140)
2025-10-19 10:42:58 | INFO | EM.print | [ONLINE-AUG] mode=online name=random_permute_features noise_std=0.02 mask_rate=0.2 base_seed=0
2025-10-19 10:42:58 | INFO | EM.print | epoch: 21/ iteration: 1/ loss_train: 3.2821584 | task_loss:0.1235 cont_loss:6.4122 adv_loss:0.0049
2025-10-19 10:43:01 | INFO | EM.print | epoch: 21/ iteration: 101/ loss_train: 3.4637058 | task_loss:0.3196 cont_loss:6.5398 adv_loss:0.0051
2025-10-19 10:43:02 | INFO | EM.print | epoch: 0021 loss_train: 3.3368 task_loss: 0.2112 cont_loss: 6.4105 adv_loss: 0.0123 auroc_train: 0.9637 auprc_train: 0.9624 precision_train: 0.8859 recall_train: 0.9086 f1_train: 0.8971 cm_train: (tn=1893, fp=251, fn=196, tp=1948)
2025-10-19 10:43:02 | INFO | EM.print | -------- Epoch 22 --------
2025-10-19 10:43:02 | INFO | EM.print | [AUG][online][epoch=22][iter=0] start name=random_permute_features noise_std=0.02 mask_rate=0.2 seed=21000
2025-10-19 10:43:02 | INFO | EM.print | [AUG][online][epoch=22][iter=0] done name=random_permute_features shape=(1140, 1140)
2025-10-19 10:43:02 | INFO | EM.print | [ONLINE-AUG] mode=online name=random_permute_features noise_std=0.02 mask_rate=0.2 base_seed=0
2025-10-19 10:43:02 | INFO | EM.print | epoch: 22/ iteration: 1/ loss_train: 3.383815 | task_loss:0.2818 cont_loss:6.4223 adv_loss:0.0090
2025-10-19 10:43:04 | INFO | EM.print | epoch: 22/ iteration: 101/ loss_train: 3.3498025 | task_loss:0.1810 cont_loss:6.4744 adv_loss:0.0100
2025-10-19 10:43:05 | INFO | EM.print | epoch: 0022 loss_train: 3.5798 task_loss: 0.4948 cont_loss: 6.5581 adv_loss: 0.0097 auroc_train: 0.9657 auprc_train: 0.9641 precision_train: 0.8901 recall_train: 0.9142 f1_train: 0.9020 cm_train: (tn=1902, fp=242, fn=184, tp=1960)
2025-10-19 10:43:05 | INFO | EM.print | -------- Epoch 23 --------
2025-10-19 10:43:05 | INFO | EM.print | [AUG][online][epoch=23][iter=0] start name=random_permute_features noise_std=0.02 mask_rate=0.2 seed=22000
2025-10-19 10:43:05 | INFO | EM.print | [AUG][online][epoch=23][iter=0] done name=random_permute_features shape=(1140, 1140)
2025-10-19 10:43:05 | INFO | EM.print | [ONLINE-AUG] mode=online name=random_permute_features noise_std=0.02 mask_rate=0.2 base_seed=0
2025-10-19 10:43:05 | INFO | EM.print | epoch: 23/ iteration: 1/ loss_train: 3.4813344 | task_loss:0.3670 cont_loss:6.5061 adv_loss:0.0203
2025-10-19 10:43:08 | INFO | EM.print | epoch: 23/ iteration: 101/ loss_train: 3.3900425 | task_loss:0.1656 cont_loss:6.5779 adv_loss:0.0043
2025-10-19 10:43:09 | INFO | EM.print | epoch: 0023 loss_train: 3.3714 task_loss: 0.2130 cont_loss: 6.4815 adv_loss: 0.0070 auroc_train: 0.9682 auprc_train: 0.9664 precision_train: 0.8952 recall_train: 0.9198 f1_train: 0.9073 cm_train: (tn=1912, fp=231, fn=172, tp=1973)
2025-10-19 10:43:09 | INFO | EM.print | -------- Epoch 24 --------
2025-10-19 10:43:09 | INFO | EM.print | [AUG][online][epoch=24][iter=0] start name=random_permute_features noise_std=0.02 mask_rate=0.2 seed=23000
2025-10-19 10:43:09 | INFO | EM.print | [AUG][online][epoch=24][iter=0] done name=random_permute_features shape=(1140, 1140)
2025-10-19 10:43:09 | INFO | EM.print | [ONLINE-AUG] mode=online name=random_permute_features noise_std=0.02 mask_rate=0.2 base_seed=0
2025-10-19 10:43:09 | INFO | EM.print | epoch: 24/ iteration: 1/ loss_train: 3.3995411 | task_loss:0.2106 cont_loss:6.5438 adv_loss:0.0032
2025-10-19 10:43:11 | INFO | EM.print | epoch: 24/ iteration: 101/ loss_train: 3.273451 | task_loss:0.1260 cont_loss:6.3820 adv_loss:0.0171
2025-10-19 10:43:12 | INFO | EM.print | epoch: 0024 loss_train: 3.4488 task_loss: 0.2494 cont_loss: 6.5925 adv_loss: 0.0074 auroc_train: 0.9685 auprc_train: 0.9669 precision_train: 0.9008 recall_train: 0.9113 f1_train: 0.9060 cm_train: (tn=1931, fp=215, fn=190, tp=1952)
2025-10-19 10:43:12 | INFO | EM.print | -------- Epoch 25 --------
2025-10-19 10:43:12 | INFO | EM.print | [AUG][online][epoch=25][iter=0] start name=random_permute_features noise_std=0.02 mask_rate=0.2 seed=24000
2025-10-19 10:43:12 | INFO | EM.print | [AUG][online][epoch=25][iter=0] done name=random_permute_features shape=(1140, 1140)
2025-10-19 10:43:12 | INFO | EM.print | [ONLINE-AUG] mode=online name=random_permute_features noise_std=0.02 mask_rate=0.2 base_seed=0
2025-10-19 10:43:12 | INFO | EM.print | epoch: 25/ iteration: 1/ loss_train: 3.3077729 | task_loss:0.1504 cont_loss:6.4310 adv_loss:0.0050
2025-10-19 10:43:15 | INFO | EM.print | epoch: 25/ iteration: 101/ loss_train: 3.4820573 | task_loss:0.4150 cont_loss:6.4612 adv_loss:0.0062
2025-10-19 10:43:15 | INFO | EM.print | epoch: 0025 loss_train: 3.4453 task_loss: 0.2373 cont_loss: 6.6027 adv_loss: 0.0040 auroc_train: 0.9669 auprc_train: 0.9664 precision_train: 0.8925 recall_train: 0.9100 f1_train: 0.9012 cm_train: (tn=1908, fp=235, fn=193, tp=1952)
2025-10-19 10:43:15 | INFO | EM.print | -------- Epoch 26 --------
2025-10-19 10:43:15 | INFO | EM.print | [AUG][online][epoch=26][iter=0] start name=random_permute_features noise_std=0.02 mask_rate=0.2 seed=25000
2025-10-19 10:43:15 | INFO | EM.print | [AUG][online][epoch=26][iter=0] done name=random_permute_features shape=(1140, 1140)
2025-10-19 10:43:15 | INFO | EM.print | [ONLINE-AUG] mode=online name=random_permute_features noise_std=0.02 mask_rate=0.2 base_seed=0
2025-10-19 10:43:16 | INFO | EM.print | epoch: 26/ iteration: 1/ loss_train: 3.279047 | task_loss:0.1846 cont_loss:6.3273 adv_loss:0.0115
2025-10-19 10:43:18 | INFO | EM.print | epoch: 26/ iteration: 101/ loss_train: 3.271122 | task_loss:0.0898 cont_loss:6.4312 adv_loss:0.0041
2025-10-19 10:43:19 | INFO | EM.print | epoch: 0026 loss_train: 3.4360 task_loss: 0.2860 cont_loss: 6.5219 adv_loss: 0.0086 auroc_train: 0.9695 auprc_train: 0.9675 precision_train: 0.8908 recall_train: 0.9128 f1_train: 0.9017 cm_train: (tn=1903, fp=240, fn=187, tp=1958)
2025-10-19 10:43:19 | INFO | EM.print | -------- Epoch 27 --------
2025-10-19 10:43:19 | INFO | EM.print | [AUG][online][epoch=27][iter=0] start name=random_permute_features noise_std=0.02 mask_rate=0.2 seed=26000
2025-10-19 10:43:19 | INFO | EM.print | [AUG][online][epoch=27][iter=0] done name=random_permute_features shape=(1140, 1140)
2025-10-19 10:43:19 | INFO | EM.print | [ONLINE-AUG] mode=online name=random_permute_features noise_std=0.02 mask_rate=0.2 base_seed=0
2025-10-19 10:43:19 | INFO | EM.print | epoch: 27/ iteration: 1/ loss_train: 3.4418101 | task_loss:0.3228 cont_loss:6.4918 adv_loss:0.0055
2025-10-19 10:43:22 | INFO | EM.print | epoch: 27/ iteration: 101/ loss_train: 3.3739407 | task_loss:0.1088 cont_loss:6.6149 adv_loss:0.0030
2025-10-19 10:43:22 | INFO | EM.print | epoch: 0027 loss_train: 3.4118 task_loss: 0.2807 cont_loss: 6.4840 adv_loss: 0.0035 auroc_train: 0.9714 auprc_train: 0.9710 precision_train: 0.8960 recall_train: 0.9169 f1_train: 0.9064 cm_train: (tn=1917, fp=228, fn=178, tp=1965)
2025-10-19 10:43:22 | INFO | EM.print | -------- Epoch 28 --------
2025-10-19 10:43:22 | INFO | EM.print | [AUG][online][epoch=28][iter=0] start name=random_permute_features noise_std=0.02 mask_rate=0.2 seed=27000
2025-10-19 10:43:22 | INFO | EM.print | [AUG][online][epoch=28][iter=0] done name=random_permute_features shape=(1140, 1140)
2025-10-19 10:43:22 | INFO | EM.print | [ONLINE-AUG] mode=online name=random_permute_features noise_std=0.02 mask_rate=0.2 base_seed=0
2025-10-19 10:43:22 | INFO | EM.print | epoch: 28/ iteration: 1/ loss_train: 3.4543762 | task_loss:0.2167 cont_loss:6.6444 adv_loss:0.0054
2025-10-19 10:43:25 | INFO | EM.print | epoch: 28/ iteration: 101/ loss_train: 3.3000796 | task_loss:0.1007 cont_loss:6.4759 adv_loss:0.0042
2025-10-19 10:43:26 | INFO | EM.print | epoch: 0028 loss_train: 3.3670 task_loss: 0.1208 cont_loss: 6.5864 adv_loss: 0.0032 auroc_train: 0.9706 auprc_train: 0.9693 precision_train: 0.8978 recall_train: 0.9132 f1_train: 0.9054 cm_train: (tn=1921, fp=223, fn=186, tp=1958)
2025-10-19 10:43:26 | INFO | EM.print | -------- Epoch 29 --------
2025-10-19 10:43:26 | INFO | EM.print | [AUG][online][epoch=29][iter=0] start name=random_permute_features noise_std=0.02 mask_rate=0.2 seed=28000
2025-10-19 10:43:26 | INFO | EM.print | [AUG][online][epoch=29][iter=0] done name=random_permute_features shape=(1140, 1140)
2025-10-19 10:43:26 | INFO | EM.print | [ONLINE-AUG] mode=online name=random_permute_features noise_std=0.02 mask_rate=0.2 base_seed=0
2025-10-19 10:43:26 | INFO | EM.print | epoch: 29/ iteration: 1/ loss_train: 3.3508406 | task_loss:0.1299 cont_loss:6.5403 adv_loss:0.0069
2025-10-19 10:43:28 | INFO | EM.print | epoch: 29/ iteration: 101/ loss_train: 3.3947632 | task_loss:0.1632 cont_loss:6.5905 adv_loss:0.0040
2025-10-19 10:43:29 | INFO | EM.print | epoch: 0029 loss_train: 3.4796 task_loss: 0.2375 cont_loss: 6.6570 adv_loss: 0.0215 auroc_train: 0.9734 auprc_train: 0.9723 precision_train: 0.9046 recall_train: 0.9235 f1_train: 0.9140 cm_train: (tn=1934, fp=209, fn=164, tp=1981)
2025-10-19 10:43:29 | INFO | EM.print | -------- Epoch 30 --------
2025-10-19 10:43:29 | INFO | EM.print | [AUG][online][epoch=30][iter=0] start name=random_permute_features noise_std=0.02 mask_rate=0.2 seed=29000
2025-10-19 10:43:29 | INFO | EM.print | [AUG][online][epoch=30][iter=0] done name=random_permute_features shape=(1140, 1140)
2025-10-19 10:43:29 | INFO | EM.print | [ONLINE-AUG] mode=online name=random_permute_features noise_std=0.02 mask_rate=0.2 base_seed=0
2025-10-19 10:43:29 | INFO | EM.print | epoch: 30/ iteration: 1/ loss_train: 3.2834547 | task_loss:0.0944 cont_loss:6.4498 adv_loss:0.0047
2025-10-19 10:43:32 | INFO | EM.print | epoch: 30/ iteration: 101/ loss_train: 3.3999472 | task_loss:0.1840 cont_loss:6.5716 adv_loss:0.0094
2025-10-19 10:43:33 | INFO | EM.print | epoch: 0030 loss_train: 3.4186 task_loss: 0.1889 cont_loss: 6.6083 adv_loss: 0.0027 auroc_train: 0.9728 auprc_train: 0.9713 precision_train: 0.9020 recall_train: 0.9155 f1_train: 0.9087 cm_train: (tn=1933, fp=213, fn=181, tp=1961)
2025-10-19 10:43:33 | INFO | EM.print | -------- Epoch 31 --------
2025-10-19 10:43:33 | INFO | EM.print | [AUG][online][epoch=31][iter=0] start name=random_permute_features noise_std=0.02 mask_rate=0.2 seed=30000
2025-10-19 10:43:33 | INFO | EM.print | [AUG][online][epoch=31][iter=0] done name=random_permute_features shape=(1140, 1140)
2025-10-19 10:43:33 | INFO | EM.print | [ONLINE-AUG] mode=online name=random_permute_features noise_std=0.02 mask_rate=0.2 base_seed=0
2025-10-19 10:43:33 | INFO | EM.print | epoch: 31/ iteration: 1/ loss_train: 3.3672364 | task_loss:0.2183 cont_loss:6.4699 adv_loss:0.0032
2025-10-19 10:43:35 | INFO | EM.print | epoch: 31/ iteration: 101/ loss_train: 3.4582305 | task_loss:0.1969 cont_loss:6.6755 adv_loss:0.0059
2025-10-19 10:43:36 | INFO | EM.print | epoch: 0031 loss_train: 3.4403 task_loss: 0.2015 cont_loss: 6.6351 adv_loss: 0.0048 auroc_train: 0.9741 auprc_train: 0.9724 precision_train: 0.9055 recall_train: 0.9291 f1_train: 0.9171 cm_train: (tn=1936, fp=208, fn=152, tp=1992)
2025-10-19 10:43:36 | INFO | EM.print | -------- Epoch 32 --------
2025-10-19 10:43:36 | INFO | EM.print | [AUG][online][epoch=32][iter=0] start name=random_permute_features noise_std=0.02 mask_rate=0.2 seed=31000
2025-10-19 10:43:36 | INFO | EM.print | [AUG][online][epoch=32][iter=0] done name=random_permute_features shape=(1140, 1140)
2025-10-19 10:43:36 | INFO | EM.print | [ONLINE-AUG] mode=online name=random_permute_features noise_std=0.02 mask_rate=0.2 base_seed=0
2025-10-19 10:43:36 | INFO | EM.print | epoch: 32/ iteration: 1/ loss_train: 3.381635 | task_loss:0.1375 cont_loss:6.5947 adv_loss:0.0045
2025-10-19 10:43:39 | INFO | EM.print | epoch: 32/ iteration: 101/ loss_train: 3.5078847 | task_loss:0.1853 cont_loss:6.7892 adv_loss:0.0054
2025-10-19 10:43:40 | INFO | EM.print | epoch: 0032 loss_train: 3.4163 task_loss: 0.2103 cont_loss: 6.5762 adv_loss: 0.0050 auroc_train: 0.9736 auprc_train: 0.9724 precision_train: 0.9039 recall_train: 0.9249 f1_train: 0.9143 cm_train: (tn=1932, fp=211, fn=161, tp=1984)
2025-10-19 10:43:40 | INFO | EM.print | -------- Epoch 33 --------
2025-10-19 10:43:40 | INFO | EM.print | [AUG][online][epoch=33][iter=0] start name=random_permute_features noise_std=0.02 mask_rate=0.2 seed=32000
2025-10-19 10:43:40 | INFO | EM.print | [AUG][online][epoch=33][iter=0] done name=random_permute_features shape=(1140, 1140)
2025-10-19 10:43:40 | INFO | EM.print | [ONLINE-AUG] mode=online name=random_permute_features noise_std=0.02 mask_rate=0.2 base_seed=0
2025-10-19 10:43:40 | INFO | EM.print | epoch: 33/ iteration: 1/ loss_train: 3.4744947 | task_loss:0.1378 cont_loss:6.7799 adv_loss:0.0047
2025-10-19 10:43:42 | INFO | EM.print | epoch: 33/ iteration: 101/ loss_train: 3.5947034 | task_loss:0.2794 cont_loss:6.8514 adv_loss:0.0034
2025-10-19 10:43:43 | INFO | EM.print | epoch: 0033 loss_train: 3.4433 task_loss: 0.2389 cont_loss: 6.5948 adv_loss: 0.0065 auroc_train: 0.9734 auprc_train: 0.9727 precision_train: 0.8966 recall_train: 0.9263 f1_train: 0.9112 cm_train: (tn=1916, fp=229, fn=158, tp=1985)
2025-10-19 10:43:43 | INFO | EM.print | -------- Epoch 34 --------
2025-10-19 10:43:43 | INFO | EM.print | [AUG][online][epoch=34][iter=0] start name=random_permute_features noise_std=0.02 mask_rate=0.2 seed=33000
2025-10-19 10:43:43 | INFO | EM.print | [AUG][online][epoch=34][iter=0] done name=random_permute_features shape=(1140, 1140)
2025-10-19 10:43:43 | INFO | EM.print | [ONLINE-AUG] mode=online name=random_permute_features noise_std=0.02 mask_rate=0.2 base_seed=0
2025-10-19 10:43:43 | INFO | EM.print | epoch: 34/ iteration: 1/ loss_train: 3.3675768 | task_loss:0.0791 cont_loss:6.6361 adv_loss:0.0051
2025-10-19 10:43:46 | INFO | EM.print | epoch: 34/ iteration: 101/ loss_train: 3.4680846 | task_loss:0.3313 cont_loss:6.5360 adv_loss:0.0033
2025-10-19 10:43:47 | INFO | EM.print | epoch: 0034 loss_train: 3.4109 task_loss: 0.1417 cont_loss: 6.6486 adv_loss: 0.0038 auroc_train: 0.9753 auprc_train: 0.9742 precision_train: 0.9106 recall_train: 0.9319 f1_train: 0.9211 cm_train: (tn=1949, fp=196, fn=146, tp=1997)
2025-10-19 10:43:47 | INFO | EM.print | -------- Epoch 35 --------
2025-10-19 10:43:47 | INFO | EM.print | [AUG][online][epoch=35][iter=0] start name=random_permute_features noise_std=0.02 mask_rate=0.2 seed=34000
2025-10-19 10:43:47 | INFO | EM.print | [AUG][online][epoch=35][iter=0] done name=random_permute_features shape=(1140, 1140)
2025-10-19 10:43:47 | INFO | EM.print | [ONLINE-AUG] mode=online name=random_permute_features noise_std=0.02 mask_rate=0.2 base_seed=0
2025-10-19 10:43:47 | INFO | EM.print | epoch: 35/ iteration: 1/ loss_train: 3.402304 | task_loss:0.1597 cont_loss:6.6089 adv_loss:0.0050
2025-10-19 10:43:49 | INFO | EM.print | epoch: 35/ iteration: 101/ loss_train: 3.377508 | task_loss:0.1186 cont_loss:6.6109 adv_loss:0.0022
2025-10-19 10:43:50 | INFO | EM.print | epoch: 0035 loss_train: 3.4718 task_loss: 0.0599 cont_loss: 6.8696 adv_loss: 0.0028 auroc_train: 0.9760 auprc_train: 0.9749 precision_train: 0.9134 recall_train: 0.9278 f1_train: 0.9206 cm_train: (tn=1951, fp=189, fn=155, tp=1993)
2025-10-19 10:43:50 | INFO | EM.print | -------- Epoch 36 --------
2025-10-19 10:43:50 | INFO | EM.print | [AUG][online][epoch=36][iter=0] start name=random_permute_features noise_std=0.02 mask_rate=0.2 seed=35000
2025-10-19 10:43:50 | INFO | EM.print | [AUG][online][epoch=36][iter=0] done name=random_permute_features shape=(1140, 1140)
2025-10-19 10:43:50 | INFO | EM.print | [ONLINE-AUG] mode=online name=random_permute_features noise_std=0.02 mask_rate=0.2 base_seed=0
2025-10-19 10:43:50 | INFO | EM.print | epoch: 36/ iteration: 1/ loss_train: 3.2820728 | task_loss:0.1166 cont_loss:6.4217 adv_loss:0.0032
2025-10-19 10:43:53 | INFO | EM.print | epoch: 36/ iteration: 101/ loss_train: 3.3968081 | task_loss:0.2246 cont_loss:6.5215 adv_loss:0.0032
2025-10-19 10:43:53 | INFO | EM.print | epoch: 0036 loss_train: 3.4548 task_loss: 0.2147 cont_loss: 6.6499 adv_loss: 0.0028 auroc_train: 0.9749 auprc_train: 0.9740 precision_train: 0.9035 recall_train: 0.9204 f1_train: 0.9119 cm_train: (tn=1930, fp=211, fn=171, tp=1976)
2025-10-19 10:43:53 | INFO | EM.print | -------- Epoch 37 --------
2025-10-19 10:43:53 | INFO | EM.print | [AUG][online][epoch=37][iter=0] start name=random_permute_features noise_std=0.02 mask_rate=0.2 seed=36000
2025-10-19 10:43:53 | INFO | EM.print | [AUG][online][epoch=37][iter=0] done name=random_permute_features shape=(1140, 1140)
2025-10-19 10:43:53 | INFO | EM.print | [ONLINE-AUG] mode=online name=random_permute_features noise_std=0.02 mask_rate=0.2 base_seed=0
2025-10-19 10:43:53 | INFO | EM.print | epoch: 37/ iteration: 1/ loss_train: 3.4517694 | task_loss:0.2071 cont_loss:6.6527 adv_loss:0.0030
2025-10-19 10:43:56 | INFO | EM.print | epoch: 37/ iteration: 101/ loss_train: 3.3334253 | task_loss:0.0632 cont_loss:6.5844 adv_loss:0.0083
2025-10-19 10:43:57 | INFO | EM.print | epoch: 0037 loss_train: 3.4583 task_loss: 0.1415 cont_loss: 6.7441 adv_loss: 0.0033 auroc_train: 0.9781 auprc_train: 0.9771 precision_train: 0.9149 recall_train: 0.9319 f1_train: 0.9233 cm_train: (tn=1957, fp=186, fn=146, tp=1999)
2025-10-19 10:43:57 | INFO | EM.print | -------- Epoch 38 --------
2025-10-19 10:43:57 | INFO | EM.print | [AUG][online][epoch=38][iter=0] start name=random_permute_features noise_std=0.02 mask_rate=0.2 seed=37000
2025-10-19 10:43:57 | INFO | EM.print | [AUG][online][epoch=38][iter=0] done name=random_permute_features shape=(1140, 1140)
2025-10-19 10:43:57 | INFO | EM.print | [ONLINE-AUG] mode=online name=random_permute_features noise_std=0.02 mask_rate=0.2 base_seed=0
2025-10-19 10:43:57 | INFO | EM.print | epoch: 38/ iteration: 1/ loss_train: 3.457779 | task_loss:0.2491 cont_loss:6.6124 adv_loss:0.0053
2025-10-19 10:43:59 | INFO | EM.print | epoch: 38/ iteration: 101/ loss_train: 3.464399 | task_loss:0.2242 cont_loss:6.6569 adv_loss:0.0036
2025-10-19 10:44:00 | INFO | EM.print | epoch: 0038 loss_train: 3.3194 task_loss: 0.0737 cont_loss: 6.5459 adv_loss: 0.0057 auroc_train: 0.9766 auprc_train: 0.9753 precision_train: 0.9059 recall_train: 0.9347 f1_train: 0.9201 cm_train: (tn=1937, fp=208, fn=140, tp=2003)
2025-10-19 10:44:00 | INFO | EM.print | -------- Epoch 39 --------
2025-10-19 10:44:00 | INFO | EM.print | [AUG][online][epoch=39][iter=0] start name=random_permute_features noise_std=0.02 mask_rate=0.2 seed=38000
2025-10-19 10:44:00 | INFO | EM.print | [AUG][online][epoch=39][iter=0] done name=random_permute_features shape=(1140, 1140)
2025-10-19 10:44:00 | INFO | EM.print | [ONLINE-AUG] mode=online name=random_permute_features noise_std=0.02 mask_rate=0.2 base_seed=0
2025-10-19 10:44:00 | INFO | EM.print | epoch: 39/ iteration: 1/ loss_train: 3.445865 | task_loss:0.1596 cont_loss:6.6901 adv_loss:0.0126
2025-10-19 10:44:03 | INFO | EM.print | epoch: 39/ iteration: 101/ loss_train: 3.398807 | task_loss:0.1825 cont_loss:6.5755 adv_loss:0.0039
2025-10-19 10:44:04 | INFO | EM.print | epoch: 0039 loss_train: 3.5211 task_loss: 0.2945 cont_loss: 6.6831 adv_loss: 0.0073 auroc_train: 0.9783 auprc_train: 0.9767 precision_train: 0.9132 recall_train: 0.9375 f1_train: 0.9252 cm_train: (tn=1953, fp=191, fn=134, tp=2010)
2025-10-19 10:44:04 | INFO | EM.print | -------- Epoch 40 --------
2025-10-19 10:44:04 | INFO | EM.print | [AUG][online][epoch=40][iter=0] start name=random_permute_features noise_std=0.02 mask_rate=0.2 seed=39000
2025-10-19 10:44:04 | INFO | EM.print | [AUG][online][epoch=40][iter=0] done name=random_permute_features shape=(1140, 1140)
2025-10-19 10:44:04 | INFO | EM.print | [ONLINE-AUG] mode=online name=random_permute_features noise_std=0.02 mask_rate=0.2 base_seed=0
2025-10-19 10:44:04 | INFO | EM.print | epoch: 40/ iteration: 1/ loss_train: 3.6087458 | task_loss:0.2112 cont_loss:6.9613 adv_loss:0.0034
2025-10-19 10:44:06 | INFO | EM.print | epoch: 40/ iteration: 101/ loss_train: 3.3592956 | task_loss:0.0982 cont_loss:6.5980 adv_loss:0.0035
2025-10-19 10:44:07 | INFO | EM.print | epoch: 0040 loss_train: 3.5359 task_loss: 0.2129 cont_loss: 6.8135 adv_loss: 0.0035 auroc_train: 0.9779 auprc_train: 0.9770 precision_train: 0.9128 recall_train: 0.9337 f1_train: 0.9231 cm_train: (tn=1955, fp=191, fn=142, tp=2000)
2025-10-19 10:44:07 | INFO | EM.print | -------- Epoch 41 --------
2025-10-19 10:44:07 | INFO | EM.print | [AUG][online][epoch=41][iter=0] start name=random_permute_features noise_std=0.02 mask_rate=0.2 seed=40000
2025-10-19 10:44:07 | INFO | EM.print | [AUG][online][epoch=41][iter=0] done name=random_permute_features shape=(1140, 1140)
2025-10-19 10:44:07 | INFO | EM.print | [ONLINE-AUG] mode=online name=random_permute_features noise_std=0.02 mask_rate=0.2 base_seed=0
2025-10-19 10:44:07 | INFO | EM.print | epoch: 41/ iteration: 1/ loss_train: 3.5119243 | task_loss:0.2230 cont_loss:6.7539 adv_loss:0.0031
2025-10-19 10:44:10 | INFO | EM.print | epoch: 41/ iteration: 101/ loss_train: 3.3233578 | task_loss:0.0910 cont_loss:6.5320 adv_loss:0.0069
2025-10-19 10:44:11 | INFO | EM.print | epoch: 0041 loss_train: 3.3824 task_loss: 0.1099 cont_loss: 6.6311 adv_loss: 0.0025 auroc_train: 0.9783 auprc_train: 0.9774 precision_train: 0.9100 recall_train: 0.9385 f1_train: 0.9240 cm_train: (tn=1944, fp=199, fn=132, tp=2013)
2025-10-19 10:44:11 | INFO | EM.print | -------- Epoch 42 --------
2025-10-19 10:44:11 | INFO | EM.print | [AUG][online][epoch=42][iter=0] start name=random_permute_features noise_std=0.02 mask_rate=0.2 seed=41000
2025-10-19 10:44:11 | INFO | EM.print | [AUG][online][epoch=42][iter=0] done name=random_permute_features shape=(1140, 1140)
2025-10-19 10:44:11 | INFO | EM.print | [ONLINE-AUG] mode=online name=random_permute_features noise_std=0.02 mask_rate=0.2 base_seed=0
2025-10-19 10:44:11 | INFO | EM.print | epoch: 42/ iteration: 1/ loss_train: 3.476759 | task_loss:0.1505 cont_loss:6.7709 adv_loss:0.0026
2025-10-19 10:44:13 | INFO | EM.print | epoch: 42/ iteration: 101/ loss_train: 3.4839544 | task_loss:0.0831 cont_loss:6.8661 adv_loss:0.0026
2025-10-19 10:44:14 | INFO | EM.print | epoch: 0042 loss_train: 3.4712 task_loss: 0.1332 cont_loss: 6.7770 adv_loss: 0.0069 auroc_train: 0.9801 auprc_train: 0.9793 precision_train: 0.9139 recall_train: 0.9352 f1_train: 0.9245 cm_train: (tn=1953, fp=189, fn=139, tp=2007)
2025-10-19 10:44:14 | INFO | EM.print | -------- Epoch 43 --------
2025-10-19 10:44:14 | INFO | EM.print | [AUG][online][epoch=43][iter=0] start name=random_permute_features noise_std=0.02 mask_rate=0.2 seed=42000
2025-10-19 10:44:14 | INFO | EM.print | [AUG][online][epoch=43][iter=0] done name=random_permute_features shape=(1140, 1140)
2025-10-19 10:44:14 | INFO | EM.print | [ONLINE-AUG] mode=online name=random_permute_features noise_std=0.02 mask_rate=0.2 base_seed=0
2025-10-19 10:44:14 | INFO | EM.print | epoch: 43/ iteration: 1/ loss_train: 3.5079556 | task_loss:0.2007 cont_loss:6.7729 adv_loss:0.0027
2025-10-19 10:44:17 | INFO | EM.print | epoch: 43/ iteration: 101/ loss_train: 3.4096732 | task_loss:0.1513 cont_loss:6.6222 adv_loss:0.0194
2025-10-19 10:44:18 | INFO | EM.print | epoch: 0043 loss_train: 3.4696 task_loss: 0.1031 cont_loss: 6.8101 adv_loss: 0.0067 auroc_train: 0.9800 auprc_train: 0.9791 precision_train: 0.9129 recall_train: 0.9380 f1_train: 0.9253 cm_train: (tn=1950, fp=192, fn=133, tp=2013)
2025-10-19 10:44:18 | INFO | EM.print | -------- Epoch 44 --------
2025-10-19 10:44:18 | INFO | EM.print | [AUG][online][epoch=44][iter=0] start name=random_permute_features noise_std=0.02 mask_rate=0.2 seed=43000
2025-10-19 10:44:18 | INFO | EM.print | [AUG][online][epoch=44][iter=0] done name=random_permute_features shape=(1140, 1140)
2025-10-19 10:44:18 | INFO | EM.print | [ONLINE-AUG] mode=online name=random_permute_features noise_std=0.02 mask_rate=0.2 base_seed=0
2025-10-19 10:44:18 | INFO | EM.print | epoch: 44/ iteration: 1/ loss_train: 3.4793055 | task_loss:0.0961 cont_loss:6.8409 adv_loss:0.0031
2025-10-19 10:44:20 | INFO | EM.print | epoch: 44/ iteration: 101/ loss_train: 3.4537964 | task_loss:0.3248 cont_loss:6.5148 adv_loss:0.0037
2025-10-19 10:44:21 | INFO | EM.print | epoch: 0044 loss_train: 3.5845 task_loss: 0.2431 cont_loss: 6.8733 adv_loss: 0.0049 auroc_train: 0.9799 auprc_train: 0.9787 precision_train: 0.9188 recall_train: 0.9390 f1_train: 0.9288 cm_train: (tn=1964, fp=178, fn=131, tp=2015)
2025-10-19 10:44:21 | INFO | EM.print | -------- Epoch 45 --------
2025-10-19 10:44:21 | INFO | EM.print | [AUG][online][epoch=45][iter=0] start name=random_permute_features noise_std=0.02 mask_rate=0.2 seed=44000
2025-10-19 10:44:21 | INFO | EM.print | [AUG][online][epoch=45][iter=0] done name=random_permute_features shape=(1140, 1140)
2025-10-19 10:44:21 | INFO | EM.print | [ONLINE-AUG] mode=online name=random_permute_features noise_std=0.02 mask_rate=0.2 base_seed=0
2025-10-19 10:44:21 | INFO | EM.print | epoch: 45/ iteration: 1/ loss_train: 3.3247437 | task_loss:0.0737 cont_loss:6.5570 adv_loss:0.0052
2025-10-19 10:44:24 | INFO | EM.print | epoch: 45/ iteration: 101/ loss_train: 3.526581 | task_loss:0.2353 cont_loss:6.7686 adv_loss:0.0028
2025-10-19 10:44:25 | INFO | EM.print | epoch: 0045 loss_train: 3.4499 task_loss: 0.1224 cont_loss: 6.7506 adv_loss: 0.0029 auroc_train: 0.9812 auprc_train: 0.9804 precision_train: 0.9180 recall_train: 0.9407 f1_train: 0.9292 cm_train: (tn=1965, fp=180, fn=127, tp=2016)
2025-10-19 10:44:25 | INFO | EM.print | -------- Epoch 46 --------
2025-10-19 10:44:25 | INFO | EM.print | [AUG][online][epoch=46][iter=0] start name=random_permute_features noise_std=0.02 mask_rate=0.2 seed=45000
2025-10-19 10:44:25 | INFO | EM.print | [AUG][online][epoch=46][iter=0] done name=random_permute_features shape=(1140, 1140)
2025-10-19 10:44:25 | INFO | EM.print | [ONLINE-AUG] mode=online name=random_permute_features noise_std=0.02 mask_rate=0.2 base_seed=0
2025-10-19 10:44:25 | INFO | EM.print | epoch: 46/ iteration: 1/ loss_train: 3.567886 | task_loss:0.2462 cont_loss:6.8385 adv_loss:0.0023
2025-10-19 10:44:27 | INFO | EM.print | epoch: 46/ iteration: 101/ loss_train: 3.4135275 | task_loss:0.0564 cont_loss:6.7575 adv_loss:0.0023
2025-10-19 10:44:28 | INFO | EM.print | epoch: 0046 loss_train: 3.4905 task_loss: 0.1749 cont_loss: 6.7668 adv_loss: 0.0053 auroc_train: 0.9803 auprc_train: 0.9797 precision_train: 0.9146 recall_train: 0.9436 f1_train: 0.9288 cm_train: (tn=1955, fp=189, fn=121, tp=2023)
2025-10-19 10:44:28 | INFO | EM.print | -------- Epoch 47 --------
2025-10-19 10:44:28 | INFO | EM.print | [AUG][online][epoch=47][iter=0] start name=random_permute_features noise_std=0.02 mask_rate=0.2 seed=46000
2025-10-19 10:44:28 | INFO | EM.print | [AUG][online][epoch=47][iter=0] done name=random_permute_features shape=(1140, 1140)
2025-10-19 10:44:28 | INFO | EM.print | [ONLINE-AUG] mode=online name=random_permute_features noise_std=0.02 mask_rate=0.2 base_seed=0
2025-10-19 10:44:28 | INFO | EM.print | epoch: 47/ iteration: 1/ loss_train: 3.5325603 | task_loss:0.2220 cont_loss:6.7964 adv_loss:0.0029
2025-10-19 10:44:31 | INFO | EM.print | epoch: 47/ iteration: 101/ loss_train: 3.4556394 | task_loss:0.1383 cont_loss:6.7430 adv_loss:0.0028
2025-10-19 10:44:31 | INFO | EM.print | epoch: 0047 loss_train: 3.4518 task_loss: 0.1088 cont_loss: 6.7707 adv_loss: 0.0028 auroc_train: 0.9804 auprc_train: 0.9792 precision_train: 0.9158 recall_train: 0.9385 f1_train: 0.9270 cm_train: (tn=1958, fp=185, fn=132, tp=2013)
2025-10-19 10:44:31 | INFO | EM.print | -------- Epoch 48 --------
2025-10-19 10:44:32 | INFO | EM.print | [AUG][online][epoch=48][iter=0] start name=random_permute_features noise_std=0.02 mask_rate=0.2 seed=47000
2025-10-19 10:44:32 | INFO | EM.print | [AUG][online][epoch=48][iter=0] done name=random_permute_features shape=(1140, 1140)
2025-10-19 10:44:32 | INFO | EM.print | [ONLINE-AUG] mode=online name=random_permute_features noise_std=0.02 mask_rate=0.2 base_seed=0
2025-10-19 10:44:32 | INFO | EM.print | epoch: 48/ iteration: 1/ loss_train: 3.4379041 | task_loss:0.1416 cont_loss:6.7033 adv_loss:0.0032
2025-10-19 10:44:34 | INFO | EM.print | epoch: 48/ iteration: 101/ loss_train: 3.5034895 | task_loss:0.2645 cont_loss:6.6852 adv_loss:0.0054
2025-10-19 10:44:35 | INFO | EM.print | epoch: 0048 loss_train: 3.3552 task_loss: 0.1508 cont_loss: 6.5270 adv_loss: 0.0032 auroc_train: 0.9815 auprc_train: 0.9805 precision_train: 0.9156 recall_train: 0.9413 f1_train: 0.9283 cm_train: (tn=1957, fp=186, fn=126, tp=2019)
2025-10-19 10:44:35 | INFO | EM.print | -------- Epoch 49 --------
2025-10-19 10:44:35 | INFO | EM.print | [AUG][online][epoch=49][iter=0] start name=random_permute_features noise_std=0.02 mask_rate=0.2 seed=48000
2025-10-19 10:44:35 | INFO | EM.print | [AUG][online][epoch=49][iter=0] done name=random_permute_features shape=(1140, 1140)
2025-10-19 10:44:35 | INFO | EM.print | [ONLINE-AUG] mode=online name=random_permute_features noise_std=0.02 mask_rate=0.2 base_seed=0
2025-10-19 10:44:35 | INFO | EM.print | epoch: 49/ iteration: 1/ loss_train: 3.5054908 | task_loss:0.1551 cont_loss:6.8218 adv_loss:0.0039
2025-10-19 10:44:37 | INFO | EM.print | epoch: 49/ iteration: 101/ loss_train: 3.71516 | task_loss:0.4442 cont_loss:6.8950 adv_loss:0.0029
2025-10-19 10:44:38 | INFO | EM.print | epoch: 0049 loss_train: 3.5585 task_loss: 0.2034 cont_loss: 6.8678 adv_loss: 0.0064 auroc_train: 0.9815 auprc_train: 0.9809 precision_train: 0.9166 recall_train: 0.9380 f1_train: 0.9272 cm_train: (tn=1960, fp=183, fn=133, tp=2012)
2025-10-19 10:44:38 | INFO | EM.print | -------- Epoch 50 --------
2025-10-19 10:44:38 | INFO | EM.print | [AUG][online][epoch=50][iter=0] start name=random_permute_features noise_std=0.02 mask_rate=0.2 seed=49000
2025-10-19 10:44:38 | INFO | EM.print | [AUG][online][epoch=50][iter=0] done name=random_permute_features shape=(1140, 1140)
2025-10-19 10:44:38 | INFO | EM.print | [ONLINE-AUG] mode=online name=random_permute_features noise_std=0.02 mask_rate=0.2 base_seed=0
2025-10-19 10:44:38 | INFO | EM.print | epoch: 50/ iteration: 1/ loss_train: 3.5473561 | task_loss:0.1970 cont_loss:6.8567 adv_loss:0.0020
2025-10-19 10:44:41 | INFO | EM.print | epoch: 50/ iteration: 101/ loss_train: 3.5002847 | task_loss:0.2021 cont_loss:6.7515 adv_loss:0.0082
2025-10-19 10:44:42 | INFO | EM.print | epoch: 0050 loss_train: 3.4569 task_loss: 0.0744 cont_loss: 6.8218 adv_loss: 0.0034 auroc_train: 0.9810 auprc_train: 0.9798 precision_train: 0.9159 recall_train: 0.9398 f1_train: 0.9277 cm_train: (tn=1959, fp=185, fn=129, tp=2015)
2025-10-19 10:44:42 | INFO | EM.print | Optimization Finished!
2025-10-19 10:44:42 | INFO | EM.result.save | Saved result text: /root/OUTPUT/result/LMI_B_007_data_20251019_103520/metrics/train_epoch_metrics_fold_3_20251019_103520.csv.txt
2025-10-19 10:44:42 | INFO | EM.print | [SAVE] Per-epoch train metrics saved: train_epoch_metrics_fold_3_20251019_103520.csv
2025-10-19 10:44:43 | INFO | EM.print | loss_test: 3.6750 auroc_test: 0.9571 auprc_test: 0.9566 precision_test: 0.9067 recall_test: 0.8482 f1_test: 0.8765 cm_test: (tn=483, fp=46, fn=80, tp=447)
2025-10-19 10:44:43 | INFO | EM | Fold 3 completed.
2025-10-19 10:44:43 | INFO | EM | === Fold 4/5 ===
2025-10-19 10:44:43 | INFO | EM.result.save | Saved result text: /root/OUTPUT/result/LMI_B_007_data_20251019_103520/metrics/adv_config_fold_4_20251019_103520.json.txt
2025-10-19 10:44:43 | INFO | EM.print | [SAVE] adv config saved: metrics/adv_config_fold_4_20251019_103520.json
2025-10-19 10:44:43 | INFO | EM.print | Start Training...
2025-10-19 10:44:43 | INFO | EM.print | -------- Epoch 1 --------
2025-10-19 10:44:43 | INFO | EM.print | [AUG][online][epoch=1][iter=0] start name=random_permute_features noise_std=0.02 mask_rate=0.2 seed=0
2025-10-19 10:44:43 | INFO | EM.print | [AUG][online][epoch=1][iter=0] done name=random_permute_features shape=(1140, 1140)
2025-10-19 10:44:43 | INFO | EM.print | [ONLINE-AUG] mode=online name=random_permute_features noise_std=0.02 mask_rate=0.2 base_seed=0
2025-10-19 10:44:43 | INFO | EM.print | epoch: 1/ iteration: 1/ loss_train: 2.0640557 | task_loss:0.6063 cont_loss:2.8345 adv_loss:0.7075
2025-10-19 10:44:46 | INFO | EM.print | epoch: 1/ iteration: 101/ loss_train: 4.042872 | task_loss:0.6147 cont_loss:6.9312 adv_loss:0.5210
2025-10-19 10:44:46 | INFO | EM.print | epoch: 0001 loss_train: 3.8349 task_loss: 0.3341 cont_loss: 6.9314 adv_loss: 0.4218 auroc_train: 0.7727 auprc_train: 0.7616 precision_train: 0.6771 recall_train: 0.7384 f1_train: 0.7064 cm_train: (tn=1393, fp=754, fn=560, tp=1581)
2025-10-19 10:44:46 | INFO | EM.print | -------- Epoch 2 --------
2025-10-19 10:44:46 | INFO | EM.print | [AUG][online][epoch=2][iter=0] start name=random_permute_features noise_std=0.02 mask_rate=0.2 seed=1000
2025-10-19 10:44:46 | INFO | EM.print | [AUG][online][epoch=2][iter=0] done name=random_permute_features shape=(1140, 1140)
2025-10-19 10:44:46 | INFO | EM.print | [ONLINE-AUG] mode=online name=random_permute_features noise_std=0.02 mask_rate=0.2 base_seed=0
2025-10-19 10:44:46 | INFO | EM.print | epoch: 2/ iteration: 1/ loss_train: 3.8963428 | task_loss:0.4319 cont_loss:6.9318 adv_loss:0.4283
2025-10-19 10:44:49 | INFO | EM.print | epoch: 2/ iteration: 101/ loss_train: 3.7014203 | task_loss:0.2792 cont_loss:6.9344 adv_loss:0.1667
2025-10-19 10:44:50 | INFO | EM.print | epoch: 0002 loss_train: 3.6774 task_loss: 0.2610 cont_loss: 6.9314 adv_loss: 0.1379 auroc_train: 0.9165 auprc_train: 0.9079 precision_train: 0.8393 recall_train: 0.8432 f1_train: 0.8412 cm_train: (tn=1799, fp=346, fn=336, tp=1807)
2025-10-19 10:44:50 | INFO | EM.print | -------- Epoch 3 --------
2025-10-19 10:44:50 | INFO | EM.print | [AUG][online][epoch=3][iter=0] start name=random_permute_features noise_std=0.02 mask_rate=0.2 seed=2000
2025-10-19 10:44:50 | INFO | EM.print | [AUG][online][epoch=3][iter=0] done name=random_permute_features shape=(1140, 1140)
2025-10-19 10:44:50 | INFO | EM.print | [ONLINE-AUG] mode=online name=random_permute_features noise_std=0.02 mask_rate=0.2 base_seed=0
2025-10-19 10:44:50 | INFO | EM.print | epoch: 3/ iteration: 1/ loss_train: 3.743712 | task_loss:0.3749 cont_loss:6.9318 adv_loss:0.1322
2025-10-19 10:44:52 | INFO | EM.print | epoch: 3/ iteration: 101/ loss_train: 3.7198813 | task_loss:0.3743 cont_loss:6.9319 adv_loss:0.0734
2025-10-19 10:44:53 | INFO | EM.print | epoch: 0003 loss_train: 3.7501 task_loss: 0.4186 cont_loss: 6.9297 adv_loss: 0.0851 auroc_train: 0.9317 auprc_train: 0.9282 precision_train: 0.8536 recall_train: 0.8615 f1_train: 0.8575 cm_train: (tn=1826, fp=317, fn=297, tp=1848)
2025-10-19 10:44:53 | INFO | EM.print | -------- Epoch 4 --------
2025-10-19 10:44:53 | INFO | EM.print | [AUG][online][epoch=4][iter=0] start name=random_permute_features noise_std=0.02 mask_rate=0.2 seed=3000
2025-10-19 10:44:53 | INFO | EM.print | [AUG][online][epoch=4][iter=0] done name=random_permute_features shape=(1140, 1140)
2025-10-19 10:44:53 | INFO | EM.print | [ONLINE-AUG] mode=online name=random_permute_features noise_std=0.02 mask_rate=0.2 base_seed=0
2025-10-19 10:44:53 | INFO | EM.print | epoch: 4/ iteration: 1/ loss_train: 3.6093464 | task_loss:0.1870 cont_loss:6.9310 adv_loss:0.0790
2025-10-19 10:44:56 | INFO | EM.print | epoch: 4/ iteration: 101/ loss_train: 3.6795292 | task_loss:0.3289 cont_loss:6.9273 adv_loss:0.0463
2025-10-19 10:44:57 | INFO | EM.print | epoch: 0004 loss_train: 3.6556 task_loss: 0.2939 cont_loss: 6.9250 adv_loss: 0.0419 auroc_train: 0.9392 auprc_train: 0.9358 precision_train: 0.8596 recall_train: 0.8644 f1_train: 0.8620 cm_train: (tn=1839, fp=303, fn=291, tp=1855)
2025-10-19 10:44:57 | INFO | EM.print | -------- Epoch 5 --------
2025-10-19 10:44:57 | INFO | EM.print | [AUG][online][epoch=5][iter=0] start name=random_permute_features noise_std=0.02 mask_rate=0.2 seed=4000
2025-10-19 10:44:57 | INFO | EM.print | [AUG][online][epoch=5][iter=0] done name=random_permute_features shape=(1140, 1140)
2025-10-19 10:44:57 | INFO | EM.print | [ONLINE-AUG] mode=online name=random_permute_features noise_std=0.02 mask_rate=0.2 base_seed=0
2025-10-19 10:44:57 | INFO | EM.print | epoch: 5/ iteration: 1/ loss_train: 3.5908868 | task_loss:0.1869 cont_loss:6.9238 adv_loss:0.0422
2025-10-19 10:44:59 | INFO | EM.print | epoch: 5/ iteration: 101/ loss_train: 3.682904 | task_loss:0.3663 cont_loss:6.8996 adv_loss:0.0332
2025-10-19 10:45:00 | INFO | EM.print | epoch: 0005 loss_train: 3.6307 task_loss: 0.3034 cont_loss: 6.8730 adv_loss: 0.0304 auroc_train: 0.9420 auprc_train: 0.9393 precision_train: 0.8629 recall_train: 0.8705 f1_train: 0.8667 cm_train: (tn=1844, fp=297, fn=278, tp=1869)
2025-10-19 10:45:00 | INFO | EM.print | -------- Epoch 6 --------
2025-10-19 10:45:00 | INFO | EM.print | [AUG][online][epoch=6][iter=0] start name=random_permute_features noise_std=0.02 mask_rate=0.2 seed=5000
2025-10-19 10:45:00 | INFO | EM.print | [AUG][online][epoch=6][iter=0] done name=random_permute_features shape=(1140, 1140)
2025-10-19 10:45:00 | INFO | EM.print | [ONLINE-AUG] mode=online name=random_permute_features noise_std=0.02 mask_rate=0.2 base_seed=0
2025-10-19 10:45:00 | INFO | EM.print | epoch: 6/ iteration: 1/ loss_train: 3.5966115 | task_loss:0.2454 cont_loss:6.8741 adv_loss:0.0309
2025-10-19 10:45:03 | INFO | EM.print | epoch: 6/ iteration: 101/ loss_train: 3.6228762 | task_loss:0.4178 cont_loss:6.7194 adv_loss:0.0313
2025-10-19 10:45:04 | INFO | EM.print | epoch: 0006 loss_train: 3.4078 task_loss: 0.0759 cont_loss: 6.6932 adv_loss: 0.0391 auroc_train: 0.9457 auprc_train: 0.9437 precision_train: 0.8586 recall_train: 0.8774 f1_train: 0.8679 cm_train: (tn=1832, fp=310, fn=263, tp=1883)
2025-10-19 10:45:04 | INFO | EM.print | -------- Epoch 7 --------
2025-10-19 10:45:04 | INFO | EM.print | [AUG][online][epoch=7][iter=0] start name=random_permute_features noise_std=0.02 mask_rate=0.2 seed=6000
2025-10-19 10:45:04 | INFO | EM.print | [AUG][online][epoch=7][iter=0] done name=random_permute_features shape=(1140, 1140)
2025-10-19 10:45:04 | INFO | EM.print | [ONLINE-AUG] mode=online name=random_permute_features noise_std=0.02 mask_rate=0.2 base_seed=0
2025-10-19 10:45:04 | INFO | EM.print | epoch: 7/ iteration: 1/ loss_train: 3.3641517 | task_loss:0.1375 cont_loss:6.5393 adv_loss:0.0300
2025-10-19 10:45:06 | INFO | EM.print | epoch: 7/ iteration: 101/ loss_train: 3.3908381 | task_loss:0.1721 cont_loss:6.5529 adv_loss:0.0278
2025-10-19 10:45:07 | INFO | EM.print | epoch: 0007 loss_train: 3.5975 task_loss: 0.3716 cont_loss: 6.7289 adv_loss: 0.0251 auroc_train: 0.9485 auprc_train: 0.9470 precision_train: 0.8595 recall_train: 0.8796 f1_train: 0.8694 cm_train: (tn=1838, fp=308, fn=258, tp=1884)
2025-10-19 10:45:07 | INFO | EM.print | -------- Epoch 8 --------
2025-10-19 10:45:07 | INFO | EM.print | [AUG][online][epoch=8][iter=0] start name=random_permute_features noise_std=0.02 mask_rate=0.2 seed=7000
2025-10-19 10:45:07 | INFO | EM.print | [AUG][online][epoch=8][iter=0] done name=random_permute_features shape=(1140, 1140)
2025-10-19 10:45:07 | INFO | EM.print | [ONLINE-AUG] mode=online name=random_permute_features noise_std=0.02 mask_rate=0.2 base_seed=0
2025-10-19 10:45:07 | INFO | EM.print | epoch: 8/ iteration: 1/ loss_train: 3.5059662 | task_loss:0.2389 cont_loss:6.7151 adv_loss:0.0127
2025-10-19 10:45:10 | INFO | EM.print | epoch: 8/ iteration: 101/ loss_train: 3.5692394 | task_loss:0.3319 cont_loss:6.7218 adv_loss:0.0229
2025-10-19 10:45:11 | INFO | EM.print | epoch: 0008 loss_train: 3.5221 task_loss: 0.1641 cont_loss: 6.8351 adv_loss: 0.0152 auroc_train: 0.9517 auprc_train: 0.9507 precision_train: 0.8719 recall_train: 0.8825 f1_train: 0.8771 cm_train: (tn=1866, fp=278, fn=252, tp=1892)
2025-10-19 10:45:11 | INFO | EM.print | -------- Epoch 9 --------
2025-10-19 10:45:11 | INFO | EM.print | [AUG][online][epoch=9][iter=0] start name=random_permute_features noise_std=0.02 mask_rate=0.2 seed=8000
2025-10-19 10:45:11 | INFO | EM.print | [AUG][online][epoch=9][iter=0] done name=random_permute_features shape=(1140, 1140)
2025-10-19 10:45:11 | INFO | EM.print | [ONLINE-AUG] mode=online name=random_permute_features noise_std=0.02 mask_rate=0.2 base_seed=0
2025-10-19 10:45:11 | INFO | EM.print | epoch: 9/ iteration: 1/ loss_train: 3.5056868 | task_loss:0.2714 cont_loss:6.6747 adv_loss:0.0138
2025-10-19 10:45:13 | INFO | EM.print | epoch: 9/ iteration: 101/ loss_train: 3.514853 | task_loss:0.2761 cont_loss:6.6791 adv_loss:0.0241
2025-10-19 10:45:14 | INFO | EM.print | epoch: 0009 loss_train: 3.5095 task_loss: 0.2157 cont_loss: 6.7417 adv_loss: 0.0232 auroc_train: 0.9533 auprc_train: 0.9528 precision_train: 0.8691 recall_train: 0.8910 f1_train: 0.8799 cm_train: (tn=1854, fp=288, fn=234, tp=1912)
2025-10-19 10:45:14 | INFO | EM.print | -------- Epoch 10 --------
2025-10-19 10:45:14 | INFO | EM.print | [AUG][online][epoch=10][iter=0] start name=random_permute_features noise_std=0.02 mask_rate=0.2 seed=9000
2025-10-19 10:45:14 | INFO | EM.print | [AUG][online][epoch=10][iter=0] done name=random_permute_features shape=(1140, 1140)
2025-10-19 10:45:14 | INFO | EM.print | [ONLINE-AUG] mode=online name=random_permute_features noise_std=0.02 mask_rate=0.2 base_seed=0
2025-10-19 10:45:14 | INFO | EM.print | epoch: 10/ iteration: 1/ loss_train: 3.6022182 | task_loss:0.4006 cont_loss:6.7102 adv_loss:0.0170
2025-10-19 10:45:17 | INFO | EM.print | epoch: 10/ iteration: 101/ loss_train: 3.3993864 | task_loss:0.1138 cont_loss:6.6498 adv_loss:0.0156
2025-10-19 10:45:18 | INFO | EM.print | epoch: 0010 loss_train: 3.5117 task_loss: 0.1800 cont_loss: 6.7933 adv_loss: 0.0178 auroc_train: 0.9535 auprc_train: 0.9514 precision_train: 0.8703 recall_train: 0.8885 f1_train: 0.8793 cm_train: (tn=1860, fp=284, fn=239, tp=1905)
2025-10-19 10:45:18 | INFO | EM.print | -------- Epoch 11 --------
2025-10-19 10:45:18 | INFO | EM.print | [AUG][online][epoch=11][iter=0] start name=random_permute_features noise_std=0.02 mask_rate=0.2 seed=10000
2025-10-19 10:45:18 | INFO | EM.print | [AUG][online][epoch=11][iter=0] done name=random_permute_features shape=(1140, 1140)
2025-10-19 10:45:18 | INFO | EM.print | [ONLINE-AUG] mode=online name=random_permute_features noise_std=0.02 mask_rate=0.2 base_seed=0
2025-10-19 10:45:18 | INFO | EM.print | epoch: 11/ iteration: 1/ loss_train: 3.467148 | task_loss:0.2170 cont_loss:6.6649 adv_loss:0.0112
2025-10-19 10:45:20 | INFO | EM.print | epoch: 11/ iteration: 101/ loss_train: 3.5830967 | task_loss:0.2753 cont_loss:6.8142 adv_loss:0.0270
2025-10-19 10:45:21 | INFO | EM.print | epoch: 0011 loss_train: 3.4973 task_loss: 0.2405 cont_loss: 6.6935 adv_loss: 0.0156 auroc_train: 0.9566 auprc_train: 0.9557 precision_train: 0.8760 recall_train: 0.8899 f1_train: 0.8829 cm_train: (tn=1875, fp=270, fn=236, tp=1907)
2025-10-19 10:45:21 | INFO | EM.print | -------- Epoch 12 --------
2025-10-19 10:45:21 | INFO | EM.print | [AUG][online][epoch=12][iter=0] start name=random_permute_features noise_std=0.02 mask_rate=0.2 seed=11000
2025-10-19 10:45:21 | INFO | EM.print | [AUG][online][epoch=12][iter=0] done name=random_permute_features shape=(1140, 1140)
2025-10-19 10:45:21 | INFO | EM.print | [ONLINE-AUG] mode=online name=random_permute_features noise_std=0.02 mask_rate=0.2 base_seed=0
2025-10-19 10:45:21 | INFO | EM.print | epoch: 12/ iteration: 1/ loss_train: 3.53587 | task_loss:0.1864 cont_loss:6.8381 adv_loss:0.0124
2025-10-19 10:45:24 | INFO | EM.print | epoch: 12/ iteration: 101/ loss_train: 3.5212123 | task_loss:0.3082 cont_loss:6.6642 adv_loss:0.0105
2025-10-19 10:45:25 | INFO | EM.print | epoch: 0012 loss_train: 3.5685 task_loss: 0.3828 cont_loss: 6.6645 adv_loss: 0.0163 auroc_train: 0.9575 auprc_train: 0.9560 precision_train: 0.8754 recall_train: 0.8983 f1_train: 0.8867 cm_train: (tn=1871, fp=274, fn=218, tp=1925)
2025-10-19 10:45:25 | INFO | EM.print | -------- Epoch 13 --------
2025-10-19 10:45:25 | INFO | EM.print | [AUG][online][epoch=13][iter=0] start name=random_permute_features noise_std=0.02 mask_rate=0.2 seed=12000
2025-10-19 10:45:25 | INFO | EM.print | [AUG][online][epoch=13][iter=0] done name=random_permute_features shape=(1140, 1140)
2025-10-19 10:45:25 | INFO | EM.print | [ONLINE-AUG] mode=online name=random_permute_features noise_std=0.02 mask_rate=0.2 base_seed=0
2025-10-19 10:45:25 | INFO | EM.print | epoch: 13/ iteration: 1/ loss_train: 3.5203974 | task_loss:0.1803 cont_loss:6.8150 adv_loss:0.0118
2025-10-19 10:45:27 | INFO | EM.print | epoch: 13/ iteration: 101/ loss_train: 3.477965 | task_loss:0.1262 cont_loss:6.7917 adv_loss:0.0160
2025-10-19 10:45:28 | INFO | EM.print | epoch: 0013 loss_train: 3.5456 task_loss: 0.2838 cont_loss: 6.7379 adv_loss: 0.0159 auroc_train: 0.9579 auprc_train: 0.9564 precision_train: 0.8754 recall_train: 0.8876 f1_train: 0.8815 cm_train: (tn=1872, fp=271, fn=241, tp=1904)
2025-10-19 10:45:28 | INFO | EM.print | -------- Epoch 14 --------
2025-10-19 10:45:28 | INFO | EM.print | [AUG][online][epoch=14][iter=0] start name=random_permute_features noise_std=0.02 mask_rate=0.2 seed=13000
2025-10-19 10:45:28 | INFO | EM.print | [AUG][online][epoch=14][iter=0] done name=random_permute_features shape=(1140, 1140)
2025-10-19 10:45:28 | INFO | EM.print | [ONLINE-AUG] mode=online name=random_permute_features noise_std=0.02 mask_rate=0.2 base_seed=0
2025-10-19 10:45:28 | INFO | EM.print | epoch: 14/ iteration: 1/ loss_train: 3.4196227 | task_loss:0.2175 cont_loss:6.5712 adv_loss:0.0088
2025-10-19 10:45:31 | INFO | EM.print | epoch: 14/ iteration: 101/ loss_train: 3.4640727 | task_loss:0.2882 cont_loss:6.5768 adv_loss:0.0069
2025-10-19 10:45:32 | INFO | EM.print | epoch: 0014 loss_train: 3.4649 task_loss: 0.3190 cont_loss: 6.5349 adv_loss: 0.0152 auroc_train: 0.9590 auprc_train: 0.9581 precision_train: 0.8712 recall_train: 0.8988 f1_train: 0.8848 cm_train: (tn=1858, fp=285, fn=217, tp=1928)
2025-10-19 10:45:32 | INFO | EM.print | -------- Epoch 15 --------
2025-10-19 10:45:32 | INFO | EM.print | [AUG][online][epoch=15][iter=0] start name=random_permute_features noise_std=0.02 mask_rate=0.2 seed=14000
2025-10-19 10:45:32 | INFO | EM.print | [AUG][online][epoch=15][iter=0] done name=random_permute_features shape=(1140, 1140)
2025-10-19 10:45:32 | INFO | EM.print | [ONLINE-AUG] mode=online name=random_permute_features noise_std=0.02 mask_rate=0.2 base_seed=0
2025-10-19 10:45:32 | INFO | EM.print | epoch: 15/ iteration: 1/ loss_train: 3.5826192 | task_loss:0.3039 cont_loss:6.7920 adv_loss:0.0108
2025-10-19 10:45:34 | INFO | EM.print | epoch: 15/ iteration: 101/ loss_train: 3.4189003 | task_loss:0.1085 cont_loss:6.6954 adv_loss:0.0152
2025-10-19 10:45:35 | INFO | EM.print | epoch: 0015 loss_train: 3.4761 task_loss: 0.3709 cont_loss: 6.5009 adv_loss: 0.0077 auroc_train: 0.9581 auprc_train: 0.9572 precision_train: 0.8787 recall_train: 0.8885 f1_train: 0.8836 cm_train: (tn=1881, fp=263, fn=239, tp=1905)
2025-10-19 10:45:35 | INFO | EM.print | -------- Epoch 16 --------
2025-10-19 10:45:35 | INFO | EM.print | [AUG][online][epoch=16][iter=0] start name=random_permute_features noise_std=0.02 mask_rate=0.2 seed=15000
2025-10-19 10:45:35 | INFO | EM.print | [AUG][online][epoch=16][iter=0] done name=random_permute_features shape=(1140, 1140)
2025-10-19 10:45:35 | INFO | EM.print | [ONLINE-AUG] mode=online name=random_permute_features noise_std=0.02 mask_rate=0.2 base_seed=0
2025-10-19 10:45:35 | INFO | EM.print | epoch: 16/ iteration: 1/ loss_train: 3.5598886 | task_loss:0.1831 cont_loss:6.8935 adv_loss:0.0083
2025-10-19 10:45:38 | INFO | EM.print | epoch: 16/ iteration: 101/ loss_train: 3.4445212 | task_loss:0.0969 cont_loss:6.7648 adv_loss:0.0100
2025-10-19 10:45:39 | INFO | EM.print | epoch: 0016 loss_train: 3.5427 task_loss: 0.2214 cont_loss: 6.8125 adv_loss: 0.0092 auroc_train: 0.9610 auprc_train: 0.9604 precision_train: 0.8781 recall_train: 0.8989 f1_train: 0.8884 cm_train: (tn=1873, fp=268, fn=217, tp=1930)
2025-10-19 10:45:39 | INFO | EM.print | -------- Epoch 17 --------
2025-10-19 10:45:39 | INFO | EM.print | [AUG][online][epoch=17][iter=0] start name=random_permute_features noise_std=0.02 mask_rate=0.2 seed=16000
2025-10-19 10:45:39 | INFO | EM.print | [AUG][online][epoch=17][iter=0] done name=random_permute_features shape=(1140, 1140)
2025-10-19 10:45:39 | INFO | EM.print | [ONLINE-AUG] mode=online name=random_permute_features noise_std=0.02 mask_rate=0.2 base_seed=0
2025-10-19 10:45:39 | INFO | EM.print | epoch: 17/ iteration: 1/ loss_train: 3.5576787 | task_loss:0.2774 cont_loss:6.7759 adv_loss:0.0083
2025-10-19 10:45:41 | INFO | EM.print | epoch: 17/ iteration: 101/ loss_train: 3.6061983 | task_loss:0.3150 cont_loss:6.8266 adv_loss:0.0098
2025-10-19 10:45:42 | INFO | EM.print | epoch: 0017 loss_train: 3.5960 task_loss: 0.3263 cont_loss: 6.7897 adv_loss: 0.0134 auroc_train: 0.9604 auprc_train: 0.9582 precision_train: 0.8842 recall_train: 0.8961 f1_train: 0.8901 cm_train: (tn=1889, fp=252, fn=223, tp=1924)
2025-10-19 10:45:42 | INFO | EM.print | -------- Epoch 18 --------
2025-10-19 10:45:42 | INFO | EM.print | [AUG][online][epoch=18][iter=0] start name=random_permute_features noise_std=0.02 mask_rate=0.2 seed=17000
2025-10-19 10:45:42 | INFO | EM.print | [AUG][online][epoch=18][iter=0] done name=random_permute_features shape=(1140, 1140)
2025-10-19 10:45:42 | INFO | EM.print | [ONLINE-AUG] mode=online name=random_permute_features noise_std=0.02 mask_rate=0.2 base_seed=0
2025-10-19 10:45:42 | INFO | EM.print | epoch: 18/ iteration: 1/ loss_train: 3.5114453 | task_loss:0.1747 cont_loss:6.8008 adv_loss:0.0156
2025-10-19 10:45:45 | INFO | EM.print | epoch: 18/ iteration: 101/ loss_train: 3.4869099 | task_loss:0.1058 cont_loss:6.8375 adv_loss:0.0117
2025-10-19 10:45:45 | INFO | EM.print | epoch: 0018 loss_train: 3.5583 task_loss: 0.2920 cont_loss: 6.7608 adv_loss: 0.0068 auroc_train: 0.9599 auprc_train: 0.9582 precision_train: 0.8711 recall_train: 0.9000 f1_train: 0.8853 cm_train: (tn=1863, fp=285, fn=214, tp=1926)
2025-10-19 10:45:45 | INFO | EM.print | -------- Epoch 19 --------
2025-10-19 10:45:45 | INFO | EM.print | [AUG][online][epoch=19][iter=0] start name=random_permute_features noise_std=0.02 mask_rate=0.2 seed=18000
2025-10-19 10:45:45 | INFO | EM.print | [AUG][online][epoch=19][iter=0] done name=random_permute_features shape=(1140, 1140)
2025-10-19 10:45:45 | INFO | EM.print | [ONLINE-AUG] mode=online name=random_permute_features noise_std=0.02 mask_rate=0.2 base_seed=0
2025-10-19 10:45:45 | INFO | EM.print | epoch: 19/ iteration: 1/ loss_train: 3.6749928 | task_loss:0.4374 cont_loss:6.8189 adv_loss:0.0076
2025-10-19 10:45:48 | INFO | EM.print | epoch: 19/ iteration: 101/ loss_train: 3.4951956 | task_loss:0.1387 cont_loss:6.8140 adv_loss:0.0124
2025-10-19 10:45:49 | INFO | EM.print | epoch: 0019 loss_train: 3.4799 task_loss: 0.2315 cont_loss: 6.6778 adv_loss: 0.0054 auroc_train: 0.9601 auprc_train: 0.9587 precision_train: 0.8755 recall_train: 0.8939 f1_train: 0.8846 cm_train: (tn=1876, fp=272, fn=227, tp=1913)
2025-10-19 10:45:49 | INFO | EM.print | -------- Epoch 20 --------
2025-10-19 10:45:49 | INFO | EM.print | [AUG][online][epoch=20][iter=0] start name=random_permute_features noise_std=0.02 mask_rate=0.2 seed=19000
2025-10-19 10:45:49 | INFO | EM.print | [AUG][online][epoch=20][iter=0] done name=random_permute_features shape=(1140, 1140)
2025-10-19 10:45:49 | INFO | EM.print | [ONLINE-AUG] mode=online name=random_permute_features noise_std=0.02 mask_rate=0.2 base_seed=0
2025-10-19 10:45:49 | INFO | EM.print | epoch: 20/ iteration: 1/ loss_train: 3.5767314 | task_loss:0.2353 cont_loss:6.8613 adv_loss:0.0122
2025-10-19 10:45:51 | INFO | EM.print | epoch: 20/ iteration: 101/ loss_train: 3.6090086 | task_loss:0.3828 cont_loss:6.7506 adv_loss:0.0101
2025-10-19 10:45:52 | INFO | EM.print | epoch: 0020 loss_train: 3.4535 task_loss: 0.1536 cont_loss: 6.7151 adv_loss: 0.0095 auroc_train: 0.9631 auprc_train: 0.9619 precision_train: 0.8760 recall_train: 0.9071 f1_train: 0.8913 cm_train: (tn=1871, fp=275, fn=199, tp=1943)
2025-10-19 10:45:52 | INFO | EM.print | -------- Epoch 21 --------
2025-10-19 10:45:52 | INFO | EM.print | [AUG][online][epoch=21][iter=0] start name=random_permute_features noise_std=0.02 mask_rate=0.2 seed=20000
2025-10-19 10:45:52 | INFO | EM.print | [AUG][online][epoch=21][iter=0] done name=random_permute_features shape=(1140, 1140)
2025-10-19 10:45:52 | INFO | EM.print | [ONLINE-AUG] mode=online name=random_permute_features noise_std=0.02 mask_rate=0.2 base_seed=0
2025-10-19 10:45:52 | INFO | EM.print | epoch: 21/ iteration: 1/ loss_train: 3.6417942 | task_loss:0.4158 cont_loss:6.7760 adv_loss:0.0108
2025-10-19 10:45:55 | INFO | EM.print | epoch: 21/ iteration: 101/ loss_train: 3.5346727 | task_loss:0.1307 cont_loss:6.9078 adv_loss:0.0059
2025-10-19 10:45:56 | INFO | EM.print | epoch: 0021 loss_train: 3.4758 task_loss: 0.1323 cont_loss: 6.7896 adv_loss: 0.0042 auroc_train: 0.9627 auprc_train: 0.9608 precision_train: 0.8778 recall_train: 0.9081 f1_train: 0.8927 cm_train: (tn=1874, fp=271, fn=197, tp=1946)
2025-10-19 10:45:56 | INFO | EM.print | -------- Epoch 22 --------
2025-10-19 10:45:56 | INFO | EM.print | [AUG][online][epoch=22][iter=0] start name=random_permute_features noise_std=0.02 mask_rate=0.2 seed=21000
2025-10-19 10:45:56 | INFO | EM.print | [AUG][online][epoch=22][iter=0] done name=random_permute_features shape=(1140, 1140)
2025-10-19 10:45:56 | INFO | EM.print | [ONLINE-AUG] mode=online name=random_permute_features noise_std=0.02 mask_rate=0.2 base_seed=0
2025-10-19 10:45:56 | INFO | EM.print | epoch: 22/ iteration: 1/ loss_train: 3.6727693 | task_loss:0.2227 cont_loss:7.0743 adv_loss:0.0049
2025-10-19 10:45:58 | INFO | EM.print | epoch: 22/ iteration: 101/ loss_train: 3.5499759 | task_loss:0.2993 cont_loss:6.7328 adv_loss:0.0099
2025-10-19 10:45:59 | INFO | EM.print | epoch: 0022 loss_train: 3.5425 task_loss: 0.2448 cont_loss: 6.7863 adv_loss: 0.0062 auroc_train: 0.9650 auprc_train: 0.9631 precision_train: 0.8839 recall_train: 0.9115 f1_train: 0.8975 cm_train: (tn=1885, fp=257, fn=190, tp=1956)
2025-10-19 10:45:59 | INFO | EM.print | -------- Epoch 23 --------
2025-10-19 10:45:59 | INFO | EM.print | [AUG][online][epoch=23][iter=0] start name=random_permute_features noise_std=0.02 mask_rate=0.2 seed=22000
2025-10-19 10:45:59 | INFO | EM.print | [AUG][online][epoch=23][iter=0] done name=random_permute_features shape=(1140, 1140)
2025-10-19 10:45:59 | INFO | EM.print | [ONLINE-AUG] mode=online name=random_permute_features noise_std=0.02 mask_rate=0.2 base_seed=0
2025-10-19 10:45:59 | INFO | EM.print | epoch: 23/ iteration: 1/ loss_train: 3.597918 | task_loss:0.1978 cont_loss:6.9531 adv_loss:0.0066
2025-10-19 10:46:02 | INFO | EM.print | epoch: 23/ iteration: 101/ loss_train: 3.5773258 | task_loss:0.2413 cont_loss:6.8619 adv_loss:0.0040
2025-10-19 10:46:03 | INFO | EM.print | epoch: 0023 loss_train: 3.7274 task_loss: 0.4259 cont_loss: 6.9404 adv_loss: 0.0040 auroc_train: 0.9639 auprc_train: 0.9617 precision_train: 0.8805 recall_train: 0.9019 f1_train: 0.8911 cm_train: (tn=1885, fp=262, fn=210, tp=1931)
2025-10-19 10:46:03 | INFO | EM.print | -------- Epoch 24 --------
2025-10-19 10:46:03 | INFO | EM.print | [AUG][online][epoch=24][iter=0] start name=random_permute_features noise_std=0.02 mask_rate=0.2 seed=23000
2025-10-19 10:46:03 | INFO | EM.print | [AUG][online][epoch=24][iter=0] done name=random_permute_features shape=(1140, 1140)
2025-10-19 10:46:03 | INFO | EM.print | [ONLINE-AUG] mode=online name=random_permute_features noise_std=0.02 mask_rate=0.2 base_seed=0
2025-10-19 10:46:03 | INFO | EM.print | epoch: 24/ iteration: 1/ loss_train: 3.576951 | task_loss:0.3592 cont_loss:6.7174 adv_loss:0.0068
2025-10-19 10:46:05 | INFO | EM.print | epoch: 24/ iteration: 101/ loss_train: 3.5951717 | task_loss:0.2003 cont_loss:6.9469 adv_loss:0.0039
2025-10-19 10:46:06 | INFO | EM.print | epoch: 0024 loss_train: 3.5105 task_loss: 0.2500 cont_loss: 6.7175 adv_loss: 0.0042 auroc_train: 0.9658 auprc_train: 0.9634 precision_train: 0.8840 recall_train: 0.9137 f1_train: 0.8986 cm_train: (tn=1887, fp=257, fn=185, tp=1959)
2025-10-19 10:46:06 | INFO | EM.print | -------- Epoch 25 --------
2025-10-19 10:46:06 | INFO | EM.print | [AUG][online][epoch=25][iter=0] start name=random_permute_features noise_std=0.02 mask_rate=0.2 seed=24000
2025-10-19 10:46:06 | INFO | EM.print | [AUG][online][epoch=25][iter=0] done name=random_permute_features shape=(1140, 1140)
2025-10-19 10:46:06 | INFO | EM.print | [ONLINE-AUG] mode=online name=random_permute_features noise_std=0.02 mask_rate=0.2 base_seed=0
2025-10-19 10:46:06 | INFO | EM.print | epoch: 25/ iteration: 1/ loss_train: 3.506247 | task_loss:0.1274 cont_loss:6.8565 adv_loss:0.0039
2025-10-19 10:46:08 | INFO | EM.print | epoch: 25/ iteration: 101/ loss_train: 3.6098707 | task_loss:0.3186 cont_loss:6.8348 adv_loss:0.0032
2025-10-19 10:46:09 | INFO | EM.print | epoch: 0025 loss_train: 3.6419 task_loss: 0.3969 cont_loss: 6.8052 adv_loss: 0.0030 auroc_train: 0.9635 auprc_train: 0.9619 precision_train: 0.8782 recall_train: 0.9101 f1_train: 0.8939 cm_train: (tn=1870, fp=271, fn=193, tp=1954)
2025-10-19 10:46:09 | INFO | EM.print | -------- Epoch 26 --------
2025-10-19 10:46:09 | INFO | EM.print | [AUG][online][epoch=26][iter=0] start name=random_permute_features noise_std=0.02 mask_rate=0.2 seed=25000
2025-10-19 10:46:09 | INFO | EM.print | [AUG][online][epoch=26][iter=0] done name=random_permute_features shape=(1140, 1140)
2025-10-19 10:46:09 | INFO | EM.print | [ONLINE-AUG] mode=online name=random_permute_features noise_std=0.02 mask_rate=0.2 base_seed=0
2025-10-19 10:46:09 | INFO | EM.print | epoch: 26/ iteration: 1/ loss_train: 3.5427806 | task_loss:0.1771 cont_loss:6.8631 adv_loss:0.0124
2025-10-19 10:46:12 | INFO | EM.print | epoch: 26/ iteration: 101/ loss_train: 3.5826979 | task_loss:0.3053 cont_loss:6.7937 adv_loss:0.0067
2025-10-19 10:46:13 | INFO | EM.print | epoch: 0026 loss_train: 3.4514 task_loss: 0.1137 cont_loss: 6.7638 adv_loss: 0.0033 auroc_train: 0.9649 auprc_train: 0.9626 precision_train: 0.8826 recall_train: 0.9082 f1_train: 0.8952 cm_train: (tn=1884, fp=259, fn=197, tp=1948)
2025-10-19 10:46:13 | INFO | EM.print | -------- Epoch 27 --------
2025-10-19 10:46:13 | INFO | EM.print | [AUG][online][epoch=27][iter=0] start name=random_permute_features noise_std=0.02 mask_rate=0.2 seed=26000
2025-10-19 10:46:13 | INFO | EM.print | [AUG][online][epoch=27][iter=0] done name=random_permute_features shape=(1140, 1140)
2025-10-19 10:46:13 | INFO | EM.print | [ONLINE-AUG] mode=online name=random_permute_features noise_std=0.02 mask_rate=0.2 base_seed=0
2025-10-19 10:46:13 | INFO | EM.print | epoch: 27/ iteration: 1/ loss_train: 3.5416896 | task_loss:0.2516 cont_loss:6.7773 adv_loss:0.0052
2025-10-19 10:46:15 | INFO | EM.print | epoch: 27/ iteration: 101/ loss_train: 3.5297434 | task_loss:0.2081 cont_loss:6.8053 adv_loss:0.0056
2025-10-19 10:46:16 | INFO | EM.print | epoch: 0027 loss_train: 3.5632 task_loss: 0.2332 cont_loss: 6.8415 adv_loss: 0.0063 auroc_train: 0.9668 auprc_train: 0.9654 precision_train: 0.8864 recall_train: 0.9133 f1_train: 0.8997 cm_train: (tn=1892, fp=251, fn=186, tp=1959)
2025-10-19 10:46:16 | INFO | EM.print | -------- Epoch 28 --------
2025-10-19 10:46:16 | INFO | EM.print | [AUG][online][epoch=28][iter=0] start name=random_permute_features noise_std=0.02 mask_rate=0.2 seed=27000
2025-10-19 10:46:16 | INFO | EM.print | [AUG][online][epoch=28][iter=0] done name=random_permute_features shape=(1140, 1140)
2025-10-19 10:46:16 | INFO | EM.print | [ONLINE-AUG] mode=online name=random_permute_features noise_std=0.02 mask_rate=0.2 base_seed=0
2025-10-19 10:46:16 | INFO | EM.print | epoch: 28/ iteration: 1/ loss_train: 3.433111 | task_loss:0.1426 cont_loss:6.6892 adv_loss:0.0074
2025-10-19 10:46:19 | INFO | EM.print | epoch: 28/ iteration: 101/ loss_train: 3.5679777 | task_loss:0.1356 cont_loss:6.9689 adv_loss:0.0054
2025-10-19 10:46:20 | INFO | EM.print | epoch: 0028 loss_train: 3.5913 task_loss: 0.2788 cont_loss: 6.8457 adv_loss: 0.0029 auroc_train: 0.9680 auprc_train: 0.9656 precision_train: 0.8879 recall_train: 0.9119 f1_train: 0.8997 cm_train: (tn=1896, fp=247, fn=189, tp=1956)
2025-10-19 10:46:20 | INFO | EM.print | -------- Epoch 29 --------
2025-10-19 10:46:20 | INFO | EM.print | [AUG][online][epoch=29][iter=0] start name=random_permute_features noise_std=0.02 mask_rate=0.2 seed=28000
2025-10-19 10:46:20 | INFO | EM.print | [AUG][online][epoch=29][iter=0] done name=random_permute_features shape=(1140, 1140)
2025-10-19 10:46:20 | INFO | EM.print | [ONLINE-AUG] mode=online name=random_permute_features noise_std=0.02 mask_rate=0.2 base_seed=0
2025-10-19 10:46:20 | INFO | EM.print | epoch: 29/ iteration: 1/ loss_train: 3.4945412 | task_loss:0.1257 cont_loss:6.8328 adv_loss:0.0069
2025-10-19 10:46:22 | INFO | EM.print | epoch: 29/ iteration: 101/ loss_train: 3.556104 | task_loss:0.2884 cont_loss:6.7634 adv_loss:0.0034
2025-10-19 10:46:23 | INFO | EM.print | epoch: 0029 loss_train: 3.5419 task_loss: 0.2159 cont_loss: 6.8202 adv_loss: 0.0057 auroc_train: 0.9695 auprc_train: 0.9676 precision_train: 0.8943 recall_train: 0.9193 f1_train: 0.9067 cm_train: (tn=1910, fp=233, fn=173, tp=1972)
2025-10-19 10:46:23 | INFO | EM.print | -------- Epoch 30 --------
2025-10-19 10:46:23 | INFO | EM.print | [AUG][online][epoch=30][iter=0] start name=random_permute_features noise_std=0.02 mask_rate=0.2 seed=29000
2025-10-19 10:46:23 | INFO | EM.print | [AUG][online][epoch=30][iter=0] done name=random_permute_features shape=(1140, 1140)
2025-10-19 10:46:23 | INFO | EM.print | [ONLINE-AUG] mode=online name=random_permute_features noise_std=0.02 mask_rate=0.2 base_seed=0
2025-10-19 10:46:23 | INFO | EM.print | epoch: 30/ iteration: 1/ loss_train: 3.5284953 | task_loss:0.2395 cont_loss:6.7646 adv_loss:0.0062
2025-10-19 10:46:26 | INFO | EM.print | epoch: 30/ iteration: 101/ loss_train: 3.5027494 | task_loss:0.1589 cont_loss:6.8077 adv_loss:0.0089
2025-10-19 10:46:27 | INFO | EM.print | epoch: 0030 loss_train: 3.4813 task_loss: 0.1470 cont_loss: 6.7788 adv_loss: 0.0092 auroc_train: 0.9692 auprc_train: 0.9675 precision_train: 0.8917 recall_train: 0.9216 f1_train: 0.9064 cm_train: (tn=1904, fp=240, fn=168, tp=1976)
2025-10-19 10:46:27 | INFO | EM.print | -------- Epoch 31 --------
2025-10-19 10:46:27 | INFO | EM.print | [AUG][online][epoch=31][iter=0] start name=random_permute_features noise_std=0.02 mask_rate=0.2 seed=30000
2025-10-19 10:46:27 | INFO | EM.print | [AUG][online][epoch=31][iter=0] done name=random_permute_features shape=(1140, 1140)
2025-10-19 10:46:27 | INFO | EM.print | [ONLINE-AUG] mode=online name=random_permute_features noise_std=0.02 mask_rate=0.2 base_seed=0
2025-10-19 10:46:27 | INFO | EM.print | epoch: 31/ iteration: 1/ loss_train: 3.5560071 | task_loss:0.2069 cont_loss:6.8579 adv_loss:0.0073
2025-10-19 10:46:29 | INFO | EM.print | epoch: 31/ iteration: 101/ loss_train: 3.6140373 | task_loss:0.2487 cont_loss:6.9262 adv_loss:0.0043
2025-10-19 10:46:30 | INFO | EM.print | epoch: 0031 loss_train: 3.6048 task_loss: 0.2228 cont_loss: 6.9370 adv_loss: 0.0065 auroc_train: 0.9709 auprc_train: 0.9682 precision_train: 0.8964 recall_train: 0.9215 f1_train: 0.9088 cm_train: (tn=1919, fp=228, fn=168, tp=1973)
2025-10-19 10:46:30 | INFO | EM.print | -------- Epoch 32 --------
2025-10-19 10:46:30 | INFO | EM.print | [AUG][online][epoch=32][iter=0] start name=random_permute_features noise_std=0.02 mask_rate=0.2 seed=31000
2025-10-19 10:46:30 | INFO | EM.print | [AUG][online][epoch=32][iter=0] done name=random_permute_features shape=(1140, 1140)
2025-10-19 10:46:30 | INFO | EM.print | [ONLINE-AUG] mode=online name=random_permute_features noise_std=0.02 mask_rate=0.2 base_seed=0
2025-10-19 10:46:30 | INFO | EM.print | epoch: 32/ iteration: 1/ loss_train: 3.5908604 | task_loss:0.3470 cont_loss:6.7596 adv_loss:0.0071
2025-10-19 10:46:33 | INFO | EM.print | epoch: 32/ iteration: 101/ loss_train: 3.5832124 | task_loss:0.2334 cont_loss:6.8750 adv_loss:0.0142
2025-10-19 10:46:33 | INFO | EM.print | epoch: 0032 loss_train: 3.6149 task_loss: 0.2973 cont_loss: 6.8708 adv_loss: 0.0026 auroc_train: 0.9699 auprc_train: 0.9675 precision_train: 0.8917 recall_train: 0.9217 f1_train: 0.9065 cm_train: (tn=1903, fp=240, fn=168, tp=1977)
2025-10-19 10:46:33 | INFO | EM.print | -------- Epoch 33 --------
2025-10-19 10:46:33 | INFO | EM.print | [AUG][online][epoch=33][iter=0] start name=random_permute_features noise_std=0.02 mask_rate=0.2 seed=32000
2025-10-19 10:46:33 | INFO | EM.print | [AUG][online][epoch=33][iter=0] done name=random_permute_features shape=(1140, 1140)
2025-10-19 10:46:33 | INFO | EM.print | [ONLINE-AUG] mode=online name=random_permute_features noise_std=0.02 mask_rate=0.2 base_seed=0
2025-10-19 10:46:33 | INFO | EM.print | epoch: 33/ iteration: 1/ loss_train: 3.5277274 | task_loss:0.1598 cont_loss:6.8606 adv_loss:0.0038
2025-10-19 10:46:36 | INFO | EM.print | epoch: 33/ iteration: 101/ loss_train: 3.5453506 | task_loss:0.2208 cont_loss:6.8214 adv_loss:0.0055
2025-10-19 10:46:37 | INFO | EM.print | epoch: 0033 loss_train: 3.6067 task_loss: 0.2433 cont_loss: 6.9187 adv_loss: 0.0034 auroc_train: 0.9718 auprc_train: 0.9699 precision_train: 0.8990 recall_train: 0.9216 f1_train: 0.9102 cm_train: (tn=1922, fp=222, fn=168, tp=1976)
2025-10-19 10:46:37 | INFO | EM.print | -------- Epoch 34 --------
2025-10-19 10:46:37 | INFO | EM.print | [AUG][online][epoch=34][iter=0] start name=random_permute_features noise_std=0.02 mask_rate=0.2 seed=33000
2025-10-19 10:46:37 | INFO | EM.print | [AUG][online][epoch=34][iter=0] done name=random_permute_features shape=(1140, 1140)
2025-10-19 10:46:37 | INFO | EM.print | [ONLINE-AUG] mode=online name=random_permute_features noise_std=0.02 mask_rate=0.2 base_seed=0
2025-10-19 10:46:37 | INFO | EM.print | epoch: 34/ iteration: 1/ loss_train: 3.469039 | task_loss:0.1564 cont_loss:6.7482 adv_loss:0.0028
2025-10-19 10:46:39 | INFO | EM.print | epoch: 34/ iteration: 101/ loss_train: 3.6147435 | task_loss:0.2855 cont_loss:6.8816 adv_loss:0.0066
2025-10-19 10:46:40 | INFO | EM.print | epoch: 0034 loss_train: 3.4980 task_loss: 0.1552 cont_loss: 6.8072 adv_loss: 0.0033 auroc_train: 0.9748 auprc_train: 0.9725 precision_train: 0.9056 recall_train: 0.9272 f1_train: 0.9163 cm_train: (tn=1939, fp=207, fn=156, tp=1986)
2025-10-19 10:46:40 | INFO | EM.print | -------- Epoch 35 --------
2025-10-19 10:46:40 | INFO | EM.print | [AUG][online][epoch=35][iter=0] start name=random_permute_features noise_std=0.02 mask_rate=0.2 seed=34000
2025-10-19 10:46:40 | INFO | EM.print | [AUG][online][epoch=35][iter=0] done name=random_permute_features shape=(1140, 1140)
2025-10-19 10:46:40 | INFO | EM.print | [ONLINE-AUG] mode=online name=random_permute_features noise_std=0.02 mask_rate=0.2 base_seed=0
2025-10-19 10:46:40 | INFO | EM.print | epoch: 35/ iteration: 1/ loss_train: 3.55896 | task_loss:0.2636 cont_loss:6.7994 adv_loss:0.0027
2025-10-19 10:46:43 | INFO | EM.print | epoch: 35/ iteration: 101/ loss_train: 3.4860933 | task_loss:0.1206 cont_loss:6.8229 adv_loss:0.0058
2025-10-19 10:46:44 | INFO | EM.print | epoch: 0035 loss_train: 3.5580 task_loss: 0.1905 cont_loss: 6.8853 adv_loss: 0.0026 auroc_train: 0.9732 auprc_train: 0.9713 precision_train: 0.8987 recall_train: 0.9319 f1_train: 0.9150 cm_train: (tn=1920, fp=225, fn=146, tp=1997)
2025-10-19 10:46:44 | INFO | EM.print | -------- Epoch 36 --------
2025-10-19 10:46:44 | INFO | EM.print | [AUG][online][epoch=36][iter=0] start name=random_permute_features noise_std=0.02 mask_rate=0.2 seed=35000
2025-10-19 10:46:44 | INFO | EM.print | [AUG][online][epoch=36][iter=0] done name=random_permute_features shape=(1140, 1140)
2025-10-19 10:46:44 | INFO | EM.print | [ONLINE-AUG] mode=online name=random_permute_features noise_std=0.02 mask_rate=0.2 base_seed=0
2025-10-19 10:46:44 | INFO | EM.print | epoch: 36/ iteration: 1/ loss_train: 3.4282088 | task_loss:0.0965 cont_loss:6.7368 adv_loss:0.0048
2025-10-19 10:46:46 | INFO | EM.print | epoch: 36/ iteration: 101/ loss_train: 3.6061625 | task_loss:0.2295 cont_loss:6.9333 adv_loss:0.0045
2025-10-19 10:46:47 | INFO | EM.print | epoch: 0036 loss_train: 3.5482 task_loss: 0.1943 cont_loss: 6.8611 adv_loss: 0.0027 auroc_train: 0.9750 auprc_train: 0.9734 precision_train: 0.9008 recall_train: 0.9310 f1_train: 0.9156 cm_train: (tn=1923, fp=220, fn=148, tp=1997)
2025-10-19 10:46:47 | INFO | EM.print | -------- Epoch 37 --------
2025-10-19 10:46:47 | INFO | EM.print | [AUG][online][epoch=37][iter=0] start name=random_permute_features noise_std=0.02 mask_rate=0.2 seed=36000
2025-10-19 10:46:47 | INFO | EM.print | [AUG][online][epoch=37][iter=0] done name=random_permute_features shape=(1140, 1140)
2025-10-19 10:46:47 | INFO | EM.print | [ONLINE-AUG] mode=online name=random_permute_features noise_std=0.02 mask_rate=0.2 base_seed=0
2025-10-19 10:46:47 | INFO | EM.print | epoch: 37/ iteration: 1/ loss_train: 3.4902802 | task_loss:0.2394 cont_loss:6.6911 adv_loss:0.0027
2025-10-19 10:46:50 | INFO | EM.print | epoch: 37/ iteration: 101/ loss_train: 3.666158 | task_loss:0.4488 cont_loss:6.7909 adv_loss:0.0036
2025-10-19 10:46:50 | INFO | EM.print | epoch: 0037 loss_train: 3.4418 task_loss: 0.1060 cont_loss: 6.7533 adv_loss: 0.0037 auroc_train: 0.9758 auprc_train: 0.9736 precision_train: 0.9095 recall_train: 0.9375 f1_train: 0.9233 cm_train: (tn=1944, fp=200, fn=134, tp=2010)
2025-10-19 10:46:50 | INFO | EM.print | -------- Epoch 38 --------
2025-10-19 10:46:50 | INFO | EM.print | [AUG][online][epoch=38][iter=0] start name=random_permute_features noise_std=0.02 mask_rate=0.2 seed=37000
2025-10-19 10:46:50 | INFO | EM.print | [AUG][online][epoch=38][iter=0] done name=random_permute_features shape=(1140, 1140)
2025-10-19 10:46:50 | INFO | EM.print | [ONLINE-AUG] mode=online name=random_permute_features noise_std=0.02 mask_rate=0.2 base_seed=0
2025-10-19 10:46:50 | INFO | EM.print | epoch: 38/ iteration: 1/ loss_train: 3.5945265 | task_loss:0.2591 cont_loss:6.8728 adv_loss:0.0066
2025-10-19 10:46:53 | INFO | EM.print | epoch: 38/ iteration: 101/ loss_train: 3.4907217 | task_loss:0.1425 cont_loss:6.8080 adv_loss:0.0030
2025-10-19 10:46:54 | INFO | EM.print | epoch: 0038 loss_train: 3.5163 task_loss: 0.2609 cont_loss: 6.7155 adv_loss: 0.0049 auroc_train: 0.9759 auprc_train: 0.9733 precision_train: 0.9101 recall_train: 0.9347 f1_train: 0.9223 cm_train: (tn=1945, fp=198, fn=140, tp=2005)
2025-10-19 10:46:54 | INFO | EM.print | -------- Epoch 39 --------
2025-10-19 10:46:54 | INFO | EM.print | [AUG][online][epoch=39][iter=0] start name=random_permute_features noise_std=0.02 mask_rate=0.2 seed=38000
2025-10-19 10:46:54 | INFO | EM.print | [AUG][online][epoch=39][iter=0] done name=random_permute_features shape=(1140, 1140)
2025-10-19 10:46:54 | INFO | EM.print | [ONLINE-AUG] mode=online name=random_permute_features noise_std=0.02 mask_rate=0.2 base_seed=0
2025-10-19 10:46:54 | INFO | EM.print | epoch: 39/ iteration: 1/ loss_train: 3.4945955 | task_loss:0.1176 cont_loss:6.8455 adv_loss:0.0032
2025-10-19 10:46:56 | INFO | EM.print | epoch: 39/ iteration: 101/ loss_train: 3.5276723 | task_loss:0.1273 cont_loss:6.8993 adv_loss:0.0041
2025-10-19 10:46:57 | INFO | EM.print | epoch: 0039 loss_train: 3.5744 task_loss: 0.2452 cont_loss: 6.8496 adv_loss: 0.0063 auroc_train: 0.9733 auprc_train: 0.9707 precision_train: 0.9040 recall_train: 0.9314 f1_train: 0.9175 cm_train: (tn=1932, fp=212, fn=147, tp=1997)
2025-10-19 10:46:57 | INFO | EM.print | -------- Epoch 40 --------
2025-10-19 10:46:57 | INFO | EM.print | [AUG][online][epoch=40][iter=0] start name=random_permute_features noise_std=0.02 mask_rate=0.2 seed=39000
2025-10-19 10:46:57 | INFO | EM.print | [AUG][online][epoch=40][iter=0] done name=random_permute_features shape=(1140, 1140)
2025-10-19 10:46:57 | INFO | EM.print | [ONLINE-AUG] mode=online name=random_permute_features noise_std=0.02 mask_rate=0.2 base_seed=0
2025-10-19 10:46:57 | INFO | EM.print | epoch: 40/ iteration: 1/ loss_train: 3.5787208 | task_loss:0.3023 cont_loss:6.7870 adv_loss:0.0096
2025-10-19 10:47:00 | INFO | EM.print | epoch: 40/ iteration: 101/ loss_train: 3.5631046 | task_loss:0.2663 cont_loss:6.8045 adv_loss:0.0026
2025-10-19 10:47:01 | INFO | EM.print | epoch: 0040 loss_train: 3.5845 task_loss: 0.2360 cont_loss: 6.8838 adv_loss: 0.0025 auroc_train: 0.9758 auprc_train: 0.9736 precision_train: 0.9050 recall_train: 0.9342 f1_train: 0.9194 cm_train: (tn=1936, fp=210, fn=141, tp=2001)
2025-10-19 10:47:01 | INFO | EM.print | -------- Epoch 41 --------
2025-10-19 10:47:01 | INFO | EM.print | [AUG][online][epoch=41][iter=0] start name=random_permute_features noise_std=0.02 mask_rate=0.2 seed=40000
2025-10-19 10:47:01 | INFO | EM.print | [AUG][online][epoch=41][iter=0] done name=random_permute_features shape=(1140, 1140)
2025-10-19 10:47:01 | INFO | EM.print | [ONLINE-AUG] mode=online name=random_permute_features noise_std=0.02 mask_rate=0.2 base_seed=0
2025-10-19 10:47:01 | INFO | EM.print | epoch: 41/ iteration: 1/ loss_train: 3.5101845 | task_loss:0.1906 cont_loss:6.7869 adv_loss:0.0059
2025-10-19 10:47:03 | INFO | EM.print | epoch: 41/ iteration: 101/ loss_train: 3.6101356 | task_loss:0.3548 cont_loss:6.7927 adv_loss:0.0023
2025-10-19 10:47:04 | INFO | EM.print | epoch: 0041 loss_train: 3.5129 task_loss: 0.1778 cont_loss: 6.8106 adv_loss: 0.0023 auroc_train: 0.9771 auprc_train: 0.9758 precision_train: 0.9100 recall_train: 0.9427 f1_train: 0.9261 cm_train: (tn=1942, fp=200, fn=123, tp=2023)
2025-10-19 10:47:04 | INFO | EM.print | -------- Epoch 42 --------
2025-10-19 10:47:04 | INFO | EM.print | [AUG][online][epoch=42][iter=0] start name=random_permute_features noise_std=0.02 mask_rate=0.2 seed=41000
2025-10-19 10:47:04 | INFO | EM.print | [AUG][online][epoch=42][iter=0] done name=random_permute_features shape=(1140, 1140)
2025-10-19 10:47:04 | INFO | EM.print | [ONLINE-AUG] mode=online name=random_permute_features noise_std=0.02 mask_rate=0.2 base_seed=0
2025-10-19 10:47:04 | INFO | EM.print | epoch: 42/ iteration: 1/ loss_train: 3.4834325 | task_loss:0.0893 cont_loss:6.8519 adv_loss:0.0097
2025-10-19 10:47:07 | INFO | EM.print | epoch: 42/ iteration: 101/ loss_train: 3.4235675 | task_loss:0.0602 cont_loss:6.7728 adv_loss:0.0027
2025-10-19 10:47:07 | INFO | EM.print | epoch: 0042 loss_train: 3.5886 task_loss: 0.2431 cont_loss: 6.8806 adv_loss: 0.0060 auroc_train: 0.9777 auprc_train: 0.9759 precision_train: 0.9115 recall_train: 0.9412 f1_train: 0.9261 cm_train: (tn=1948, fp=196, fn=126, tp=2018)
2025-10-19 10:47:07 | INFO | EM.print | -------- Epoch 43 --------
2025-10-19 10:47:07 | INFO | EM.print | [AUG][online][epoch=43][iter=0] start name=random_permute_features noise_std=0.02 mask_rate=0.2 seed=42000
2025-10-19 10:47:07 | INFO | EM.print | [AUG][online][epoch=43][iter=0] done name=random_permute_features shape=(1140, 1140)
2025-10-19 10:47:07 | INFO | EM.print | [ONLINE-AUG] mode=online name=random_permute_features noise_std=0.02 mask_rate=0.2 base_seed=0
2025-10-19 10:47:07 | INFO | EM.print | epoch: 43/ iteration: 1/ loss_train: 3.5971687 | task_loss:0.2310 cont_loss:6.9146 adv_loss:0.0032
2025-10-19 10:47:10 | INFO | EM.print | epoch: 43/ iteration: 101/ loss_train: 3.5486002 | task_loss:0.2382 cont_loss:6.8085 adv_loss:0.0036
2025-10-19 10:47:11 | INFO | EM.print | epoch: 0043 loss_train: 3.5869 task_loss: 0.2190 cont_loss: 6.9064 adv_loss: 0.0057 auroc_train: 0.9766 auprc_train: 0.9747 precision_train: 0.9064 recall_train: 0.9347 f1_train: 0.9203 cm_train: (tn=1937, fp=207, fn=140, tp=2004)
2025-10-19 10:47:11 | INFO | EM.print | -------- Epoch 44 --------
2025-10-19 10:47:11 | INFO | EM.print | [AUG][online][epoch=44][iter=0] start name=random_permute_features noise_std=0.02 mask_rate=0.2 seed=43000
2025-10-19 10:47:11 | INFO | EM.print | [AUG][online][epoch=44][iter=0] done name=random_permute_features shape=(1140, 1140)
2025-10-19 10:47:11 | INFO | EM.print | [ONLINE-AUG] mode=online name=random_permute_features noise_std=0.02 mask_rate=0.2 base_seed=0
2025-10-19 10:47:11 | INFO | EM.print | epoch: 44/ iteration: 1/ loss_train: 3.4702895 | task_loss:0.0977 cont_loss:6.8154 adv_loss:0.0099
2025-10-19 10:47:13 | INFO | EM.print | epoch: 44/ iteration: 101/ loss_train: 3.5989401 | task_loss:0.2650 cont_loss:6.8768 adv_loss:0.0038
2025-10-19 10:47:14 | INFO | EM.print | epoch: 0044 loss_train: 3.5311 task_loss: 0.2536 cont_loss: 6.7540 adv_loss: 0.0047 auroc_train: 0.9779 auprc_train: 0.9762 precision_train: 0.9112 recall_train: 0.9375 f1_train: 0.9241 cm_train: (tn=1948, fp=196, fn=134, tp=2010)
2025-10-19 10:47:14 | INFO | EM.print | -------- Epoch 45 --------
2025-10-19 10:47:14 | INFO | EM.print | [AUG][online][epoch=45][iter=0] start name=random_permute_features noise_std=0.02 mask_rate=0.2 seed=44000
2025-10-19 10:47:14 | INFO | EM.print | [AUG][online][epoch=45][iter=0] done name=random_permute_features shape=(1140, 1140)
2025-10-19 10:47:14 | INFO | EM.print | [ONLINE-AUG] mode=online name=random_permute_features noise_std=0.02 mask_rate=0.2 base_seed=0
2025-10-19 10:47:14 | INFO | EM.print | epoch: 45/ iteration: 1/ loss_train: 3.4759557 | task_loss:0.1293 cont_loss:6.7948 adv_loss:0.0023
2025-10-19 10:47:17 | INFO | EM.print | epoch: 45/ iteration: 101/ loss_train: 3.6210752 | task_loss:0.3912 cont_loss:6.7696 adv_loss:0.0040
2025-10-19 10:47:18 | INFO | EM.print | epoch: 0045 loss_train: 3.4953 task_loss: 0.1448 cont_loss: 6.8147 adv_loss: 0.0026 auroc_train: 0.9792 auprc_train: 0.9774 precision_train: 0.9151 recall_train: 0.9398 f1_train: 0.9273 cm_train: (tn=1957, fp=187, fn=129, tp=2015)
2025-10-19 10:47:18 | INFO | EM.print | -------- Epoch 46 --------
2025-10-19 10:47:18 | INFO | EM.print | [AUG][online][epoch=46][iter=0] start name=random_permute_features noise_std=0.02 mask_rate=0.2 seed=45000
2025-10-19 10:47:18 | INFO | EM.print | [AUG][online][epoch=46][iter=0] done name=random_permute_features shape=(1140, 1140)
2025-10-19 10:47:18 | INFO | EM.print | [ONLINE-AUG] mode=online name=random_permute_features noise_std=0.02 mask_rate=0.2 base_seed=0
2025-10-19 10:47:18 | INFO | EM.print | epoch: 46/ iteration: 1/ loss_train: 3.5766933 | task_loss:0.1921 cont_loss:6.9193 adv_loss:0.0044
2025-10-19 10:47:20 | INFO | EM.print | epoch: 46/ iteration: 101/ loss_train: 3.7584796 | task_loss:0.5118 cont_loss:6.9005 adv_loss:0.0029
2025-10-19 10:47:21 | INFO | EM.print | epoch: 0046 loss_train: 3.6214 task_loss: 0.3316 cont_loss: 6.8417 adv_loss: 0.0038 auroc_train: 0.9803 auprc_train: 0.9787 precision_train: 0.9168 recall_train: 0.9501 f1_train: 0.9332 cm_train: (tn=1958, fp=185, fn=107, tp=2038)
2025-10-19 10:47:21 | INFO | EM.print | -------- Epoch 47 --------
2025-10-19 10:47:21 | INFO | EM.print | [AUG][online][epoch=47][iter=0] start name=random_permute_features noise_std=0.02 mask_rate=0.2 seed=46000
2025-10-19 10:47:21 | INFO | EM.print | [AUG][online][epoch=47][iter=0] done name=random_permute_features shape=(1140, 1140)
2025-10-19 10:47:21 | INFO | EM.print | [ONLINE-AUG] mode=online name=random_permute_features noise_std=0.02 mask_rate=0.2 base_seed=0
2025-10-19 10:47:21 | INFO | EM.print | epoch: 47/ iteration: 1/ loss_train: 3.4961362 | task_loss:0.1212 cont_loss:6.8440 adv_loss:0.0036
2025-10-19 10:47:24 | INFO | EM.print | epoch: 47/ iteration: 101/ loss_train: 3.5908337 | task_loss:0.3245 cont_loss:6.7902 adv_loss:0.0025
2025-10-19 10:47:24 | INFO | EM.print | epoch: 0047 loss_train: 3.4675 task_loss: 0.1294 cont_loss: 6.7755 adv_loss: 0.0054 auroc_train: 0.9804 auprc_train: 0.9787 precision_train: 0.9161 recall_train: 0.9459 f1_train: 0.9308 cm_train: (tn=1956, fp=186, fn=116, tp=2030)
2025-10-19 10:47:24 | INFO | EM.print | -------- Epoch 48 --------
2025-10-19 10:47:25 | INFO | EM.print | [AUG][online][epoch=48][iter=0] start name=random_permute_features noise_std=0.02 mask_rate=0.2 seed=47000
2025-10-19 10:47:25 | INFO | EM.print | [AUG][online][epoch=48][iter=0] done name=random_permute_features shape=(1140, 1140)
2025-10-19 10:47:25 | INFO | EM.print | [ONLINE-AUG] mode=online name=random_permute_features noise_std=0.02 mask_rate=0.2 base_seed=0
2025-10-19 10:47:25 | INFO | EM.print | epoch: 48/ iteration: 1/ loss_train: 3.4619353 | task_loss:0.0646 cont_loss:6.8445 adv_loss:0.0024
2025-10-19 10:47:27 | INFO | EM.print | epoch: 48/ iteration: 101/ loss_train: 3.5928009 | task_loss:0.2244 cont_loss:6.9143 adv_loss:0.0024
2025-10-19 10:47:28 | INFO | EM.print | epoch: 0048 loss_train: 3.5024 task_loss: 0.2170 cont_loss: 6.7428 adv_loss: 0.0020 auroc_train: 0.9799 auprc_train: 0.9786 precision_train: 0.9150 recall_train: 0.9389 f1_train: 0.9268 cm_train: (tn=1956, fp=187, fn=131, tp=2014)
2025-10-19 10:47:28 | INFO | EM.print | -------- Epoch 49 --------
2025-10-19 10:47:28 | INFO | EM.print | [AUG][online][epoch=49][iter=0] start name=random_permute_features noise_std=0.02 mask_rate=0.2 seed=48000
2025-10-19 10:47:28 | INFO | EM.print | [AUG][online][epoch=49][iter=0] done name=random_permute_features shape=(1140, 1140)
2025-10-19 10:47:28 | INFO | EM.print | [ONLINE-AUG] mode=online name=random_permute_features noise_std=0.02 mask_rate=0.2 base_seed=0
2025-10-19 10:47:28 | INFO | EM.print | epoch: 49/ iteration: 1/ loss_train: 3.50217 | task_loss:0.1654 cont_loss:6.8037 adv_loss:0.0027
2025-10-19 10:47:30 | INFO | EM.print | epoch: 49/ iteration: 101/ loss_train: 3.5342293 | task_loss:0.1485 cont_loss:6.8863 adv_loss:0.0049
2025-10-19 10:47:31 | INFO | EM.print | epoch: 0049 loss_train: 3.4314 task_loss: 0.1154 cont_loss: 6.7224 adv_loss: 0.0023 auroc_train: 0.9806 auprc_train: 0.9787 precision_train: 0.9155 recall_train: 0.9445 f1_train: 0.9298 cm_train: (tn=1956, fp=187, fn=119, tp=2026)
2025-10-19 10:47:31 | INFO | EM.print | -------- Epoch 50 --------
2025-10-19 10:47:31 | INFO | EM.print | [AUG][online][epoch=50][iter=0] start name=random_permute_features noise_std=0.02 mask_rate=0.2 seed=49000
2025-10-19 10:47:31 | INFO | EM.print | [AUG][online][epoch=50][iter=0] done name=random_permute_features shape=(1140, 1140)
2025-10-19 10:47:31 | INFO | EM.print | [ONLINE-AUG] mode=online name=random_permute_features noise_std=0.02 mask_rate=0.2 base_seed=0
2025-10-19 10:47:31 | INFO | EM.print | epoch: 50/ iteration: 1/ loss_train: 3.4599988 | task_loss:0.1795 cont_loss:6.7024 adv_loss:0.0027
2025-10-19 10:47:34 | INFO | EM.print | epoch: 50/ iteration: 101/ loss_train: 3.491681 | task_loss:0.1625 cont_loss:6.7858 adv_loss:0.0031
2025-10-19 10:47:35 | INFO | EM.print | epoch: 0050 loss_train: 3.4714 task_loss: 0.1099 cont_loss: 6.8009 adv_loss: 0.0125 auroc_train: 0.9805 auprc_train: 0.9793 precision_train: 0.9123 recall_train: 0.9455 f1_train: 0.9286 cm_train: (tn=1948, fp=195, fn=117, tp=2028)
2025-10-19 10:47:35 | INFO | EM.print | Optimization Finished!
2025-10-19 10:47:35 | INFO | EM.result.save | Saved result text: /root/OUTPUT/result/LMI_B_007_data_20251019_103520/metrics/train_epoch_metrics_fold_4_20251019_103520.csv.txt
2025-10-19 10:47:35 | INFO | EM.print | [SAVE] Per-epoch train metrics saved: train_epoch_metrics_fold_4_20251019_103520.csv
2025-10-19 10:47:36 | INFO | EM.print | loss_test: 3.6568 auroc_test: 0.9550 auprc_test: 0.9565 precision_test: 0.8642 recall_test: 0.8870 f1_test: 0.8755 cm_test: (tn=451, fp=74, fn=60, tp=471)
2025-10-19 10:47:36 | INFO | EM | Fold 4 completed.
2025-10-19 10:47:36 | INFO | EM | === Fold 5/5 ===
2025-10-19 10:47:36 | INFO | EM.result.save | Saved result text: /root/OUTPUT/result/LMI_B_007_data_20251019_103520/metrics/adv_config_fold_5_20251019_103520.json.txt
2025-10-19 10:47:36 | INFO | EM.print | [SAVE] adv config saved: metrics/adv_config_fold_5_20251019_103520.json
2025-10-19 10:47:36 | INFO | EM.print | Start Training...
2025-10-19 10:47:36 | INFO | EM.print | -------- Epoch 1 --------
2025-10-19 10:47:36 | INFO | EM.print | [AUG][online][epoch=1][iter=0] start name=random_permute_features noise_std=0.02 mask_rate=0.2 seed=0
2025-10-19 10:47:36 | INFO | EM.print | [AUG][online][epoch=1][iter=0] done name=random_permute_features shape=(1140, 1140)
2025-10-19 10:47:36 | INFO | EM.print | [ONLINE-AUG] mode=online name=random_permute_features noise_std=0.02 mask_rate=0.2 base_seed=0
2025-10-19 10:47:36 | INFO | EM.print | epoch: 1/ iteration: 1/ loss_train: 2.0697093 | task_loss:0.6853 cont_loss:2.6979 adv_loss:0.7738
2025-10-19 10:47:39 | INFO | EM.print | epoch: 1/ iteration: 101/ loss_train: 3.9387245 | task_loss:0.4216 cont_loss:6.9315 adv_loss:0.5500
2025-10-19 10:47:40 | INFO | EM.print | epoch: 0001 loss_train: 3.8950 task_loss: 0.4096 cont_loss: 6.9324 adv_loss: 0.4577 auroc_train: 0.7887 auprc_train: 0.7802 precision_train: 0.6868 recall_train: 0.7198 f1_train: 0.7029 cm_train: (tn=1439, fp=704, fn=601, tp=1544)
2025-10-19 10:47:40 | INFO | EM.print | -------- Epoch 2 --------
2025-10-19 10:47:40 | INFO | EM.print | [AUG][online][epoch=2][iter=0] start name=random_permute_features noise_std=0.02 mask_rate=0.2 seed=1000
2025-10-19 10:47:40 | INFO | EM.print | [AUG][online][epoch=2][iter=0] done name=random_permute_features shape=(1140, 1140)
2025-10-19 10:47:40 | INFO | EM.print | [ONLINE-AUG] mode=online name=random_permute_features noise_std=0.02 mask_rate=0.2 base_seed=0
2025-10-19 10:47:40 | INFO | EM.print | epoch: 2/ iteration: 1/ loss_train: 3.880129 | task_loss:0.3885 cont_loss:6.9320 adv_loss:0.4526
2025-10-19 10:47:42 | INFO | EM.print | epoch: 2/ iteration: 101/ loss_train: 3.7457166 | task_loss:0.3478 cont_loss:6.9314 adv_loss:0.1783
2025-10-19 10:47:43 | INFO | EM.print | epoch: 0002 loss_train: 3.7466 task_loss: 0.3766 cont_loss: 6.9315 adv_loss: 0.1373 auroc_train: 0.9134 auprc_train: 0.9073 precision_train: 0.8305 recall_train: 0.8352 f1_train: 0.8329 cm_train: (tn=1781, fp=365, fn=353, tp=1789)
2025-10-19 10:47:43 | INFO | EM.print | -------- Epoch 3 --------
2025-10-19 10:47:43 | INFO | EM.print | [AUG][online][epoch=3][iter=0] start name=random_permute_features noise_std=0.02 mask_rate=0.2 seed=2000
2025-10-19 10:47:43 | INFO | EM.print | [AUG][online][epoch=3][iter=0] done name=random_permute_features shape=(1140, 1140)
2025-10-19 10:47:43 | INFO | EM.print | [ONLINE-AUG] mode=online name=random_permute_features noise_std=0.02 mask_rate=0.2 base_seed=0
2025-10-19 10:47:43 | INFO | EM.print | epoch: 3/ iteration: 1/ loss_train: 3.6688542 | task_loss:0.2471 cont_loss:6.9316 adv_loss:0.1371
2025-10-19 10:47:46 | INFO | EM.print | epoch: 3/ iteration: 101/ loss_train: 3.7255552 | task_loss:0.3880 cont_loss:6.9279 adv_loss:0.0720
2025-10-19 10:47:47 | INFO | EM.print | epoch: 0003 loss_train: 3.7054 task_loss: 0.3684 cont_loss: 6.9273 adv_loss: 0.0517 auroc_train: 0.9342 auprc_train: 0.9321 precision_train: 0.8573 recall_train: 0.8597 f1_train: 0.8585 cm_train: (tn=1835, fp=307, fn=301, tp=1845)
2025-10-19 10:47:47 | INFO | EM.print | -------- Epoch 4 --------
2025-10-19 10:47:47 | INFO | EM.print | [AUG][online][epoch=4][iter=0] start name=random_permute_features noise_std=0.02 mask_rate=0.2 seed=3000
2025-10-19 10:47:47 | INFO | EM.print | [AUG][online][epoch=4][iter=0] done name=random_permute_features shape=(1140, 1140)
2025-10-19 10:47:47 | INFO | EM.print | [ONLINE-AUG] mode=online name=random_permute_features noise_std=0.02 mask_rate=0.2 base_seed=0
2025-10-19 10:47:47 | INFO | EM.print | epoch: 4/ iteration: 1/ loss_train: 3.6841466 | task_loss:0.3272 cont_loss:6.9274 adv_loss:0.0603
2025-10-19 10:47:49 | INFO | EM.print | epoch: 4/ iteration: 101/ loss_train: 3.665576 | task_loss:0.3270 cont_loss:6.9123 adv_loss:0.0331
2025-10-19 10:47:50 | INFO | EM.print | epoch: 0004 loss_train: 3.6638 task_loss: 0.3224 cont_loss: 6.9076 adv_loss: 0.0415 auroc_train: 0.9384 auprc_train: 0.9371 precision_train: 0.8595 recall_train: 0.8699 f1_train: 0.8647 cm_train: (tn=1838, fp=305, fn=279, tp=1866)
2025-10-19 10:47:50 | INFO | EM.print | -------- Epoch 5 --------
2025-10-19 10:47:50 | INFO | EM.print | [AUG][online][epoch=5][iter=0] start name=random_permute_features noise_std=0.02 mask_rate=0.2 seed=4000
2025-10-19 10:47:50 | INFO | EM.print | [AUG][online][epoch=5][iter=0] done name=random_permute_features shape=(1140, 1140)
2025-10-19 10:47:50 | INFO | EM.print | [ONLINE-AUG] mode=online name=random_permute_features noise_std=0.02 mask_rate=0.2 base_seed=0
2025-10-19 10:47:50 | INFO | EM.print | epoch: 5/ iteration: 1/ loss_train: 3.614138 | task_loss:0.2552 cont_loss:6.8966 adv_loss:0.0319
2025-10-19 10:47:52 | INFO | EM.print | epoch: 5/ iteration: 101/ loss_train: 3.5458086 | task_loss:0.1781 cont_loss:6.8440 adv_loss:0.0424
2025-10-19 10:47:53 | INFO | EM.print | epoch: 0005 loss_train: 3.5648 task_loss: 0.2375 cont_loss: 6.8234 adv_loss: 0.0265 auroc_train: 0.9431 auprc_train: 0.9429 precision_train: 0.8739 recall_train: 0.8694 f1_train: 0.8716 cm_train: (tn=1875, fp=269, fn=280, tp=1864)
2025-10-19 10:47:53 | INFO | EM.print | -------- Epoch 6 --------
2025-10-19 10:47:53 | INFO | EM.print | [AUG][online][epoch=6][iter=0] start name=random_permute_features noise_std=0.02 mask_rate=0.2 seed=5000
2025-10-19 10:47:53 | INFO | EM.print | [AUG][online][epoch=6][iter=0] done name=random_permute_features shape=(1140, 1140)
2025-10-19 10:47:53 | INFO | EM.print | [ONLINE-AUG] mode=online name=random_permute_features noise_std=0.02 mask_rate=0.2 base_seed=0
2025-10-19 10:47:53 | INFO | EM.print | epoch: 6/ iteration: 1/ loss_train: 3.6396992 | task_loss:0.3439 cont_loss:6.8365 adv_loss:0.0378
2025-10-19 10:47:56 | INFO | EM.print | epoch: 6/ iteration: 101/ loss_train: 3.5165434 | task_loss:0.2493 cont_loss:6.7188 adv_loss:0.0190
2025-10-19 10:47:57 | INFO | EM.print | epoch: 0006 loss_train: 3.6370 task_loss: 0.3688 cont_loss: 6.8086 adv_loss: 0.0284 auroc_train: 0.9477 auprc_train: 0.9459 precision_train: 0.8714 recall_train: 0.8698 f1_train: 0.8706 cm_train: (tn=1870, fp=275, fn=279, tp=1864)
2025-10-19 10:47:57 | INFO | EM.print | -------- Epoch 7 --------
2025-10-19 10:47:57 | INFO | EM.print | [AUG][online][epoch=7][iter=0] start name=random_permute_features noise_std=0.02 mask_rate=0.2 seed=6000
2025-10-19 10:47:57 | INFO | EM.print | [AUG][online][epoch=7][iter=0] done name=random_permute_features shape=(1140, 1140)
2025-10-19 10:47:57 | INFO | EM.print | [ONLINE-AUG] mode=online name=random_permute_features noise_std=0.02 mask_rate=0.2 base_seed=0
2025-10-19 10:47:57 | INFO | EM.print | epoch: 7/ iteration: 1/ loss_train: 3.5406013 | task_loss:0.2387 cont_loss:6.7756 adv_loss:0.0239
2025-10-19 10:47:59 | INFO | EM.print | epoch: 7/ iteration: 101/ loss_train: 3.5091534 | task_loss:0.2333 cont_loss:6.7212 adv_loss:0.0215
2025-10-19 10:48:00 | INFO | EM.print | epoch: 0007 loss_train: 3.6083 task_loss: 0.2867 cont_loss: 6.8583 adv_loss: 0.0178 auroc_train: 0.9499 auprc_train: 0.9495 precision_train: 0.8720 recall_train: 0.8765 f1_train: 0.8743 cm_train: (tn=1866, fp=276, fn=265, tp=1881)
2025-10-19 10:48:00 | INFO | EM.print | -------- Epoch 8 --------
2025-10-19 10:48:00 | INFO | EM.print | [AUG][online][epoch=8][iter=0] start name=random_permute_features noise_std=0.02 mask_rate=0.2 seed=7000
2025-10-19 10:48:00 | INFO | EM.print | [AUG][online][epoch=8][iter=0] done name=random_permute_features shape=(1140, 1140)
2025-10-19 10:48:00 | INFO | EM.print | [ONLINE-AUG] mode=online name=random_permute_features noise_std=0.02 mask_rate=0.2 base_seed=0
2025-10-19 10:48:00 | INFO | EM.print | epoch: 8/ iteration: 1/ loss_train: 3.5064468 | task_loss:0.1573 cont_loss:6.8024 adv_loss:0.0272
2025-10-19 10:48:03 | INFO | EM.print | epoch: 8/ iteration: 101/ loss_train: 3.5836418 | task_loss:0.2356 cont_loss:6.8550 adv_loss:0.0369
2025-10-19 10:48:04 | INFO | EM.print | epoch: 0008 loss_train: 3.7168 task_loss: 0.4557 cont_loss: 6.8767 adv_loss: 0.0125 auroc_train: 0.9503 auprc_train: 0.9493 precision_train: 0.8723 recall_train: 0.8763 f1_train: 0.8743 cm_train: (tn=1870, fp=275, fn=265, tp=1878)
2025-10-19 10:48:04 | INFO | EM.print | -------- Epoch 9 --------
2025-10-19 10:48:04 | INFO | EM.print | [AUG][online][epoch=9][iter=0] start name=random_permute_features noise_std=0.02 mask_rate=0.2 seed=8000
2025-10-19 10:48:04 | INFO | EM.print | [AUG][online][epoch=9][iter=0] done name=random_permute_features shape=(1140, 1140)
2025-10-19 10:48:04 | INFO | EM.print | [ONLINE-AUG] mode=online name=random_permute_features noise_std=0.02 mask_rate=0.2 base_seed=0
2025-10-19 10:48:04 | INFO | EM.print | epoch: 9/ iteration: 1/ loss_train: 3.5583465 | task_loss:0.1773 cont_loss:6.8920 adv_loss:0.0149
2025-10-19 10:48:06 | INFO | EM.print | epoch: 9/ iteration: 101/ loss_train: 3.605551 | task_loss:0.2395 cont_loss:6.9060 adv_loss:0.0221
2025-10-19 10:48:07 | INFO | EM.print | epoch: 0009 loss_train: 3.6428 task_loss: 0.3913 cont_loss: 6.8082 adv_loss: 0.0097 auroc_train: 0.9517 auprc_train: 0.9518 precision_train: 0.8737 recall_train: 0.8830 f1_train: 0.8783 cm_train: (tn=1868, fp=274, fn=251, tp=1895)
2025-10-19 10:48:07 | INFO | EM.print | -------- Epoch 10 --------
2025-10-19 10:48:07 | INFO | EM.print | [AUG][online][epoch=10][iter=0] start name=random_permute_features noise_std=0.02 mask_rate=0.2 seed=9000
2025-10-19 10:48:07 | INFO | EM.print | [AUG][online][epoch=10][iter=0] done name=random_permute_features shape=(1140, 1140)
2025-10-19 10:48:07 | INFO | EM.print | [ONLINE-AUG] mode=online name=random_permute_features noise_std=0.02 mask_rate=0.2 base_seed=0
2025-10-19 10:48:07 | INFO | EM.print | epoch: 10/ iteration: 1/ loss_train: 3.6093435 | task_loss:0.2106 cont_loss:6.9566 adv_loss:0.0116
2025-10-19 10:48:10 | INFO | EM.print | epoch: 10/ iteration: 101/ loss_train: 3.6881592 | task_loss:0.3845 cont_loss:6.9020 adv_loss:0.0160
2025-10-19 10:48:11 | INFO | EM.print | epoch: 0010 loss_train: 3.6014 task_loss: 0.2528 cont_loss: 6.8901 adv_loss: 0.0118 auroc_train: 0.9545 auprc_train: 0.9538 precision_train: 0.8700 recall_train: 0.8806 f1_train: 0.8753 cm_train: (tn=1862, fp=282, fn=256, tp=1888)
2025-10-19 10:48:11 | INFO | EM.print | -------- Epoch 11 --------
2025-10-19 10:48:11 | INFO | EM.print | [AUG][online][epoch=11][iter=0] start name=random_permute_features noise_std=0.02 mask_rate=0.2 seed=10000
2025-10-19 10:48:11 | INFO | EM.print | [AUG][online][epoch=11][iter=0] done name=random_permute_features shape=(1140, 1140)
2025-10-19 10:48:11 | INFO | EM.print | [ONLINE-AUG] mode=online name=random_permute_features noise_std=0.02 mask_rate=0.2 base_seed=0
2025-10-19 10:48:11 | INFO | EM.print | epoch: 11/ iteration: 1/ loss_train: 3.5664597 | task_loss:0.2082 cont_loss:6.8725 adv_loss:0.0133
2025-10-19 10:48:13 | INFO | EM.print | epoch: 11/ iteration: 101/ loss_train: 3.665104 | task_loss:0.3286 cont_loss:6.9232 adv_loss:0.0158
2025-10-19 10:48:14 | INFO | EM.print | epoch: 0011 loss_train: 3.5307 task_loss: 0.1557 cont_loss: 6.8644 adv_loss: 0.0127 auroc_train: 0.9557 auprc_train: 0.9547 precision_train: 0.8770 recall_train: 0.8884 f1_train: 0.8827 cm_train: (tn=1879, fp=267, fn=239, tp=1903)
2025-10-19 10:48:14 | INFO | EM.print | -------- Epoch 12 --------
2025-10-19 10:48:14 | INFO | EM.print | [AUG][online][epoch=12][iter=0] start name=random_permute_features noise_std=0.02 mask_rate=0.2 seed=11000
2025-10-19 10:48:14 | INFO | EM.print | [AUG][online][epoch=12][iter=0] done name=random_permute_features shape=(1140, 1140)
2025-10-19 10:48:14 | INFO | EM.print | [ONLINE-AUG] mode=online name=random_permute_features noise_std=0.02 mask_rate=0.2 base_seed=0
2025-10-19 10:48:14 | INFO | EM.print | epoch: 12/ iteration: 1/ loss_train: 3.5687294 | task_loss:0.1988 cont_loss:6.8896 adv_loss:0.0117
2025-10-19 10:48:17 | INFO | EM.print | epoch: 12/ iteration: 101/ loss_train: 3.6176474 | task_loss:0.2922 cont_loss:6.8745 adv_loss:0.0126
2025-10-19 10:48:18 | INFO | EM.print | epoch: 0012 loss_train: 3.6356 task_loss: 0.3058 cont_loss: 6.8966 adv_loss: 0.0097 auroc_train: 0.9593 auprc_train: 0.9586 precision_train: 0.8822 recall_train: 0.8760 f1_train: 0.8791 cm_train: (tn=1892, fp=251, fn=266, tp=1879)
2025-10-19 10:48:18 | INFO | EM.print | -------- Epoch 13 --------
2025-10-19 10:48:18 | INFO | EM.print | [AUG][online][epoch=13][iter=0] start name=random_permute_features noise_std=0.02 mask_rate=0.2 seed=12000
2025-10-19 10:48:18 | INFO | EM.print | [AUG][online][epoch=13][iter=0] done name=random_permute_features shape=(1140, 1140)
2025-10-19 10:48:18 | INFO | EM.print | [ONLINE-AUG] mode=online name=random_permute_features noise_std=0.02 mask_rate=0.2 base_seed=0
2025-10-19 10:48:18 | INFO | EM.print | epoch: 13/ iteration: 1/ loss_train: 3.605624 | task_loss:0.2576 cont_loss:6.8943 adv_loss:0.0099
2025-10-19 10:48:20 | INFO | EM.print | epoch: 13/ iteration: 101/ loss_train: 3.5909693 | task_loss:0.2345 cont_loss:6.8889 adv_loss:0.0146
2025-10-19 10:48:21 | INFO | EM.print | epoch: 0013 loss_train: 3.5669 task_loss: 0.2015 cont_loss: 6.8851 adv_loss: 0.0087 auroc_train: 0.9579 auprc_train: 0.9567 precision_train: 0.8787 recall_train: 0.8881 f1_train: 0.8834 cm_train: (tn=1880, fp=263, fn=240, tp=1905)
2025-10-19 10:48:21 | INFO | EM.print | -------- Epoch 14 --------
2025-10-19 10:48:21 | INFO | EM.print | [AUG][online][epoch=14][iter=0] start name=random_permute_features noise_std=0.02 mask_rate=0.2 seed=13000
2025-10-19 10:48:21 | INFO | EM.print | [AUG][online][epoch=14][iter=0] done name=random_permute_features shape=(1140, 1140)
2025-10-19 10:48:21 | INFO | EM.print | [ONLINE-AUG] mode=online name=random_permute_features noise_std=0.02 mask_rate=0.2 base_seed=0
2025-10-19 10:48:21 | INFO | EM.print | epoch: 14/ iteration: 1/ loss_train: 3.6349595 | task_loss:0.3047 cont_loss:6.8977 adv_loss:0.0082
2025-10-19 10:48:24 | INFO | EM.print | epoch: 14/ iteration: 101/ loss_train: 3.531677 | task_loss:0.1665 cont_loss:6.8551 adv_loss:0.0107
2025-10-19 10:48:25 | INFO | EM.print | epoch: 0014 loss_train: 3.5983 task_loss: 0.2580 cont_loss: 6.8805 adv_loss: 0.0080 auroc_train: 0.9573 auprc_train: 0.9568 precision_train: 0.8753 recall_train: 0.8880 f1_train: 0.8816 cm_train: (tn=1875, fp=271, fn=240, tp=1902)
2025-10-19 10:48:25 | INFO | EM.print | -------- Epoch 15 --------
2025-10-19 10:48:25 | INFO | EM.print | [AUG][online][epoch=15][iter=0] start name=random_permute_features noise_std=0.02 mask_rate=0.2 seed=14000
2025-10-19 10:48:25 | INFO | EM.print | [AUG][online][epoch=15][iter=0] done name=random_permute_features shape=(1140, 1140)
2025-10-19 10:48:25 | INFO | EM.print | [ONLINE-AUG] mode=online name=random_permute_features noise_std=0.02 mask_rate=0.2 base_seed=0
2025-10-19 10:48:25 | INFO | EM.print | epoch: 15/ iteration: 1/ loss_train: 3.634938 | task_loss:0.2911 cont_loss:6.9133 adv_loss:0.0090
2025-10-19 10:48:27 | INFO | EM.print | epoch: 15/ iteration: 101/ loss_train: 3.617043 | task_loss:0.2470 cont_loss:6.9255 adv_loss:0.0151
2025-10-19 10:48:28 | INFO | EM.print | epoch: 0015 loss_train: 3.5719 task_loss: 0.2361 cont_loss: 6.8532 adv_loss: 0.0090 auroc_train: 0.9594 auprc_train: 0.9589 precision_train: 0.8817 recall_train: 0.8862 f1_train: 0.8839 cm_train: (tn=1889, fp=255, fn=244, tp=1900)
2025-10-19 10:48:28 | INFO | EM.print | -------- Epoch 16 --------
2025-10-19 10:48:28 | INFO | EM.print | [AUG][online][epoch=16][iter=0] start name=random_permute_features noise_std=0.02 mask_rate=0.2 seed=15000
2025-10-19 10:48:28 | INFO | EM.print | [AUG][online][epoch=16][iter=0] done name=random_permute_features shape=(1140, 1140)
2025-10-19 10:48:28 | INFO | EM.print | [ONLINE-AUG] mode=online name=random_permute_features noise_std=0.02 mask_rate=0.2 base_seed=0
2025-10-19 10:48:28 | INFO | EM.print | epoch: 16/ iteration: 1/ loss_train: 3.6331131 | task_loss:0.3053 cont_loss:6.8959 adv_loss:0.0050
2025-10-19 10:48:31 | INFO | EM.print | epoch: 16/ iteration: 101/ loss_train: 3.573641 | task_loss:0.2390 cont_loss:6.8555 adv_loss:0.0062
2025-10-19 10:48:32 | INFO | EM.print | epoch: 0016 loss_train: 3.6572 task_loss: 0.3540 cont_loss: 6.8760 adv_loss: 0.0168 auroc_train: 0.9597 auprc_train: 0.9594 precision_train: 0.8860 recall_train: 0.8885 f1_train: 0.8873 cm_train: (tn=1899, fp=245, fn=239, tp=1905)
2025-10-19 10:48:32 | INFO | EM.print | -------- Epoch 17 --------
2025-10-19 10:48:32 | INFO | EM.print | [AUG][online][epoch=17][iter=0] start name=random_permute_features noise_std=0.02 mask_rate=0.2 seed=16000
2025-10-19 10:48:32 | INFO | EM.print | [AUG][online][epoch=17][iter=0] done name=random_permute_features shape=(1140, 1140)
2025-10-19 10:48:32 | INFO | EM.print | [ONLINE-AUG] mode=online name=random_permute_features noise_std=0.02 mask_rate=0.2 base_seed=0
2025-10-19 10:48:32 | INFO | EM.print | epoch: 17/ iteration: 1/ loss_train: 3.617012 | task_loss:0.2914 cont_loss:6.8724 adv_loss:0.0149
2025-10-19 10:48:34 | INFO | EM.print | epoch: 17/ iteration: 101/ loss_train: 3.5790892 | task_loss:0.2622 cont_loss:6.8378 adv_loss:0.0072
2025-10-19 10:48:35 | INFO | EM.print | epoch: 0017 loss_train: 3.5672 task_loss: 0.1765 cont_loss: 6.9151 adv_loss: 0.0093 auroc_train: 0.9602 auprc_train: 0.9590 precision_train: 0.8748 recall_train: 0.9001 f1_train: 0.8873 cm_train: (tn=1870, fp=276, fn=214, tp=1928)
2025-10-19 10:48:35 | INFO | EM.print | -------- Epoch 18 --------
2025-10-19 10:48:35 | INFO | EM.print | [AUG][online][epoch=18][iter=0] start name=random_permute_features noise_std=0.02 mask_rate=0.2 seed=17000
2025-10-19 10:48:35 | INFO | EM.print | [AUG][online][epoch=18][iter=0] done name=random_permute_features shape=(1140, 1140)
2025-10-19 10:48:35 | INFO | EM.print | [ONLINE-AUG] mode=online name=random_permute_features noise_std=0.02 mask_rate=0.2 base_seed=0
2025-10-19 10:48:35 | INFO | EM.print | epoch: 18/ iteration: 1/ loss_train: 3.68957 | task_loss:0.3919 cont_loss:6.9034 adv_loss:0.0067
2025-10-19 10:48:38 | INFO | EM.print | epoch: 18/ iteration: 101/ loss_train: 3.5918467 | task_loss:0.2617 cont_loss:6.8634 adv_loss:0.0079
2025-10-19 10:48:38 | INFO | EM.print | epoch: 0018 loss_train: 3.5724 task_loss: 0.1865 cont_loss: 6.9179 adv_loss: 0.0039 auroc_train: 0.9610 auprc_train: 0.9609 precision_train: 0.8852 recall_train: 0.8889 f1_train: 0.8871 cm_train: (tn=1898, fp=247, fn=238, tp=1905)
2025-10-19 10:48:38 | INFO | EM.print | -------- Epoch 19 --------
2025-10-19 10:48:38 | INFO | EM.print | [AUG][online][epoch=19][iter=0] start name=random_permute_features noise_std=0.02 mask_rate=0.2 seed=18000
2025-10-19 10:48:38 | INFO | EM.print | [AUG][online][epoch=19][iter=0] done name=random_permute_features shape=(1140, 1140)
2025-10-19 10:48:38 | INFO | EM.print | [ONLINE-AUG] mode=online name=random_permute_features noise_std=0.02 mask_rate=0.2 base_seed=0
2025-10-19 10:48:39 | INFO | EM.print | epoch: 19/ iteration: 1/ loss_train: 3.5432026 | task_loss:0.1467 cont_loss:6.9070 adv_loss:0.0041
2025-10-19 10:48:41 | INFO | EM.print | epoch: 19/ iteration: 101/ loss_train: 3.5162945 | task_loss:0.0965 cont_loss:6.9074 adv_loss:0.0118
2025-10-19 10:48:42 | INFO | EM.print | epoch: 0019 loss_train: 3.5642 task_loss: 0.1941 cont_loss: 6.8893 adv_loss: 0.0078 auroc_train: 0.9606 auprc_train: 0.9596 precision_train: 0.8828 recall_train: 0.8820 f1_train: 0.8824 cm_train: (tn=1893, fp=251, fn=253, tp=1891)
2025-10-19 10:48:42 | INFO | EM.print | -------- Epoch 20 --------
2025-10-19 10:48:42 | INFO | EM.print | [AUG][online][epoch=20][iter=0] start name=random_permute_features noise_std=0.02 mask_rate=0.2 seed=19000
2025-10-19 10:48:42 | INFO | EM.print | [AUG][online][epoch=20][iter=0] done name=random_permute_features shape=(1140, 1140)
2025-10-19 10:48:42 | INFO | EM.print | [ONLINE-AUG] mode=online name=random_permute_features noise_std=0.02 mask_rate=0.2 base_seed=0
2025-10-19 10:48:42 | INFO | EM.print | epoch: 20/ iteration: 1/ loss_train: 3.5355778 | task_loss:0.1491 cont_loss:6.8880 adv_loss:0.0052
2025-10-19 10:48:45 | INFO | EM.print | epoch: 20/ iteration: 101/ loss_train: 3.681268 | task_loss:0.3489 cont_loss:6.9395 adv_loss:0.0054
2025-10-19 10:48:45 | INFO | EM.print | epoch: 0020 loss_train: 3.5459 task_loss: 0.1375 cont_loss: 6.9243 adv_loss: 0.0030 auroc_train: 0.9626 auprc_train: 0.9624 precision_train: 0.8811 recall_train: 0.8951 f1_train: 0.8881 cm_train: (tn=1884, fp=259, fn=225, tp=1920)
2025-10-19 10:48:45 | INFO | EM.print | -------- Epoch 21 --------
2025-10-19 10:48:45 | INFO | EM.print | [AUG][online][epoch=21][iter=0] start name=random_permute_features noise_std=0.02 mask_rate=0.2 seed=20000
2025-10-19 10:48:45 | INFO | EM.print | [AUG][online][epoch=21][iter=0] done name=random_permute_features shape=(1140, 1140)
2025-10-19 10:48:45 | INFO | EM.print | [ONLINE-AUG] mode=online name=random_permute_features noise_std=0.02 mask_rate=0.2 base_seed=0
2025-10-19 10:48:46 | INFO | EM.print | epoch: 21/ iteration: 1/ loss_train: 3.5236158 | task_loss:0.1187 cont_loss:6.9021 adv_loss:0.0035
2025-10-19 10:48:48 | INFO | EM.print | epoch: 21/ iteration: 101/ loss_train: 3.5873525 | task_loss:0.2278 cont_loss:6.8931 adv_loss:0.0103
2025-10-19 10:48:49 | INFO | EM.print | epoch: 0021 loss_train: 3.5827 task_loss: 0.2456 cont_loss: 6.8657 adv_loss: 0.0062 auroc_train: 0.9640 auprc_train: 0.9635 precision_train: 0.8853 recall_train: 0.8997 f1_train: 0.8924 cm_train: (tn=1894, fp=250, fn=215, tp=1929)
2025-10-19 10:48:49 | INFO | EM.print | -------- Epoch 22 --------
2025-10-19 10:48:49 | INFO | EM.print | [AUG][online][epoch=22][iter=0] start name=random_permute_features noise_std=0.02 mask_rate=0.2 seed=21000
2025-10-19 10:48:49 | INFO | EM.print | [AUG][online][epoch=22][iter=0] done name=random_permute_features shape=(1140, 1140)
2025-10-19 10:48:49 | INFO | EM.print | [ONLINE-AUG] mode=online name=random_permute_features noise_std=0.02 mask_rate=0.2 base_seed=0
2025-10-19 10:48:49 | INFO | EM.print | epoch: 22/ iteration: 1/ loss_train: 3.6177232 | task_loss:0.2450 cont_loss:6.9342 adv_loss:0.0089
2025-10-19 10:48:51 | INFO | EM.print | epoch: 22/ iteration: 101/ loss_train: 3.5942388 | task_loss:0.2555 cont_loss:6.8779 adv_loss:0.0050
2025-10-19 10:48:52 | INFO | EM.print | epoch: 0022 loss_train: 3.5845 task_loss: 0.2378 cont_loss: 6.8768 adv_loss: 0.0085 auroc_train: 0.9637 auprc_train: 0.9618 precision_train: 0.8902 recall_train: 0.8965 f1_train: 0.8933 cm_train: (tn=1907, fp=237, fn=222, tp=1922)
2025-10-19 10:48:52 | INFO | EM.print | -------- Epoch 23 --------
2025-10-19 10:48:52 | INFO | EM.print | [AUG][online][epoch=23][iter=0] start name=random_permute_features noise_std=0.02 mask_rate=0.2 seed=22000
2025-10-19 10:48:52 | INFO | EM.print | [AUG][online][epoch=23][iter=0] done name=random_permute_features shape=(1140, 1140)
2025-10-19 10:48:52 | INFO | EM.print | [ONLINE-AUG] mode=online name=random_permute_features noise_std=0.02 mask_rate=0.2 base_seed=0
2025-10-19 10:48:52 | INFO | EM.print | epoch: 23/ iteration: 1/ loss_train: 3.5137794 | task_loss:0.1366 cont_loss:6.8592 adv_loss:0.0055
2025-10-19 10:48:55 | INFO | EM.print | epoch: 23/ iteration: 101/ loss_train: 3.558972 | task_loss:0.1464 cont_loss:6.9350 adv_loss:0.0091
2025-10-19 10:48:56 | INFO | EM.print | epoch: 0023 loss_train: 3.6428 task_loss: 0.2906 cont_loss: 6.9291 adv_loss: 0.0098 auroc_train: 0.9668 auprc_train: 0.9659 precision_train: 0.8917 recall_train: 0.9067 f1_train: 0.8992 cm_train: (tn=1908, fp=236, fn=200, tp=1944)
2025-10-19 10:48:56 | INFO | EM.print | -------- Epoch 24 --------
2025-10-19 10:48:56 | INFO | EM.print | [AUG][online][epoch=24][iter=0] start name=random_permute_features noise_std=0.02 mask_rate=0.2 seed=23000
2025-10-19 10:48:56 | INFO | EM.print | [AUG][online][epoch=24][iter=0] done name=random_permute_features shape=(1140, 1140)
2025-10-19 10:48:56 | INFO | EM.print | [ONLINE-AUG] mode=online name=random_permute_features noise_std=0.02 mask_rate=0.2 base_seed=0
2025-10-19 10:48:56 | INFO | EM.print | epoch: 24/ iteration: 1/ loss_train: 3.5993235 | task_loss:0.2572 cont_loss:6.8853 adv_loss:0.0058
2025-10-19 10:48:58 | INFO | EM.print | epoch: 24/ iteration: 101/ loss_train: 3.5571613 | task_loss:0.1662 cont_loss:6.9097 adv_loss:0.0066
2025-10-19 10:48:59 | INFO | EM.print | epoch: 0024 loss_train: 3.5299 task_loss: 0.1632 cont_loss: 6.8615 adv_loss: 0.0031 auroc_train: 0.9651 auprc_train: 0.9637 precision_train: 0.8916 recall_train: 0.9058 f1_train: 0.8987 cm_train: (tn=1908, fp=236, fn=202, tp=1942)
2025-10-19 10:48:59 | INFO | EM.print | -------- Epoch 25 --------
2025-10-19 10:48:59 | INFO | EM.print | [AUG][online][epoch=25][iter=0] start name=random_permute_features noise_std=0.02 mask_rate=0.2 seed=24000
2025-10-19 10:48:59 | INFO | EM.print | [AUG][online][epoch=25][iter=0] done name=random_permute_features shape=(1140, 1140)
2025-10-19 10:48:59 | INFO | EM.print | [ONLINE-AUG] mode=online name=random_permute_features noise_std=0.02 mask_rate=0.2 base_seed=0
2025-10-19 10:48:59 | INFO | EM.print | epoch: 25/ iteration: 1/ loss_train: 3.5566032 | task_loss:0.1814 cont_loss:6.8920 adv_loss:0.0043
2025-10-19 10:49:02 | INFO | EM.print | epoch: 25/ iteration: 101/ loss_train: 3.579387 | task_loss:0.2239 cont_loss:6.8847 adv_loss:0.0067
2025-10-19 10:49:02 | INFO | EM.print | epoch: 0025 loss_train: 3.5563 task_loss: 0.1840 cont_loss: 6.8875 adv_loss: 0.0054 auroc_train: 0.9656 auprc_train: 0.9642 precision_train: 0.8931 recall_train: 0.8960 f1_train: 0.8946 cm_train: (tn=1913, fp=230, fn=223, tp=1922)
2025-10-19 10:49:02 | INFO | EM.print | -------- Epoch 26 --------
2025-10-19 10:49:02 | INFO | EM.print | [AUG][online][epoch=26][iter=0] start name=random_permute_features noise_std=0.02 mask_rate=0.2 seed=25000
2025-10-19 10:49:02 | INFO | EM.print | [AUG][online][epoch=26][iter=0] done name=random_permute_features shape=(1140, 1140)
2025-10-19 10:49:02 | INFO | EM.print | [ONLINE-AUG] mode=online name=random_permute_features noise_std=0.02 mask_rate=0.2 base_seed=0
2025-10-19 10:49:02 | INFO | EM.print | epoch: 26/ iteration: 1/ loss_train: 3.6207078 | task_loss:0.3032 cont_loss:6.8743 adv_loss:0.0042
2025-10-19 10:49:05 | INFO | EM.print | epoch: 26/ iteration: 101/ loss_train: 3.5766463 | task_loss:0.2293 cont_loss:6.8705 adv_loss:0.0096
2025-10-19 10:49:06 | INFO | EM.print | epoch: 0026 loss_train: 3.7329 task_loss: 0.4591 cont_loss: 6.9108 adv_loss: 0.0051 auroc_train: 0.9667 auprc_train: 0.9658 precision_train: 0.8842 recall_train: 0.9044 f1_train: 0.8942 cm_train: (tn=1890, fp=254, fn=205, tp=1939)
2025-10-19 10:49:06 | INFO | EM.print | -------- Epoch 27 --------
2025-10-19 10:49:06 | INFO | EM.print | [AUG][online][epoch=27][iter=0] start name=random_permute_features noise_std=0.02 mask_rate=0.2 seed=26000
2025-10-19 10:49:06 | INFO | EM.print | [AUG][online][epoch=27][iter=0] done name=random_permute_features shape=(1140, 1140)
2025-10-19 10:49:06 | INFO | EM.print | [ONLINE-AUG] mode=online name=random_permute_features noise_std=0.02 mask_rate=0.2 base_seed=0
2025-10-19 10:49:06 | INFO | EM.print | epoch: 27/ iteration: 1/ loss_train: 3.5660982 | task_loss:0.1956 cont_loss:6.8934 adv_loss:0.0050
2025-10-19 10:49:08 | INFO | EM.print | epoch: 27/ iteration: 101/ loss_train: 3.523116 | task_loss:0.1586 cont_loss:6.8481 adv_loss:0.0098
2025-10-19 10:49:09 | INFO | EM.print | epoch: 0027 loss_train: 3.5961 task_loss: 0.2249 cont_loss: 6.9180 adv_loss: 0.0054 auroc_train: 0.9678 auprc_train: 0.9668 precision_train: 0.8943 recall_train: 0.9052 f1_train: 0.8997 cm_train: (tn=1918, fp=229, fn=203, tp=1938)
2025-10-19 10:49:09 | INFO | EM.print | -------- Epoch 28 --------
2025-10-19 10:49:09 | INFO | EM.print | [AUG][online][epoch=28][iter=0] start name=random_permute_features noise_std=0.02 mask_rate=0.2 seed=27000
2025-10-19 10:49:09 | INFO | EM.print | [AUG][online][epoch=28][iter=0] done name=random_permute_features shape=(1140, 1140)
2025-10-19 10:49:09 | INFO | EM.print | [ONLINE-AUG] mode=online name=random_permute_features noise_std=0.02 mask_rate=0.2 base_seed=0
2025-10-19 10:49:09 | INFO | EM.print | epoch: 28/ iteration: 1/ loss_train: 3.5540028 | task_loss:0.1863 cont_loss:6.8809 adv_loss:0.0044
2025-10-19 10:49:12 | INFO | EM.print | epoch: 28/ iteration: 101/ loss_train: 3.6760488 | task_loss:0.4198 cont_loss:6.8417 adv_loss:0.0084
2025-10-19 10:49:13 | INFO | EM.print | epoch: 0028 loss_train: 3.6040 task_loss: 0.2696 cont_loss: 6.8805 adv_loss: 0.0052 auroc_train: 0.9692 auprc_train: 0.9679 precision_train: 0.8969 recall_train: 0.9141 f1_train: 0.9054 cm_train: (tn=1921, fp=225, fn=184, tp=1958)
2025-10-19 10:49:13 | INFO | EM.print | -------- Epoch 29 --------
2025-10-19 10:49:13 | INFO | EM.print | [AUG][online][epoch=29][iter=0] start name=random_permute_features noise_std=0.02 mask_rate=0.2 seed=28000
2025-10-19 10:49:13 | INFO | EM.print | [AUG][online][epoch=29][iter=0] done name=random_permute_features shape=(1140, 1140)
2025-10-19 10:49:13 | INFO | EM.print | [ONLINE-AUG] mode=online name=random_permute_features noise_std=0.02 mask_rate=0.2 base_seed=0
2025-10-19 10:49:13 | INFO | EM.print | epoch: 29/ iteration: 1/ loss_train: 3.5556226 | task_loss:0.1772 cont_loss:6.8937 adv_loss:0.0060
2025-10-19 10:49:15 | INFO | EM.print | epoch: 29/ iteration: 101/ loss_train: 3.6070232 | task_loss:0.2672 cont_loss:6.8900 adv_loss:0.0042
2025-10-19 10:49:16 | INFO | EM.print | epoch: 0029 loss_train: 3.6204 task_loss: 0.3051 cont_loss: 6.8671 adv_loss: 0.0094 auroc_train: 0.9697 auprc_train: 0.9685 precision_train: 0.8971 recall_train: 0.9105 f1_train: 0.9037 cm_train: (tn=1919, fp=224, fn=192, tp=1953)
2025-10-19 10:49:16 | INFO | EM.print | -------- Epoch 30 --------
2025-10-19 10:49:16 | INFO | EM.print | [AUG][online][epoch=30][iter=0] start name=random_permute_features noise_std=0.02 mask_rate=0.2 seed=29000
2025-10-19 10:49:16 | INFO | EM.print | [AUG][online][epoch=30][iter=0] done name=random_permute_features shape=(1140, 1140)
2025-10-19 10:49:16 | INFO | EM.print | [ONLINE-AUG] mode=online name=random_permute_features noise_std=0.02 mask_rate=0.2 base_seed=0
2025-10-19 10:49:16 | INFO | EM.print | epoch: 30/ iteration: 1/ loss_train: 3.5202994 | task_loss:0.1382 cont_loss:6.8728 adv_loss:0.0025
2025-10-19 10:49:19 | INFO | EM.print | epoch: 30/ iteration: 101/ loss_train: 3.5489836 | task_loss:0.1541 cont_loss:6.9098 adv_loss:0.0041
2025-10-19 10:49:20 | INFO | EM.print | epoch: 0030 loss_train: 3.5595 task_loss: 0.2102 cont_loss: 6.8643 adv_loss: 0.0031 auroc_train: 0.9714 auprc_train: 0.9705 precision_train: 0.9017 recall_train: 0.9151 f1_train: 0.9083 cm_train: (tn=1930, fp=214, fn=182, tp=1962)
2025-10-19 10:49:20 | INFO | EM.print | -------- Epoch 31 --------
2025-10-19 10:49:20 | INFO | EM.print | [AUG][online][epoch=31][iter=0] start name=random_permute_features noise_std=0.02 mask_rate=0.2 seed=30000
2025-10-19 10:49:20 | INFO | EM.print | [AUG][online][epoch=31][iter=0] done name=random_permute_features shape=(1140, 1140)
2025-10-19 10:49:20 | INFO | EM.print | [ONLINE-AUG] mode=online name=random_permute_features noise_std=0.02 mask_rate=0.2 base_seed=0
2025-10-19 10:49:20 | INFO | EM.print | epoch: 31/ iteration: 1/ loss_train: 3.5520082 | task_loss:0.1884 cont_loss:6.8757 adv_loss:0.0028
2025-10-19 10:49:22 | INFO | EM.print | epoch: 31/ iteration: 101/ loss_train: 3.6567438 | task_loss:0.3411 cont_loss:6.9013 adv_loss:0.0035
2025-10-19 10:49:23 | INFO | EM.print | epoch: 0031 loss_train: 3.4484 task_loss: 0.0407 cont_loss: 6.8444 adv_loss: 0.0044 auroc_train: 0.9725 auprc_train: 0.9716 precision_train: 0.9084 recall_train: 0.9216 f1_train: 0.9149 cm_train: (tn=1947, fp=199, fn=168, tp=1974)
2025-10-19 10:49:23 | INFO | EM.print | -------- Epoch 32 --------
2025-10-19 10:49:23 | INFO | EM.print | [AUG][online][epoch=32][iter=0] start name=random_permute_features noise_std=0.02 mask_rate=0.2 seed=31000
2025-10-19 10:49:23 | INFO | EM.print | [AUG][online][epoch=32][iter=0] done name=random_permute_features shape=(1140, 1140)
2025-10-19 10:49:23 | INFO | EM.print | [ONLINE-AUG] mode=online name=random_permute_features noise_std=0.02 mask_rate=0.2 base_seed=0
2025-10-19 10:49:23 | INFO | EM.print | epoch: 32/ iteration: 1/ loss_train: 3.6884117 | task_loss:0.3713 cont_loss:6.9280 adv_loss:0.0040
2025-10-19 10:49:26 | INFO | EM.print | epoch: 32/ iteration: 101/ loss_train: 3.6098843 | task_loss:0.2737 cont_loss:6.8885 adv_loss:0.0036
2025-10-19 10:49:27 | INFO | EM.print | epoch: 0032 loss_train: 3.4769 task_loss: 0.0598 cont_loss: 6.8786 adv_loss: 0.0042 auroc_train: 0.9724 auprc_train: 0.9717 precision_train: 0.8974 recall_train: 0.9104 f1_train: 0.9039 cm_train: (tn=1922, fp=223, fn=192, tp=1951)
2025-10-19 10:49:27 | INFO | EM.print | -------- Epoch 33 --------
2025-10-19 10:49:27 | INFO | EM.print | [AUG][online][epoch=33][iter=0] start name=random_permute_features noise_std=0.02 mask_rate=0.2 seed=32000
2025-10-19 10:49:27 | INFO | EM.print | [AUG][online][epoch=33][iter=0] done name=random_permute_features shape=(1140, 1140)
2025-10-19 10:49:27 | INFO | EM.print | [ONLINE-AUG] mode=online name=random_permute_features noise_std=0.02 mask_rate=0.2 base_seed=0
2025-10-19 10:49:27 | INFO | EM.print | epoch: 33/ iteration: 1/ loss_train: 3.5889485 | task_loss:0.2347 cont_loss:6.8921 adv_loss:0.0051
2025-10-19 10:49:29 | INFO | EM.print | epoch: 33/ iteration: 101/ loss_train: 3.5419018 | task_loss:0.1909 cont_loss:6.8522 adv_loss:0.0031
2025-10-19 10:49:30 | INFO | EM.print | epoch: 0033 loss_train: 3.5758 task_loss: 0.2428 cont_loss: 6.8557 adv_loss: 0.0056 auroc_train: 0.9735 auprc_train: 0.9715 precision_train: 0.9029 recall_train: 0.9198 f1_train: 0.9113 cm_train: (tn=1932, fp=212, fn=172, tp=1972)
2025-10-19 10:49:30 | INFO | EM.print | -------- Epoch 34 --------
2025-10-19 10:49:30 | INFO | EM.print | [AUG][online][epoch=34][iter=0] start name=random_permute_features noise_std=0.02 mask_rate=0.2 seed=33000
2025-10-19 10:49:30 | INFO | EM.print | [AUG][online][epoch=34][iter=0] done name=random_permute_features shape=(1140, 1140)
2025-10-19 10:49:30 | INFO | EM.print | [ONLINE-AUG] mode=online name=random_permute_features noise_std=0.02 mask_rate=0.2 base_seed=0
2025-10-19 10:49:30 | INFO | EM.print | epoch: 34/ iteration: 1/ loss_train: 3.5895627 | task_loss:0.2630 cont_loss:6.8615 adv_loss:0.0026
2025-10-19 10:49:33 | INFO | EM.print | epoch: 34/ iteration: 101/ loss_train: 3.5509992 | task_loss:0.1697 cont_loss:6.8961 adv_loss:0.0028
2025-10-19 10:49:34 | INFO | EM.print | epoch: 0034 loss_train: 3.6771 task_loss: 0.3424 cont_loss: 6.9399 adv_loss: 0.0042 auroc_train: 0.9731 auprc_train: 0.9719 precision_train: 0.8999 recall_train: 0.9179 f1_train: 0.9088 cm_train: (tn=1924, fp=219, fn=176, tp=1969)
2025-10-19 10:49:34 | INFO | EM.print | -------- Epoch 35 --------
2025-10-19 10:49:34 | INFO | EM.print | [AUG][online][epoch=35][iter=0] start name=random_permute_features noise_std=0.02 mask_rate=0.2 seed=34000
2025-10-19 10:49:34 | INFO | EM.print | [AUG][online][epoch=35][iter=0] done name=random_permute_features shape=(1140, 1140)
2025-10-19 10:49:34 | INFO | EM.print | [ONLINE-AUG] mode=online name=random_permute_features noise_std=0.02 mask_rate=0.2 base_seed=0
2025-10-19 10:49:34 | INFO | EM.print | epoch: 35/ iteration: 1/ loss_train: 3.591751 | task_loss:0.2585 cont_loss:6.8691 adv_loss:0.0053
2025-10-19 10:49:36 | INFO | EM.print | epoch: 35/ iteration: 101/ loss_train: 3.5307262 | task_loss:0.1642 cont_loss:6.8613 adv_loss:0.0039
2025-10-19 10:49:37 | INFO | EM.print | epoch: 0035 loss_train: 3.5888 task_loss: 0.2346 cont_loss: 6.8938 adv_loss: 0.0029 auroc_train: 0.9750 auprc_train: 0.9741 precision_train: 0.9073 recall_train: 0.9226 f1_train: 0.9149 cm_train: (tn=1942, fp=202, fn=166, tp=1978)
2025-10-19 10:49:37 | INFO | EM.print | -------- Epoch 36 --------
2025-10-19 10:49:37 | INFO | EM.print | [AUG][online][epoch=36][iter=0] start name=random_permute_features noise_std=0.02 mask_rate=0.2 seed=35000
2025-10-19 10:49:37 | INFO | EM.print | [AUG][online][epoch=36][iter=0] done name=random_permute_features shape=(1140, 1140)
2025-10-19 10:49:37 | INFO | EM.print | [ONLINE-AUG] mode=online name=random_permute_features noise_std=0.02 mask_rate=0.2 base_seed=0
2025-10-19 10:49:37 | INFO | EM.print | epoch: 36/ iteration: 1/ loss_train: 3.5373433 | task_loss:0.1384 cont_loss:6.9061 adv_loss:0.0032
2025-10-19 10:49:40 | INFO | EM.print | epoch: 36/ iteration: 101/ loss_train: 3.5899231 | task_loss:0.2460 cont_loss:6.8825 adv_loss:0.0026
2025-10-19 10:49:40 | INFO | EM.print | epoch: 0036 loss_train: 3.5557 task_loss: 0.1921 cont_loss: 6.8784 adv_loss: 0.0032 auroc_train: 0.9739 auprc_train: 0.9728 precision_train: 0.9040 recall_train: 0.9179 f1_train: 0.9109 cm_train: (tn=1935, fp=209, fn=176, tp=1968)
2025-10-19 10:49:40 | INFO | EM.print | -------- Epoch 37 --------
2025-10-19 10:49:40 | INFO | EM.print | [AUG][online][epoch=37][iter=0] start name=random_permute_features noise_std=0.02 mask_rate=0.2 seed=36000
2025-10-19 10:49:40 | INFO | EM.print | [AUG][online][epoch=37][iter=0] done name=random_permute_features shape=(1140, 1140)
2025-10-19 10:49:40 | INFO | EM.print | [ONLINE-AUG] mode=online name=random_permute_features noise_std=0.02 mask_rate=0.2 base_seed=0
2025-10-19 10:49:40 | INFO | EM.print | epoch: 37/ iteration: 1/ loss_train: 3.5713897 | task_loss:0.2133 cont_loss:6.8838 adv_loss:0.0037
2025-10-19 10:49:43 | INFO | EM.print | epoch: 37/ iteration: 101/ loss_train: 3.629278 | task_loss:0.2865 cont_loss:6.9080 adv_loss:0.0084
2025-10-19 10:49:44 | INFO | EM.print | epoch: 0037 loss_train: 3.5380 task_loss: 0.1390 cont_loss: 6.9071 adv_loss: 0.0027 auroc_train: 0.9744 auprc_train: 0.9737 precision_train: 0.9037 recall_train: 0.9226 f1_train: 0.9130 cm_train: (tn=1932, fp=211, fn=166, tp=1979)
2025-10-19 10:49:44 | INFO | EM.print | -------- Epoch 38 --------
2025-10-19 10:49:44 | INFO | EM.print | [AUG][online][epoch=38][iter=0] start name=random_permute_features noise_std=0.02 mask_rate=0.2 seed=37000
2025-10-19 10:49:44 | INFO | EM.print | [AUG][online][epoch=38][iter=0] done name=random_permute_features shape=(1140, 1140)
2025-10-19 10:49:44 | INFO | EM.print | [ONLINE-AUG] mode=online name=random_permute_features noise_std=0.02 mask_rate=0.2 base_seed=0
2025-10-19 10:49:44 | INFO | EM.print | epoch: 38/ iteration: 1/ loss_train: 3.4788241 | task_loss:0.0884 cont_loss:6.8496 adv_loss:0.0025
2025-10-19 10:49:47 | INFO | EM.print | epoch: 38/ iteration: 101/ loss_train: 3.7426834 | task_loss:0.4844 cont_loss:6.9012 adv_loss:0.0036
2025-10-19 10:49:47 | INFO | EM.print | epoch: 0038 loss_train: 3.6579 task_loss: 0.3231 cont_loss: 6.9254 adv_loss: 0.0033 auroc_train: 0.9771 auprc_train: 0.9761 precision_train: 0.9106 recall_train: 0.9310 f1_train: 0.9207 cm_train: (tn=1948, fp=196, fn=148, tp=1996)
2025-10-19 10:49:47 | INFO | EM.print | -------- Epoch 39 --------
2025-10-19 10:49:47 | INFO | EM.print | [AUG][online][epoch=39][iter=0] start name=random_permute_features noise_std=0.02 mask_rate=0.2 seed=38000
2025-10-19 10:49:47 | INFO | EM.print | [AUG][online][epoch=39][iter=0] done name=random_permute_features shape=(1140, 1140)
2025-10-19 10:49:47 | INFO | EM.print | [ONLINE-AUG] mode=online name=random_permute_features noise_std=0.02 mask_rate=0.2 base_seed=0
2025-10-19 10:49:47 | INFO | EM.print | epoch: 39/ iteration: 1/ loss_train: 3.5045903 | task_loss:0.1074 cont_loss:6.8775 adv_loss:0.0035
2025-10-19 10:49:50 | INFO | EM.print | epoch: 39/ iteration: 101/ loss_train: 3.5380683 | task_loss:0.1284 cont_loss:6.9200 adv_loss:0.0026
2025-10-19 10:49:51 | INFO | EM.print | epoch: 0039 loss_train: 3.5074 task_loss: 0.0822 cont_loss: 6.9145 adv_loss: 0.0020 auroc_train: 0.9746 auprc_train: 0.9731 precision_train: 0.9026 recall_train: 0.9202 f1_train: 0.9113 cm_train: (tn=1931, fp=213, fn=171, tp=1973)
2025-10-19 10:49:51 | INFO | EM.print | -------- Epoch 40 --------
2025-10-19 10:49:51 | INFO | EM.print | [AUG][online][epoch=40][iter=0] start name=random_permute_features noise_std=0.02 mask_rate=0.2 seed=39000
2025-10-19 10:49:51 | INFO | EM.print | [AUG][online][epoch=40][iter=0] done name=random_permute_features shape=(1140, 1140)
2025-10-19 10:49:51 | INFO | EM.print | [ONLINE-AUG] mode=online name=random_permute_features noise_std=0.02 mask_rate=0.2 base_seed=0
2025-10-19 10:49:51 | INFO | EM.print | epoch: 40/ iteration: 1/ loss_train: 3.4974334 | task_loss:0.1427 cont_loss:6.8213 adv_loss:0.0029
2025-10-19 10:49:53 | INFO | EM.print | epoch: 40/ iteration: 101/ loss_train: 3.6529396 | task_loss:0.3978 cont_loss:6.8252 adv_loss:0.0041
2025-10-19 10:49:54 | INFO | EM.print | epoch: 0040 loss_train: 3.6683 task_loss: 0.3921 cont_loss: 6.8633 adv_loss: 0.0035 auroc_train: 0.9778 auprc_train: 0.9763 precision_train: 0.9155 recall_train: 0.9305 f1_train: 0.9229 cm_train: (tn=1961, fp=184, fn=149, tp=1994)
2025-10-19 10:49:54 | INFO | EM.print | -------- Epoch 41 --------
2025-10-19 10:49:54 | INFO | EM.print | [AUG][online][epoch=41][iter=0] start name=random_permute_features noise_std=0.02 mask_rate=0.2 seed=40000
2025-10-19 10:49:54 | INFO | EM.print | [AUG][online][epoch=41][iter=0] done name=random_permute_features shape=(1140, 1140)
2025-10-19 10:49:54 | INFO | EM.print | [ONLINE-AUG] mode=online name=random_permute_features noise_std=0.02 mask_rate=0.2 base_seed=0
2025-10-19 10:49:54 | INFO | EM.print | epoch: 41/ iteration: 1/ loss_train: 3.5403247 | task_loss:0.1406 cont_loss:6.9089 adv_loss:0.0037
2025-10-19 10:49:57 | INFO | EM.print | epoch: 41/ iteration: 101/ loss_train: 3.553689 | task_loss:0.2140 cont_loss:6.8487 adv_loss:0.0022
2025-10-19 10:49:58 | INFO | EM.print | epoch: 0041 loss_train: 3.5054 task_loss: 0.1045 cont_loss: 6.8826 adv_loss: 0.0034 auroc_train: 0.9776 auprc_train: 0.9762 precision_train: 0.9090 recall_train: 0.9352 f1_train: 0.9219 cm_train: (tn=1941, fp=201, fn=139, tp=2007)
2025-10-19 10:49:58 | INFO | EM.print | -------- Epoch 42 --------
2025-10-19 10:49:58 | INFO | EM.print | [AUG][online][epoch=42][iter=0] start name=random_permute_features noise_std=0.02 mask_rate=0.2 seed=41000
2025-10-19 10:49:58 | INFO | EM.print | [AUG][online][epoch=42][iter=0] done name=random_permute_features shape=(1140, 1140)
2025-10-19 10:49:58 | INFO | EM.print | [ONLINE-AUG] mode=online name=random_permute_features noise_std=0.02 mask_rate=0.2 base_seed=0
2025-10-19 10:49:58 | INFO | EM.print | epoch: 42/ iteration: 1/ loss_train: 3.6117177 | task_loss:0.3049 cont_loss:6.8552 adv_loss:0.0030
2025-10-19 10:50:00 | INFO | EM.print | epoch: 42/ iteration: 101/ loss_train: 3.5347116 | task_loss:0.2125 cont_loss:6.8126 adv_loss:0.0023
2025-10-19 10:50:01 | INFO | EM.print | epoch: 0042 loss_train: 3.5279 task_loss: 0.1143 cont_loss: 6.9168 adv_loss: 0.0022 auroc_train: 0.9772 auprc_train: 0.9758 precision_train: 0.9095 recall_train: 0.9277 f1_train: 0.9185 cm_train: (tn=1946, fp=198, fn=155, tp=1989)
2025-10-19 10:50:01 | INFO | EM.print | -------- Epoch 43 --------
2025-10-19 10:50:01 | INFO | EM.print | [AUG][online][epoch=43][iter=0] start name=random_permute_features noise_std=0.02 mask_rate=0.2 seed=42000
2025-10-19 10:50:01 | INFO | EM.print | [AUG][online][epoch=43][iter=0] done name=random_permute_features shape=(1140, 1140)
2025-10-19 10:50:01 | INFO | EM.print | [ONLINE-AUG] mode=online name=random_permute_features noise_std=0.02 mask_rate=0.2 base_seed=0
2025-10-19 10:50:01 | INFO | EM.print | epoch: 43/ iteration: 1/ loss_train: 3.5509713 | task_loss:0.1905 cont_loss:6.8718 adv_loss:0.0018
2025-10-19 10:50:03 | INFO | EM.print | epoch: 43/ iteration: 101/ loss_train: 3.5831919 | task_loss:0.2469 cont_loss:6.8679 adv_loss:0.0029
2025-10-19 10:50:04 | INFO | EM.print | epoch: 0043 loss_train: 3.4386 task_loss: 0.0355 cont_loss: 6.8324 adv_loss: 0.0028 auroc_train: 0.9793 auprc_train: 0.9782 precision_train: 0.9121 recall_train: 0.9393 f1_train: 0.9255 cm_train: (tn=1951, fp=194, fn=130, tp=2013)
2025-10-19 10:50:04 | INFO | EM.print | -------- Epoch 44 --------
2025-10-19 10:50:04 | INFO | EM.print | [AUG][online][epoch=44][iter=0] start name=random_permute_features noise_std=0.02 mask_rate=0.2 seed=43000
2025-10-19 10:50:04 | INFO | EM.print | [AUG][online][epoch=44][iter=0] done name=random_permute_features shape=(1140, 1140)
2025-10-19 10:50:04 | INFO | EM.print | [ONLINE-AUG] mode=online name=random_permute_features noise_std=0.02 mask_rate=0.2 base_seed=0
2025-10-19 10:50:04 | INFO | EM.print | epoch: 44/ iteration: 1/ loss_train: 3.5250664 | task_loss:0.1359 cont_loss:6.8851 adv_loss:0.0024
2025-10-19 10:50:07 | INFO | EM.print | epoch: 44/ iteration: 101/ loss_train: 3.5120711 | task_loss:0.1412 cont_loss:6.8520 adv_loss:0.0035
2025-10-19 10:50:08 | INFO | EM.print | epoch: 0044 loss_train: 3.5417 task_loss: 0.1000 cont_loss: 6.9618 adv_loss: 0.0019 auroc_train: 0.9792 auprc_train: 0.9781 precision_train: 0.9182 recall_train: 0.9315 f1_train: 0.9248 cm_train: (tn=1965, fp=178, fn=147, tp=1998)
2025-10-19 10:50:08 | INFO | EM.print | -------- Epoch 45 --------
2025-10-19 10:50:08 | INFO | EM.print | [AUG][online][epoch=45][iter=0] start name=random_permute_features noise_std=0.02 mask_rate=0.2 seed=44000
2025-10-19 10:50:08 | INFO | EM.print | [AUG][online][epoch=45][iter=0] done name=random_permute_features shape=(1140, 1140)
2025-10-19 10:50:08 | INFO | EM.print | [ONLINE-AUG] mode=online name=random_permute_features noise_std=0.02 mask_rate=0.2 base_seed=0
2025-10-19 10:50:08 | INFO | EM.print | epoch: 45/ iteration: 1/ loss_train: 3.595988 | task_loss:0.2816 cont_loss:6.8525 adv_loss:0.0020
2025-10-19 10:50:10 | INFO | EM.print | epoch: 45/ iteration: 101/ loss_train: 3.549062 | task_loss:0.1512 cont_loss:6.9148 adv_loss:0.0024
2025-10-19 10:50:11 | INFO | EM.print | epoch: 0045 loss_train: 3.5788 task_loss: 0.2153 cont_loss: 6.8969 adv_loss: 0.0029 auroc_train: 0.9788 auprc_train: 0.9780 precision_train: 0.9080 recall_train: 0.9300 f1_train: 0.9189 cm_train: (tn=1942, fp=202, fn=150, tp=1994)
2025-10-19 10:50:11 | INFO | EM.print | -------- Epoch 46 --------
2025-10-19 10:50:11 | INFO | EM.print | [AUG][online][epoch=46][iter=0] start name=random_permute_features noise_std=0.02 mask_rate=0.2 seed=45000
2025-10-19 10:50:11 | INFO | EM.print | [AUG][online][epoch=46][iter=0] done name=random_permute_features shape=(1140, 1140)
2025-10-19 10:50:11 | INFO | EM.print | [ONLINE-AUG] mode=online name=random_permute_features noise_std=0.02 mask_rate=0.2 base_seed=0
2025-10-19 10:50:11 | INFO | EM.print | epoch: 46/ iteration: 1/ loss_train: 3.5340402 | task_loss:0.1912 cont_loss:6.8370 adv_loss:0.0020
2025-10-19 10:50:14 | INFO | EM.print | epoch: 46/ iteration: 101/ loss_train: 3.5671573 | task_loss:0.1823 cont_loss:6.9138 adv_loss:0.0022
2025-10-19 10:50:15 | INFO | EM.print | epoch: 0046 loss_train: 3.5489 task_loss: 0.1600 cont_loss: 6.9042 adv_loss: 0.0020 auroc_train: 0.9798 auprc_train: 0.9792 precision_train: 0.9095 recall_train: 0.9320 f1_train: 0.9206 cm_train: (tn=1943, fp=199, fn=146, tp=2000)
2025-10-19 10:50:15 | INFO | EM.print | -------- Epoch 47 --------
2025-10-19 10:50:15 | INFO | EM.print | [AUG][online][epoch=47][iter=0] start name=random_permute_features noise_std=0.02 mask_rate=0.2 seed=46000
2025-10-19 10:50:15 | INFO | EM.print | [AUG][online][epoch=47][iter=0] done name=random_permute_features shape=(1140, 1140)
2025-10-19 10:50:15 | INFO | EM.print | [ONLINE-AUG] mode=online name=random_permute_features noise_std=0.02 mask_rate=0.2 base_seed=0
2025-10-19 10:50:15 | INFO | EM.print | epoch: 47/ iteration: 1/ loss_train: 3.5497987 | task_loss:0.1833 cont_loss:6.8775 adv_loss:0.0027
2025-10-19 10:50:17 | INFO | EM.print | epoch: 47/ iteration: 101/ loss_train: 3.4873827 | task_loss:0.0728 cont_loss:6.8859 adv_loss:0.0020
2025-10-19 10:50:18 | INFO | EM.print | epoch: 0047 loss_train: 3.5418 task_loss: 0.1217 cont_loss: 6.9361 adv_loss: 0.0020 auroc_train: 0.9806 auprc_train: 0.9796 precision_train: 0.9183 recall_train: 0.9328 f1_train: 0.9255 cm_train: (tn=1966, fp=178, fn=144, tp=2000)
2025-10-19 10:50:18 | INFO | EM.print | -------- Epoch 48 --------
2025-10-19 10:50:18 | INFO | EM.print | [AUG][online][epoch=48][iter=0] start name=random_permute_features noise_std=0.02 mask_rate=0.2 seed=47000
2025-10-19 10:50:18 | INFO | EM.print | [AUG][online][epoch=48][iter=0] done name=random_permute_features shape=(1140, 1140)
2025-10-19 10:50:18 | INFO | EM.print | [ONLINE-AUG] mode=online name=random_permute_features noise_std=0.02 mask_rate=0.2 base_seed=0
2025-10-19 10:50:18 | INFO | EM.print | epoch: 48/ iteration: 1/ loss_train: 3.4746299 | task_loss:0.0421 cont_loss:6.8974 adv_loss:0.0016
2025-10-19 10:50:21 | INFO | EM.print | epoch: 48/ iteration: 101/ loss_train: 3.6756592 | task_loss:0.4083 cont_loss:6.8579 adv_loss:0.0043
2025-10-19 10:50:22 | INFO | EM.print | epoch: 0048 loss_train: 3.5839 task_loss: 0.2505 cont_loss: 6.8651 adv_loss: 0.0026 auroc_train: 0.9805 auprc_train: 0.9794 precision_train: 0.9118 recall_train: 0.9390 f1_train: 0.9252 cm_train: (tn=1947, fp=195, fn=131, tp=2015)
2025-10-19 10:50:22 | INFO | EM.print | -------- Epoch 49 --------
2025-10-19 10:50:22 | INFO | EM.print | [AUG][online][epoch=49][iter=0] start name=random_permute_features noise_std=0.02 mask_rate=0.2 seed=48000
2025-10-19 10:50:22 | INFO | EM.print | [AUG][online][epoch=49][iter=0] done name=random_permute_features shape=(1140, 1140)
2025-10-19 10:50:22 | INFO | EM.print | [ONLINE-AUG] mode=online name=random_permute_features noise_std=0.02 mask_rate=0.2 base_seed=0
2025-10-19 10:50:22 | INFO | EM.print | epoch: 49/ iteration: 1/ loss_train: 3.522577 | task_loss:0.1403 cont_loss:6.8745 adv_loss:0.0029
2025-10-19 10:50:24 | INFO | EM.print | epoch: 49/ iteration: 101/ loss_train: 3.5094194 | task_loss:0.1267 cont_loss:6.8641 adv_loss:0.0034
2025-10-19 10:50:25 | INFO | EM.print | epoch: 0049 loss_train: 3.5173 task_loss: 0.1182 cont_loss: 6.8903 adv_loss: 0.0028 auroc_train: 0.9808 auprc_train: 0.9798 precision_train: 0.9170 recall_train: 0.9435 f1_train: 0.9301 cm_train: (tn=1962, fp=183, fn=121, tp=2022)
2025-10-19 10:50:25 | INFO | EM.print | -------- Epoch 50 --------
2025-10-19 10:50:25 | INFO | EM.print | [AUG][online][epoch=50][iter=0] start name=random_permute_features noise_std=0.02 mask_rate=0.2 seed=49000
2025-10-19 10:50:25 | INFO | EM.print | [AUG][online][epoch=50][iter=0] done name=random_permute_features shape=(1140, 1140)
2025-10-19 10:50:25 | INFO | EM.print | [ONLINE-AUG] mode=online name=random_permute_features noise_std=0.02 mask_rate=0.2 base_seed=0
2025-10-19 10:50:25 | INFO | EM.print | epoch: 50/ iteration: 1/ loss_train: 3.5343277 | task_loss:0.1978 cont_loss:6.8282 adv_loss:0.0039
2025-10-19 10:50:28 | INFO | EM.print | epoch: 50/ iteration: 101/ loss_train: 3.555459 | task_loss:0.2034 cont_loss:6.8648 adv_loss:0.0026
2025-10-19 10:50:29 | INFO | EM.print | epoch: 0050 loss_train: 3.5301 task_loss: 0.1857 cont_loss: 6.8346 adv_loss: 0.0034 auroc_train: 0.9808 auprc_train: 0.9800 precision_train: 0.9161 recall_train: 0.9366 f1_train: 0.9262 cm_train: (tn=1960, fp=184, fn=136, tp=2008)
2025-10-19 10:50:29 | INFO | EM.print | Optimization Finished!
2025-10-19 10:50:29 | INFO | EM.result.save | Saved result text: /root/OUTPUT/result/LMI_B_007_data_20251019_103520/metrics/train_epoch_metrics_fold_5_20251019_103520.csv.txt
2025-10-19 10:50:29 | INFO | EM.print | [SAVE] Per-epoch train metrics saved: train_epoch_metrics_fold_5_20251019_103520.csv
2025-10-19 10:50:29 | INFO | EM.print | loss_test: 3.5720 auroc_test: 0.9527 auprc_test: 0.9522 precision_test: 0.8897 recall_test: 0.8729 f1_test: 0.8812 cm_test: (tn=472, fp=57, fn=67, tp=460)
2025-10-19 10:50:29 | INFO | EM | Fold 5 completed.
2025-10-19 10:50:29 | INFO | EM | === 5-Fold Cross Validation Results ===
2025-10-19 10:50:29 | INFO | EM | AUROC: 0.9526 ± 0.0032
2025-10-19 10:50:29 | INFO | EM | AUPRC: 0.9503 ± 0.0061
2025-10-19 10:50:29 | INFO | EM | F1-Score: 0.8794 ± 0.0028
2025-10-19 10:50:29 | INFO | EM | Loss: 3.5926 ± 0.0622
2025-10-19 10:50:29 | INFO | EM.result.save | Saved result text: /root/OUTPUT/result/LMI_B_007_data_20251019_103520/result_summary_20251019_103520.txt
2025-10-19 10:50:29 | INFO | EM | Detailed Results:
2025-10-19 10:50:29 | INFO | EM | Fold 1: AUROC=0.9496, AUPRC=0.9429, F1=0.8817
2025-10-19 10:50:29 | INFO | EM | Fold 2: AUROC=0.9484, AUPRC=0.9431, F1=0.8821
2025-10-19 10:50:29 | INFO | EM | Fold 3: AUROC=0.9571, AUPRC=0.9566, F1=0.8765
2025-10-19 10:50:29 | INFO | EM | Fold 4: AUROC=0.9550, AUPRC=0.9565, F1=0.8755
2025-10-19 10:50:29 | INFO | EM | Fold 5: AUROC=0.9527, AUPRC=0.9522, F1=0.8812
2025-10-19 10:50:29 | INFO | EM.result.save | Saved result text: /root/OUTPUT/result/LMI_B_007_data_20251019_103520/per_fold_20251019_103520.txt
2025-10-19 10:50:29 | INFO | EM.result.save | Saved result text: /root/OUTPUT/result/LMI_B_007_data_20251019_103520/metrics/result_extra_20251019_103520.txt
2025-10-19 10:50:29 | INFO | EM | Precision: 0.8774 ± 0.0215
2025-10-19 10:50:29 | INFO | EM | Recall: 0.8825 ± 0.0240
2025-10-19 10:50:29 | INFO | EM | Confusion Matrix (sum): tn=2311, fp=329, fn=310, tp=2330
2025-10-19 10:50:29 | INFO | EM | All folds completed!
2025-10-19 10:50:29 | INFO | EM | ================================================================================
2025-10-19 10:50:29 | INFO | EM | RUN END   | run_id=20251019_103520 | run_name=LMI_B_007
2025-10-19 10:50:29 | INFO | EM | RESULT DIR: /root/OUTPUT/result/LMI_B_007_data_20251019_103520
2025-10-19 10:50:29 | INFO | EM | ================================================================================
